file,line,function,call,condition
cmd/backend-integration-stack/main.go,208,callHook,"http.Error(w, ""backend integration hooks are not ready"", http.StatusServiceUnavailable)",hooksHandler == nil
cmd/backend-integration-stack/main.go,219,callCourier,"http.Error(w, ""backend integration courier is not ready"", http.StatusServiceUnavailable)",courierHandler == nil
cmd/server/main.go,144,registerHealthRoutes,"http.Error(writer, ""not ready"", http.StatusServiceUnavailable)",ready == nil || ready(ctx) != nil
cmd/server/mcp_routes.go,15,registerMCPRoutes,"http.Error(response, http.StatusText(http.StatusMethodNotAllowed), http.StatusMethodNotAllowed)",request.Method != http.MethodGet && request.Method != http.MethodPost
internal/account/account_admin_lifecycle.go,30,accountBanTargetIdentity,errs.Internal(err),err != nil
internal/account/account_admin_lifecycle.go,33,accountBanTargetIdentity,"errs.InternalMsg(""target identity is required"")",identity == nil
internal/account/account_admin_lifecycle.go,37,accountBanTargetIdentity,errs.Internal(actorErr),actorErr != nil
internal/account/account_admin_lifecycle.go,100,BanAccount,errs.Wrap(err),"err := identitystate.WithMutation(ctx, s.db, identityID, func(
	mutationCtx context.Context,
	tx *gorm.DB,
) error {
	identity, err := s.accountBanTargetIdentity(mutationCtx, s.identity, identityID)
	if err != nil {
		return err
	}
	if identity.IsBanned() {
		return nil
	}
	if err := NewUserStateService(s.identity).Ban(mutationCtx, identityID, req.Msg.Reason, until); err != nil {
		return err
	}
	if s.auditWriter == nil {
		return nil
	}
	return domainaudit.AppendRequest(
		mutationCtx,
		tx,
		s.auditWriter,
		sharedtelemetry.AuditMemberUpdated,
		func(metadata sharedtelemetry.AuditMetadata) (sharedtelemetry.AuditRecord, error) {
			return sharedtelemetry.NewMemberBannedAuditRecord(metadata, req.Msg.MemberId)
		},
	)
}); err != nil"
internal/account/account_admin_lifecycle.go,158,SetAccountCanonicalEmail,errs.Internal(err),"err := s.appendRequestAudit(
	ctx,
	sharedtelemetry.AuditAccountUpdated,
	func(metadata sharedtelemetry.AuditMetadata) (sharedtelemetry.AuditRecord, error) {
		return sharedtelemetry.NewAccountCanonicalEmailUpdatedAuditRecord(
			metadata, req.Msg.MemberId, previous, current,
		)
	},
); err != nil"
internal/account/account_admin_lifecycle.go,182,RemoveAccountSsoProvider,"errs.Internal(fmt.Errorf(""load account social credential: %w"", err))",err != nil
internal/account/account_admin_lifecycle.go,185,RemoveAccountSsoProvider,"errs.Internal(fmt.Errorf(""load account social credential: identity is missing""))",identity == nil
internal/account/account_admin_lifecycle.go,201,RemoveAccountSsoProvider,errs.Internal(err),"err := s.appendRequestAudit(
	ctx,
	sharedtelemetry.AuditAccountUpdated,
	func(metadata sharedtelemetry.AuditMetadata) (sharedtelemetry.AuditRecord, error) {
		return sharedtelemetry.NewAccountSocialLoginRemovedAuditRecord(
			metadata, req.Msg.MemberId, provider, providerSubject,
		)
	},
); err != nil"
internal/account/account_admin_lifecycle.go,211,DeleteAccount,"errs.InternalMsg(""Member deletion lifecycle is unavailable"")",s.memberDeletion == nil
internal/account/account_admin_lifecycle.go,225,DeleteAccount,"errs.Internal(fmt.Errorf(""unonboarded Member deletion publisher is not configured""))",!publisherOK
internal/account/account_admin_lifecycle.go,231,DeleteAccount,errs.Internal(err),err != nil
internal/account/account_admin_lifecycle.go,270,DeleteAccount,errs.Internal(err),"err := scheduleImmediateUserDeletion(
	ctx,
	s.db,
	s.identity,
	s.publisher,
	s.spicedb,
	s.memberDeletion,
	req.Msg.MemberId,
	target.IdentityID,
	func(mutationCtx context.Context, tx *gorm.DB, previousState string) error {
		if s.auditWriter == nil {
			return nil
		}
		return domainaudit.AppendRequest(
			mutationCtx,
			tx,
			s.auditWriter,
			sharedtelemetry.AuditAccountUpdated,
			func(metadata sharedtelemetry.AuditMetadata) (sharedtelemetry.AuditRecord, error) {
				return sharedtelemetry.NewAccountDeletionScheduledAuditRecord(
					metadata, req.Msg.MemberId, sharedtelemetry.AuditState(previousState),
				)
			},
		)
	},
	s.memberEmails,
); err != nil"
internal/account/account_admin_roles.go,62,SetAccountRole,errs.Internal(err),err != nil
internal/account/account_lifecycle_deletion.go,32,RequestDeletion,"errs.InternalMsg(""Member deletion lifecycle is unavailable"")",s.memberDeletion == nil
internal/account/account_lifecycle_deletion.go,39,RequestDeletion,"errs.Internal(fmt.Errorf(""sync deletion Member email projection: %w"", err))","_, err := NewAccountEmailService(s.db, s.kratosClient, s.memberEmails).
	SyncMemberEmailProjection(ctx, identityID, nil, nil); err != nil"
internal/account/account_lifecycle_deletion.go,62,RequestDeletion,errs.Wrap(err),err != nil
internal/account/account_lifecycle_deletion.go,118,RequestDeletion,errs.Internal(err),"err := s.db.WithContext(ctx).Transaction(func(tx *gorm.DB) error {
	if err := identitystate.Lock(tx, identityID); err != nil {
		return err
	}
	var current model.UserDeletionRequest
	err := tx.Clauses(clause.Locking{Strength: ""UPDATE""}).Where(""member_id = ?::uuid AND identity_id = ?::uuid"", memberID, identityID).First(&current).Error
	if err == nil && (current.LifecycleState == accountLifecycleStateScheduled || current.LifecycleState == accountLifecycleStateRecoveryConfirmationPending) {
		alreadyScheduled = true
		return nil
	}
	if err != nil && err != gorm.ErrRecordNotFound {
		return err
	}
	if err == nil {
		previousAuditState = sharedtelemetry.AuditState(current.LifecycleState)
		if err := tx.Delete(&current).Error; err != nil {
			return err
		}
	}
	if err := tx.Create(&request).Error; err != nil {
		return err
	}
	if s.auditWriter == nil || previousAuditState == sharedtelemetry.AuditStateConfirmationPending {
		return nil
	}
	return domainaudit.AppendRequest(
		ctx,
		tx,
		s.auditWriter,
		sharedtelemetry.AuditAccountUpdated,
		func(metadata sharedtelemetry.AuditMetadata) (sharedtelemetry.AuditRecord, error) {
			return sharedtelemetry.NewAccountDeletionRequestedAuditRecord(metadata, memberID, previousAuditState)
		},
	)
}); err != nil"
internal/account/account_lifecycle_deletion.go,138,RequestDeletion,errs.Internal(err),"err := emailpkg.PublishCommand(ctx, s.publisher, job, ""account-deletion-confirm:""+tokenHash); err != nil"
internal/account/account_lifecycle_deletion.go,155,accountLifecycleNotificationIdentity,"errs.Internal(fmt.Errorf(""account lifecycle request is required""))",request == nil
internal/account/account_lifecycle_deletion.go,169,accountLifecycleTokenError,errs.Internal(err),
internal/account/account_lifecycle_deletion.go,253,ConfirmDeletion,"errs.Internal(fmt.Errorf(""converge scheduled deletion identity: %w"", err))","err := s.ensureScheduledIdentityInactive(ctx, request.ID, request.IdentityID); err != nil"
internal/account/account_lifecycle_deletion.go,257,ConfirmDeletion,"errs.Internal(fmt.Errorf(""scheduled deletion timestamp is missing""))",request.ScheduledAt == nil
internal/account/account_lifecycle_deletion.go,278,ConfirmDeletion,errs.Internal(err),"err := emailpkg.PublishCommand(ctx, s.publisher, job, ""account-deletion-scheduled:""+request.ID); err != nil"
internal/account/account_lifecycle_deletion.go,334,CancelDeletion,"errs.Internal(fmt.Errorf(""reactivate identity after deletion cancellation: %w"", err))","err := s.ensureTerminalIdentityActive(ctx, request.ID, request.IdentityID); err != nil"
internal/account/account_lifecycle_deletion.go,350,CancelDeletion,errs.Internal(err),"err := emailpkg.PublishCommand(ctx, s.publisher, job, ""account-deletion-cancelled:""+request.ID); err != nil"
internal/account/account_lifecycle_recovery.go,30,RequestRecovery,errs.Wrap(err),err != nil
internal/account/account_lifecycle_recovery.go,46,RequestRecovery,errs.Internal(err),"err := s.db.WithContext(ctx).
	Select(""identity_id"").
	Where(""lifecycle_state IN ? AND scheduled_at > ?"", []string{
		accountLifecycleStateScheduled,
		accountLifecycleStateRecoveryConfirmationPending,
	}, now).
	Where(""notification_email IS NOT NULL AND LOWER(notification_email) = ?"", requestedEmail).
	Take(&candidate).Error; err != nil"
internal/account/account_lifecycle_recovery.go,73,RequestRecovery,errs.Internal(err),"err := s.db.WithContext(ctx).Transaction(func(tx *gorm.DB) error {
	if err := identitystate.Lock(tx, candidate.IdentityID); err != nil {
		return err
	}
	err := tx.Clauses(clause.Locking{Strength: ""UPDATE""}).
		Where(""lifecycle_state IN ? AND scheduled_at > ?"", []string{
			accountLifecycleStateScheduled,
			accountLifecycleStateRecoveryConfirmationPending,
		}, now).
		Where(""notification_email IS NOT NULL AND LOWER(notification_email) = ?"", requestedEmail).
		First(&request).Error
	if errors.Is(err, gorm.ErrRecordNotFound) {
		return nil
	}
	if err != nil {
		return err
	}
	return tx.Model(&request).Updates(structured.Fields{
		""token"":		tokenHash,
		""token_expires_at"":	now.Add(DeletionTokenExpiry),
		""lifecycle_state"":	accountLifecycleStateRecoveryConfirmationPending,
		""updated_at"":		now,
	}).Error
}); err != nil"
internal/account/account_lifecycle_recovery.go,93,RequestRecovery,errs.Internal(err),"err := emailpkg.PublishCommand(ctx, s.publisher, job, ""account-recovery-confirm:""+tokenHash); err != nil"
internal/account/account_lifecycle_recovery.go,147,ConfirmRecovery,"errs.Internal(fmt.Errorf(""reactivate identity after recovery: %w"", err))","err := s.ensureTerminalIdentityActive(ctx, request.ID, request.IdentityID); err != nil"
internal/account/account_lifecycle_recovery.go,163,ConfirmRecovery,errs.Internal(err),"err := emailpkg.PublishCommand(ctx, s.publisher, job, ""account-recovery-complete:""+request.ID); err != nil"
internal/account/account_security_mutations.go,40,SetMyCanonicalEmail,errs.Internal(err),"err := s.appendRequestAudit(
	ctx,
	sharedtelemetry.AuditAccountUpdated,
	func(metadata sharedtelemetry.AuditMetadata) (sharedtelemetry.AuditRecord, error) {
		return sharedtelemetry.NewAccountCanonicalEmailUpdatedAuditRecord(
			metadata, p.MemberID.String(), previous, current,
		)
	},
); err != nil"
internal/account/account_security_mutations.go,74,RequestEmailChange,errs.Internal(err),err != nil
internal/account/account_security_mutations.go,101,RevokeMySession,errs.Internal(err),"err := s.db.WithContext(ctx).Raw(`SELECT EXISTS(SELECT 1 FROM kratos.sessions WHERE id=?::uuid AND identity_id=?::uuid AND active=TRUE AND expires_at>NOW())`, req.Msg.SessionId, p.IdentityID.String()).Scan(&owned).Error; err != nil"
internal/account/account_security_mutations.go,107,RevokeMySession,errs.Internal(err),"err := s.identity.DeleteSession(ctx, req.Msg.SessionId); err != nil"
internal/account/account_security_mutations.go,121,RevokeMySession,errs.Internal(err),"err := s.appendRequestAudit(
	ctx,
	sharedtelemetry.AuditAccountUpdated,
	func(metadata sharedtelemetry.AuditMetadata) (sharedtelemetry.AuditRecord, error) {
		return sharedtelemetry.NewAccountSessionRevokedAuditRecord(
			metadata,
			p.MemberID.String(),
			sharedtelemetry.AccountSessionScopeOne,
			[]string{req.Msg.SessionId},
		)
	},
); err != nil"
internal/account/account_security_mutations.go,145,RevokeMyOtherSessions,errs.Internal(err),err != nil
internal/account/account_security_mutations.go,160,RevokeMyOtherSessions,errs.Internal(err),"err := s.appendRequestAudit(
	ctx,
	sharedtelemetry.AuditAccountUpdated,
	func(metadata sharedtelemetry.AuditMetadata) (sharedtelemetry.AuditRecord, error) {
		return sharedtelemetry.NewAccountSessionRevokedAuditRecord(
			metadata,
			p.MemberID.String(),
			sharedtelemetry.AccountSessionScopeOthers,
			revokedSessionIDs,
		)
	},
); err != nil"
internal/account/account_security_read.go,23,deliveryPrimaryEmailForIdentity,"errs.Internal(fmt.Errorf(""member email projection is required""))",s.memberEmails == nil
internal/account/account_security_read.go,30,deliveryPrimaryEmailForIdentity,errs.Internal(err),err != nil
internal/account/account_security_read.go,46,securityForIdentity,"errs.Internal(fmt.Errorf(""read account identity: %w"", err))",err != nil || identity == nil
internal/account/account_security_read.go,53,securityForIdentity,"errs.Internal(fmt.Errorf(""read account passkeys: %w"", err))",err != nil || passkeyIdentity == nil
internal/account/account_security_read.go,61,securityForIdentity,"errs.Internal(fmt.Errorf(""member primary email is not synchronized with the canonical account email""))","canonicalEmail == """" || emailutil.NormalizeAddressForDelivery(deliveryPrimaryEmail) != canonicalEmail"
internal/account/account_security_read.go,65,securityForIdentity,"errs.Internal(fmt.Errorf(""read account email-code credential: %w"", err))",err != nil || codeIdentity == nil
internal/account/account_security_read.go,105,securityForIdentity,errs.Internal(err),"err := s.db.WithContext(ctx).Raw(`
		SELECT CAST(id AS text) AS id, active, authenticated_at, expires_at
		FROM kratos.sessions
		WHERE identity_id = ?
		  AND active = TRUE
		  AND expires_at > CURRENT_TIMESTAMP
		ORDER BY authenticated_at DESC, id DESC
	`, identityID).Scan(&sessions).Error; err != nil"
internal/account/account_security_read.go,172,setIdentityCanonicalEmail,"errs.Internal(fmt.Errorf(""confirm canonical account email: %w"", err))",err != nil
internal/account/account_security_read.go,175,setIdentityCanonicalEmail,"errs.Internal(fmt.Errorf(""confirm canonical account email: identity is missing""))",after == nil
internal/account/account_security_read.go,179,setIdentityCanonicalEmail,"errs.Internal(fmt.Errorf(""canonical account email did not converge""))",current != normalized
internal/account/account_security_read.go,198,accountCanonicalEmailMutationError,errs.Internal(err),
internal/account/account_service.go,320,accountSummariesForMembers,errs.Internal(err),err != nil
internal/account/account_service.go,350,accountSummaryForMember,errs.Internal(err),err != nil
internal/account/account_service.go,361,accountSummaryForMember,errs.Internal(err),err != nil
internal/account/account_service.go,400,sessionSummaryForMember,errs.Internal(result.Error),result.Error != nil
internal/account/account_service.go,409,sessionSummaryForMember,errs.Internal(err),err != nil
internal/account/newsletter_handlers.go,23,SetMyNewsletterSubscription,errs.Internal(err),"err := s.mutateNewsletterSubscriptionWithAudit(
	ctx, principal.IdentityID.String(), principal.MemberID.String(), req.Msg.GetSubscribed(),
); err != nil"
internal/account/newsletter_handlers.go,26,SetMyNewsletterSubscription,"errs.InternalMsg(""member newsletter subscription is unavailable"")",s.newsletter == nil
internal/account/newsletter_handlers.go,30,SetMyNewsletterSubscription,errs.Internal(err),err != nil
internal/account/newsletter_handlers.go,49,UnsubscribeAccountFromNewsletter,errs.Internal(err),"err := s.mutateNewsletterSubscriptionWithAudit(ctx, identityID, memberID, false); err != nil"
internal/account/newsletter_handlers.go,61,mutateNewsletterSubscriptionWithAudit,"errs.InternalMsg(""member newsletter subscription is unavailable"")",s.newsletter == nil
internal/account/user_state_service.go,27,Ban,errs.Internal(err),err != nil
internal/account/user_state_service.go,30,Ban,"errs.InternalMsg(""identity is required"")",identity == nil
internal/account/user_state_service.go,49,Ban,errs.Internal(err),"err := s.identityManager.SetIdentityState(ctx, userID, auth.KratosStateInactive); err != nil"
internal/account/user_state_service.go,52,Ban,errs.Internal(err),"err := s.identityManager.UpdateIdentityMetadataAdmin(ctx, userID, metadataAdmin); err != nil"
internal/account/user_state_service.go,55,Ban,errs.Internal(err),"err := s.identityManager.DeleteIdentitySessions(ctx, userID); err != nil"
internal/account/user_state_service.go,63,ClearBan,errs.Internal(err),err != nil
internal/account/user_state_service.go,66,ClearBan,"errs.InternalMsg(""identity is required"")",identity == nil
internal/account/user_state_service.go,73,ClearBan,errs.Internal(err),"err := s.identityManager.SetIdentityState(ctx, userID, auth.KratosStateActive); err != nil"
internal/account/user_state_service.go,76,ClearBan,errs.Internal(err),"err := s.identityManager.UpdateIdentityMetadataAdmin(ctx, userID, metadataAdmin); err != nil"
internal/adapters/account/personal_access_token_handler.go,259,personalAccessTokenMetadataProto,"errs.Internal(fmt.Errorf(""stored personal access token has an invalid creation time""))",err := createdAt.CheckValid(); err != nil
internal/adapters/account/personal_access_token_handler.go,273,personalAccessTokenServiceError,"errs.Internal(fmt.Errorf(""personal access token service rejected server-derived input""))",
internal/adapters/account/personal_access_token_handler.go,279,personalAccessTokenServiceError,errs.Internal(err),
internal/adapters/account/settings_hooks.go,89,AfterSettings,"http.Error(w, ""Missing identity_id or flow_id"", http.StatusBadRequest)","errors.Is(err, account.ErrAccountSettingsHookInput)"
internal/adapters/account/settings_hooks.go,143,AfterVerification,"http.Error(w, ""Missing identity_id or flow_id"", http.StatusBadRequest)","errors.Is(err, account.ErrAccountSettingsHookInput)"
internal/adapters/aidocument/handler.go,195,invalidArgument,"connect.NewError(connect.CodeInvalidArgument, err)",
internal/adapters/artist/translation.go,75,RequireDocumentContributors,"errs.Internal(fmt.Errorf(""lock Artist save contributor Members: %w"", err))","err := tx.WithContext(ctx).Table(""member"").Clauses(clause.Locking{Strength: ""KEY SHARE""}).Select(""id::text"").Where(""id IN ?"", contributors).Find(&locked).Error; err != nil"
internal/adapters/authentication/http_hooks.go,85,AfterLogin,"http.Error(w, ""Missing identity_id"", http.StatusBadRequest)","errors.Is(err, authentication.ErrLoginHookInput)"
internal/adapters/authentication/http_hooks.go,90,AfterLogin,"http.Error(w, responseMessage, http.StatusInternalServerError)",err != nil
internal/adapters/collaboration/runtime.go,75,Authorize,"errs.InternalMsg(""collaboration resource root reader is not configured"")",a.readRoot == nil
internal/adapters/collaboration/runtime.go,82,Authorize,"errs.Internal(fmt.Errorf(""load collaboration resource root: %w"", err))",err != nil
internal/adapters/collaboration/runtime.go,109,AuthorizeInTx,"errs.InternalMsg(""collaboration resource root reader is not configured"")",tx == nil || a.readRoot == nil
internal/adapters/collaboration/runtime.go,113,AuthorizeInTx,"errs.Internal(fmt.Errorf(""load collaboration resource root: %w"", err))",err != nil
internal/adapters/collaboration/runtime.go,341,ResolveActiveSubjects,errs.Internal(err),"err := tx.WithContext(ctx).
	Table(""member AS member"").
	Joins(`JOIN kratos.identities AS identity
			ON identity.id = member.account_identity_id
			AND identity.external_id = CAST(member.id AS text)
			AND identity.state = ?
			AND LOWER(COALESCE(identity.metadata_admin ->> 'banned', 'false')) NOT IN ('true', '1')`, ""active"").
	Clauses(clause.Locking{Strength: ""SHARE""}).
	Select(""CAST(member.id AS text) AS member_id, CAST(member.account_identity_id AS text) AS account_identity_id"").
	Where(""member.id IN ? AND member.deleted_at IS NULL AND member.onboarded = ? AND member.account_identity_id IS NOT NULL"", memberIDs, true).
	Find(&rows).Error; err != nil"
internal/adapters/emailauthoring/campaign_delivery.go,127,requireMutable,errs.Internal(err),"err := tx.WithContext(ctx).Table(""email_delivery_run"").
	Where(column+"" = ? AND status IN ?"", sourceID, activeDeliveryStatuses).
	Count(&count).Error; err != nil"
internal/adapters/emaildelivery/ses_events.go,129,ServeHTTP,"http.Error(w, ""method not allowed"", http.StatusMethodNotAllowed)",r.Method != http.MethodPost
internal/adapters/emaildelivery/ses_events.go,133,ServeHTTP,"http.Error(w, ""SES event callback is not configured"", http.StatusServiceUnavailable)","h == nil || h.verifier == nil || h.processor == nil || strings.TrimSpace(h.topicARN) == """""
internal/adapters/emaildelivery/ses_events.go,138,ServeHTTP,"http.Error(w, ""invalid SNS message body"", http.StatusBadRequest)",err != nil
internal/adapters/emaildelivery/ses_events.go,143,ServeHTTP,"http.Error(w, ""invalid SNS message"", http.StatusBadRequest)","err := json.Unmarshal(body, &envelope); err != nil"
internal/adapters/emaildelivery/ses_events.go,147,ServeHTTP,"http.Error(w, ""SNS message type mismatch"", http.StatusBadRequest)","headerType := strings.TrimSpace(r.Header.Get(""x-amz-sns-message-type"")); headerType != """" && headerType != envelope.Type"
internal/adapters/emaildelivery/ses_events.go,153,ServeHTTP,"http.Error(w, ""invalid SNS signature"", http.StatusUnauthorized)","err := h.verifier.Verify(r.Context(), envelope); err != nil"
internal/adapters/emaildelivery/ses_events.go,160,ServeHTTP,"http.Error(w, ""SNS subscription confirmer is unavailable"", http.StatusServiceUnavailable)",h.confirmer == nil
internal/adapters/emaildelivery/ses_events.go,166,ServeHTTP,"http.Error(w, ""SNS subscription confirmation failed"", http.StatusBadGateway)","err := h.confirmer.Confirm(r.Context(), envelope.SubscribeURL); err != nil"
internal/adapters/emaildelivery/ses_events.go,174,ServeHTTP,"http.Error(w, ""invalid SES notification"", http.StatusBadRequest)","err := json.Unmarshal([]byte(envelope.Message), &notification); err != nil"
internal/adapters/emaildelivery/ses_events.go,180,ServeHTTP,"http.Error(w, ""invalid SES notification"", http.StatusBadRequest)",err != nil
internal/adapters/emaildelivery/ses_events.go,186,ServeHTTP,"http.Error(w, ""SES callback processing failed"", http.StatusInternalServerError)","err := h.processor.ProcessProviderNotification(r.Context(), providerNotification); err != nil"
internal/adapters/emaildelivery/ses_events.go,194,ServeHTTP,"http.Error(w, ""unsupported SNS message type"", http.StatusBadRequest)",
internal/adapters/kratoswebhook/http.go,34,Decode,"http.Error(w, ""Invalid request body"", http.StatusBadRequest)",err := json.NewDecoder(r.Body).Decode(destination); err != nil
internal/adapters/kratoswebhook/http.go,44,RequirePost,"http.Error(w, ""Method not allowed"", http.StatusMethodNotAllowed)",
internal/adapters/label/public.go,64,LoadSourceTitles,errs.Internal(err),"err := tx.WithContext(ctx).Table(""label_translation AS localized"").
	Select(""localized.entity_id, localized.title"").
	Joins(`JOIN label AS source
		       ON source.id = localized.entity_id
		      AND source.source_locale = localized.locale`).
	Where(""localized.entity_id IN ?"", labelIDs).Scan(&rows).Error; err != nil"
internal/adapters/label/public.go,99,LoadDocument,"errs.Internal(errors.New(""label content document source locale does not match translation authority""))",snapshot.SourceLocale != source.Locale
internal/adapters/label/public.go,127,Require,errs.Internal(err),err != nil
internal/adapters/label/public.go,131,Require,errs.Internal(err),err != nil
internal/adapters/label/public.go,135,Require,"errs.Internal(fmt.Errorf(""check Label draft view permission: %w"", err))",err != nil
internal/adapters/label/public.go,163,ReadyForSourceFiles,errs.Internal(err),"err := query.Order(""source_file_id ASC, created_at DESC, id DESC"").Find(&assets).Error; err != nil"
internal/adapters/label/public.go,187,ReadyForAssetIDs,errs.Internal(err),"err := tx.WithContext(ctx).Where(""id IN ? AND status = ?"", ids, model.PublicAssetStatusReady).Find(&assets).Error; err != nil"
internal/adapters/label/translation.go,74,RequireDocumentContributors,"errs.Internal(fmt.Errorf(""lock Label save contributor Members: %w"", err))","err := tx.WithContext(ctx).Table(""member"").Clauses(clause.Locking{Strength: ""KEY SHARE""}).Select(""id::text"").Where(""id IN ?"", contributors).Find(&locked).Error; err != nil"
internal/adapters/mcp/gateway_authentication.go,169,writeAuthenticationHTTPError,"http.Error(response, http.StatusText(status), status)",
internal/adapters/menu/site_settings.go,38,ClearMenuReferences,errs.Internal(err),"err := tx.WithContext(ctx).Clauses(clause.Locking{Strength: ""UPDATE""}).First(&settings, ""id = ?"", 1).Error; err != nil"
internal/adapters/menu/site_settings.go,62,ClearMenuReferences,errs.Internal(err),"err := tx.WithContext(ctx).Model(&model.SiteSettings{}).Where(""id = ?"", 1).Updates(updates).Error; err != nil"
internal/adapters/menu/targets.go,85,validateAndLockTargetKind,"errs.Internal(fmt.Errorf(""validate menu %s targets: %w"", targetName, err))","err := query.Order(""id ASC"").Find(&rows).Error; err != nil"
internal/adapters/page/runtime/public_access.go,78,RequirePageShareLinkAccess,"errs.Internal(fmt.Errorf(""validate page share link: %w"", err))",err != nil
internal/adapters/post/files.go,94,ResolveAuthorizedContentBlockMedia,errs.Internal(err),err != nil
internal/adapters/release/assets.go,65,ReadyAssets,errs.Internal(err),"err := db.WithContext(ctx).
	Where(""id IN ? AND status = ?"", assetIDs, model.PublicAssetStatusReady).
	Find(&assets).Error; err != nil"
internal/adapters/series/public/reader.go,59,List,errs.Internal(err),err := query.Count(&total).Error; err != nil
internal/adapters/series/public/reader.go,68,List,errs.Internal(err),"err := queryutil.ApplyPagination(query, pagination).Find(&rows).Error; err != nil"
internal/adapters/series/public/reader.go,93,Get,errs.Internal(err),err := query.Take(&row).Error; err != nil
internal/adapters/series/public/reader.go,120,projectSeriesRows,errs.Internal(err),err != nil
internal/adapters/series/public/reader.go,137,projectSeriesRows,errs.Internal(err),err != nil
internal/adapters/series/public/reader.go,149,projectSeriesRows,errs.Internal(err),err != nil
internal/adapters/series/public/reader.go,156,projectSeriesRows,"errs.InternalMsg(""published series is missing localized title"")",selection.Title == nil
internal/adapters/sharelink/authority.go,209,loadTargetState,errs.Internal(err),err := query.Take(&state).Error; err != nil
internal/adapters/sharelink/authority.go,329,appendLegalAudit,errs.Internal(err),"err := tx.WithContext(ctx).Table(table).Clauses(clause.Locking{Strength: ""UPDATE""}).Select(""version"").Where(""id = ?"", entityID).Take(&row).Error; err != nil"
internal/adapters/sitesettings/assets.go,47,ValidateAttachment,"errs.Internal(fmt.Errorf(""site setting upload config is missing for %s"", key))",config == nil
internal/adapters/sitesettings/assets.go,55,ValidateAttachment,errs.Internal(err),"err := db.WithContext(ctx).Select(""id"", ""mime_type"", ""file_size"").
	Where(""id = ?"", strings.TrimSpace(fileID)).Take(&file).Error; err != nil"
internal/adapters/sitesettings/references.go,36,Validate,errs.Internal(err),"err := db.WithContext(ctx).Clauses(clause.Locking{Strength: ""SHARE""}).
	Select(""id"", ""status"").Where(""id = ?"", id).Take(&page).Error; err != nil"
internal/adapters/sitesettings/references.go,49,Validate,errs.Internal(err),"err := db.WithContext(ctx).Clauses(clause.Locking{Strength: ""SHARE""}).
	Select(""id"").Where(""id = ?"", id).Take(&menu).Error; err != nil"
internal/adapters/translation/creative_interchange.go,58,projectCreativeInterchangeTarget,"errs.InternalMsg(""creative target Blocks exist without owning locale metadata"")",!exists && len(document.GetLocaleOverlay().GetBlocks()) != 0
internal/adapters/translation/domain_menu.go,59,prepareMenuSourceLocale,errs.Internal(err),err != nil
internal/adapters/translation/domain_menu.go,72,prepareMenuSourceLocale,errs.Internal(result.Error),result.Error != nil
internal/adapters/translation/domain_shared.go,37,sourceLocaleAudit,"errs.InternalMsg(""translation source-locale Audit writer is required"")",auditWriter == nil
internal/adapters/translation/domain_shared.go,64,legalSourceLocaleAudit,"errs.InternalMsg(""translation source-locale Audit writer is required"")",auditWriter == nil
internal/adapters/translation/domain_shared.go,75,legalSourceLocaleAudit,errs.Internal(err),"err := tx.WithContext(ctx).Table(table).
	Clauses(clause.Locking{Strength: ""UPDATE""}).
	Select(""version"").Where(""id = ?"", entityID).Take(&row).Error; err != nil"
internal/adapters/translation/domain_shared.go,98,prepareScalarSourceLocale,errs.Internal(result.Error),result.Error != nil
internal/adapters/translation/domain_shared.go,132,requireJobEdit,"errs.Internal(fmt.Errorf(""check translation entity permission: %w"", err))",err != nil
internal/adapters/translation/domain_shared.go,165,genericInterchangeView,errs.Internal(err),"err := tx.WithContext(ctx).Table(definition.RootTable).
	Clauses(clause.Locking{Strength: ""SHARE""}).
	Select(columns).Where(""id = ?"", entityID).Take(&root).Error; err != nil"
internal/adapters/translation/domain_shared.go,201,genericSourceLocaleEdit,errs.Internal(err),"err := tx.WithContext(ctx).Table(definition.RootTable).Select(""status"").
	Where(""id = ?::uuid"", entityID).Take(&root).Error; err != nil"
internal/adapters/translation/domain_shared.go,218,requireActiveTranslationPrincipal,errs.Internal(err),err != nil
internal/adapters/translation/domain_shared.go,233,requireTranslationPermission,"errs.InternalMsg(""translation domain action is not configured"")",action == nil
internal/adapters/translation/email_template_interchange.go,157,projectEmailRichTextInterchangeTarget,"errs.InternalMsg(""Email Rich Text target Blocks exist without owning locale metadata"")",!exists && len(document.GetLocaleOverlay().GetBlocks()) != 0
internal/adapters/translation/legal_interchange.go,121,ApplyTranslationInterchange,"connect.NewError(
	connect.CodeAborted,
	errors.New(""legal source document changed; rebuild the XLIFF manifest""),
)",command.Source.ContentDocumentRevision != raw.Revision
internal/adapters/translation/legal_interchange.go,131,ApplyTranslationInterchange,"connect.NewError(connect.CodeAborted, err)","errors.As(err, &conflict)"
internal/adapters/translation/legal_interchange.go,133,ApplyTranslationInterchange,errs.Internal(err),"err := core.ValidateExpectedTargetRevision(
	command.ExpectedRevision, current.state.Revision, current.state.Exists,
); err != nil"
internal/adapters/translation/legal_interchange.go,141,ApplyTranslationInterchange,"connect.NewError(
	connect.CodeAborted,
	errors.New(""legal content changed; reload before importing""),
)","errors.As(err, &revisionConflict)"
internal/adapters/translation/legal_interchange.go,156,ApplyTranslationInterchange,"errs.InternalMsg(
	""Legal translation interchange returned an incoherent content revision"",
)",domainResult.Revision != accepted.Revision
internal/adapters/translation/legal_interchange.go,165,ApplyTranslationInterchange,"errs.InternalMsg(
	""Legal translation interchange did not create its target locale"",
)","!after.state.Exists || strings.TrimSpace(after.state.Revision) == """""
internal/adapters/translation/legal_interchange.go,170,ApplyTranslationInterchange,"errs.InternalMsg(
	""Legal translation interchange returned an incoherent target revision"",
)",domainResult.TargetRevision == nil || *domainResult.TargetRevision != after.state.Revision
internal/adapters/translation/legal_interchange.go,279,projectLegalInterchangeTarget,"errs.InternalMsg(
	""Legal target values exist without an owning translation locale"",
)",raw.LocaleUpdatedAt != nil || raw.Title != nil || len(document.GetLocaleOverlay().GetBlocks()) != 0
internal/adapters/translation/legal_interchange.go,298,projectLegalInterchangeTarget,errs.Internal(err),err != nil
internal/adapters/translation/legal_interchange.go,382,validateLegalInterchangeTargetOnlyBatch,"errs.InternalMsg(""Legal XLIFF mutation must change only the requested target locale"")","len(batch.Upserts) != 0 || len(batch.Deletes) != 0 || len(batch.Reorders) != 0 ||
	len(batch.LocaleGroups) != 1 || batch.LocaleGroups[0].Locale != targetLocale"
internal/adapters/translation/post_interchange.go,136,loadPostInterchangeTarget,errs.Internal(err),"err := db.WithContext(ctx).Table(""post"").Select(""content_document_id"").
	Where(""id = ?"", entityID).Take(&root).Error; err != nil"
internal/adapters/translation/post_interchange.go,162,loadPostInterchangeTarget,errs.Internal(query.Error),"query.Error != nil && !errors.Is(query.Error, gorm.ErrRecordNotFound)"
internal/adapters/translation/post_interchange.go,166,loadPostInterchangeTarget,"errs.InternalMsg(""Post target Blocks exist without owning locale metadata"")",!exists && len(localized.GetLocaleOverlay().GetBlocks()) != 0
internal/adapters/translation/post_interchange.go,183,loadPostInterchangeTarget,errs.Internal(err),err != nil
internal/adapters/translation/post_program_event_interchange.go,40,requireTranslationInterchangeRevision,"connect.NewError(connect.CodeAborted, errors.New(""translation target was created; reload before importing""))",state.Exists
internal/adapters/translation/post_program_event_interchange.go,45,requireTranslationInterchangeRevision,"connect.NewError(connect.CodeAborted, errors.New(""translation target revision changed; reload before importing""))",!state.Exists || state.Revision != *expected
internal/adapters/translation/program_event_interchange.go,141,loadProgramEventInterchangeTarget,errs.Internal(err),"err := db.WithContext(ctx).Table(""program_event"").Select(""content_document_id"").
	Where(""id = ?"", entityID).Take(&root).Error; err != nil"
internal/adapters/translation/program_event_interchange.go,165,loadProgramEventInterchangeTarget,errs.Internal(query.Error),"query.Error != nil && !errors.Is(query.Error, gorm.ErrRecordNotFound)"
internal/adapters/translation/program_event_interchange.go,169,loadProgramEventInterchangeTarget,"errs.InternalMsg(""Program Event target Blocks exist without owning locale metadata"")",!exists && len(localized.GetLocaleOverlay().GetBlocks()) != 0
internal/adapters/translation/registry.go,150,loadProviderLocaleFence,errs.Internal(result.Error),result.Error != nil
internal/adapters/translation/registry.go,189,loadProviderLocaleFence,errs.Internal(err),err != nil
internal/adapters/translation/registry.go,287,LockRoot,errs.Internal(result.Error),result.Error != nil
internal/adapters/translation/registry.go,484,RequireDocumentContributors,errs.Internal(err),"err := tx.WithContext(ctx).Table(""member"").
	Clauses(clause.Locking{Strength: ""KEY SHARE""}).
	Select(""id::text"").
	Where(""id IN ?"", contributors).
	Find(&locked).Error; err != nil"
internal/adapters/translation/release_interchange.go,101,ApplyTranslationInterchange,"connect.NewError(connect.CodeAborted, errors.New(""translation target revision changed; reload before importing""))","errors.As(err, &conflict)"
internal/adapters/translation/scalar_interchange.go,36,mapScalarInterchangeDomainError,"connect.NewError(connect.CodeAborted, err)","errors.As(err, &conflict)"
internal/admin/service.go,65,checkAdminAccess,errs.Internal(err),err != nil
internal/admin/service.go,89,GetDashboardStats,errs.Internal(err),"err := s.db.Raw(`
		SELECT COUNT(*)
		FROM member
		JOIN kratos.identities AS identity
		  ON identity.id = member.account_identity_id
		WHERE member.deleted_at IS NULL
		  AND identity.state = ?
		  AND COALESCE((identity.metadata_admin->>'banned')::boolean, FALSE) = FALSE
	`, auth.KratosStateActive).Scan(&memberCount).Error; err != nil"
internal/admin/service.go,94,GetDashboardStats,errs.Internal(err),"err := s.db.Table(""post"").Count(&postCount).Error; err != nil"
internal/admin/service.go,99,GetDashboardStats,errs.Internal(err),"err := s.db.Table(""page"").Count(&pageCount).Error; err != nil"
internal/admin/service.go,104,GetDashboardStats,errs.Internal(err),"err := s.db.Table(""comment"").Where(""is_deleted = false"").Count(&commentCount).Error; err != nil"
internal/admin/service.go,109,GetDashboardStats,errs.Internal(err),"err := s.db.Table(""campaign"").Count(&campaignCount).Error; err != nil"
internal/ai/metadata_job_requester.go,74,StartJob,"errs.Internal(fmt.Errorf(""failed to queue metadata AI job: %w"", err))","err := m.db.WithContext(ctx).Transaction(func(tx *gorm.DB) error {
	if err := tx.Create(job).Error; err != nil {
		return fmt.Errorf(""failed to create metadata AI job: %w"", err)
	}
	return publishDurableProtoInTransaction(
		ctx,
		m.asyncPublisher,
		tx,
		eventpkg.QueueAiMetadataGenerate,
		job.ID,
		&managev1.MetadataGenerationQueueEvent{JobId: job.ID},
	)
}); err != nil"
internal/ai/metadata_job_requester.go,134,ResolveJobForRequester,"errs.Internal(fmt.Errorf(""failed to resolve metadata AI job: %w"", result.Error))",result.Error != nil
internal/ai/metadata_job_requester.go,171,loadJobForRequester,"errs.Internal(fmt.Errorf(""failed to load metadata AI job: %w"", err))","err := m.db.WithContext(ctx).First(&job, ""id = ?"", jobID).Error; err != nil"
internal/aieditor/service.go,531,reserveTurn,"connect.NewError(connect.CodeResourceExhausted, errors.New(""too many active AI editor turns""))",len(s.turns) >= maxActiveTurns
internal/artist/ai_document_load.go,21,LoadAIDocumentState,"errs.Internal(errors.New(""artist AI document dependencies are not configured""))",s == nil || s.db == nil || s.spiceDB == nil || s.contentBlocks == nil
internal/artist/ai_document_load.go,44,LoadAIDocumentState,"errs.InternalMsg(""Artist has an unsupported lifecycle status"")",!valid
internal/artist/ai_document_load.go,83,loadArtistAIDocumentRoot,errs.Internal(err),err := query.Take(&root).Error; err != nil
internal/artist/ai_document_mutation.go,33,ExecuteAIDocumentMutation,"errs.Internal(errors.New(""artist AI document dependencies are not configured""))",s == nil || s.db == nil || s.spiceDB == nil || s.contentBlocks == nil || s.translation == nil || s.runtime == nil
internal/artist/ai_document_mutation.go,58,ExecuteAIDocumentMutation,"errs.InternalMsg(""Artist has an unsupported lifecycle status"")","_, valid := artistAIDocumentLifecycle(root.Status); !valid"
internal/artist/ai_document_mutation.go,196,appendAIDocumentAudit,"errs.InternalMsg(""Artist AI document audit writer is not configured"")",s.auditWriter == nil
internal/artist/ai_document_mutation.go,211,appendAIDocumentTargetLocaleAudit,"errs.InternalMsg(""Artist AI document audit writer is not configured"")",s.auditWriter == nil
internal/artist/ai_document_mutation.go,288,artistAuthorizedAIDocumentFence,errs.Internal(err),"err := tx.WithContext(ctx).Table(""artist_translation"").Where(""entity_id = ?::uuid AND locale = ?"", root.ID, locale).Count(&count).Error; err != nil"
internal/artist/ai_document_mutation.go,293,artistAuthorizedAIDocumentFence,errs.Internal(err),"err := tx.WithContext(ctx).Table(""content_document"").Select(""revision"").Where(""id = ?"", documentID).Scan(&current).Error; err != nil"
internal/artist/ai_document_mutation.go,305,requireArtistAIDocumentMutationAuthority,errs.Internal(err),err != nil
internal/artist/authorization.go,66,requireArtistCreate,errs.Internal(err),err != nil
internal/artist/authorization.go,74,requireArtistList,errs.Internal(err),err != nil
internal/artist/authorization.go,101,lockArtistParticipantRoot,errs.Internal(err),"err := tx.WithContext(ctx).Table(""artist"").Clauses(clause.Locking{Strength: ""UPDATE""}).Select(""id"").Where(""id = ?::uuid"", artistID).Take(&row).Error; err != nil"
internal/artist/authorization.go,110,lockActiveArtistPrincipal,"errs.Internal(fmt.Errorf(""lock Artist mutation principal: %w"", err))",err != nil
internal/artist/authorization.go,187,mapArtistParticipantMutationError,errs.Internal(err),
internal/artist/content.go,113,loadCreativeSourceTitle,errs.Internal(err),"err := db.WithContext(ctx).
	Table(table).
	Select(""title"").
	Where(""entity_id = ? AND locale = ?"", entityID, locale).
	Take(&row).Error; err != nil"
internal/artist/content.go,177,loadCreativeLocaleMetadataState,errs.Internal(result.Error),result.Error != nil
internal/artist/content.go,203,updateCreativeLocaleTitle,"errs.Internal(errors.New(""content Block store is not configured""))",store == nil
internal/artist/content.go,331,loadCreativeDocumentAuthorityWithStrength,errs.Internal(err),err != nil
internal/artist/content.go,345,loadCreativeDocumentAuthorityWithStrength,errs.Internal(err),err != nil
internal/artist/content.go,361,loadCreativeContentSnapshotInTransaction,"errs.Internal(errors.New(""content Block store is not configured""))",store == nil
internal/artist/content.go,380,loadCreativeContentSnapshotInTransaction,"errs.Internal(errors.New(""content document source locale does not match translation authority""))",strings.TrimSpace(snapshot.SourceLocale) != source.SourceLocale
internal/artist/content.go,445,loadCreativeContentBlockBootstrap,"errs.Internal(errors.New(""content Block store is not configured""))",store == nil
internal/artist/content.go,462,loadCreativeContentBlockBootstrap,"errs.Internal(fmt.Errorf(""resolve %s collaboration principal: %w"", entityType, err))",err != nil
internal/artist/content.go,501,loadCreativeContentBlockBootstrap,"errs.Internal(errors.New(""content document source locale does not match translation authority""))",snapshot.SourceLocale != source.SourceLocale
internal/artist/content.go,553,creativeContentDocumentFence,"errs.Internal(errors.New(""content document authorization is required""))",authorize == nil
internal/artist/content.go,573,creativeContentCreationFence,"errs.Internal(errors.New(""content document authorization is required""))",authorize == nil
internal/artist/content.go,593,lockCreativeTranslationSourceContext,errs.Internal(err),err != nil
internal/artist/content.go,604,lockCreativeTranslationSourceContext,errs.Internal(err),"err := tx.WithContext(ctx).
	Clauses(clause.Locking{Strength: ""UPDATE""}).
	Table(table).
	Select(""source_locale"").
	Where(""id = ?"", entityID).
	Take(&source).Error; err != nil"
internal/artist/content.go,637,normalizeCreativeContentBlockError,"errs.Internal(fmt.Errorf(""%s content document: %w"", entityType, err))",
internal/artist/content.go,706,loadCreativeContentDocumentIDWithStrength,"errs.Internal(errors.New(""content document database is required""))",db == nil
internal/artist/content.go,710,loadCreativeContentDocumentIDWithStrength,errs.Internal(err),err != nil
internal/artist/content.go,724,loadCreativeContentDocumentIDWithStrength,errs.Internal(err),err := query.Take(&root).Error; err != nil
internal/artist/content.go,731,loadCreativeContentDocumentIDWithStrength,"errs.Internal(fmt.Errorf(""invalid %s content_document_id: %w"", entityType, err))",err != nil
internal/artist/deletion.go,42,PreviewDeleteArtist,errs.Internal(err),err != nil
internal/artist/document_metadata.go,226,UpdateArtistDocumentMetadata,"errs.InternalMsg(""Artist content Block store is not configured"")",s.contentBlocks == nil
internal/artist/document_metadata.go,359,UpdateArtistDocumentMetadata,errs.Internal(err),err != nil
internal/artist/document_metadata.go,386,loadCreativeDocumentParent,errs.Internal(result.Error),result.Error != nil
internal/artist/images.go,171,replaceArtistImages,errs.Internal(err),err != nil
internal/artist/internal_service.go,164,LoadArtistBlockDocument,errs.Internal(err),err != nil
internal/artist/internal_service.go,442,loadArtistDocumentMetadata,errs.Internal(err),"err := db.WithContext(ctx).
	Select(""id"", ""real_name"", ""country_code"", ""website"", ""social_links"", ""slug"", ""parent_artist_id"").
	Where(""id = ?"", artistID).
	Take(&artist).Error; err != nil"
internal/artist/internal_service.go,451,loadArtistDocumentMetadata,errs.Internal(err),"err := db.WithContext(ctx).
	Table(""artist_label"").
	Select(""label_id::text"").
	Where(""artist_id = ?"", artistID).
	Order(""label_id ASC"").
	Scan(&labelIDs).Error; err != nil"
internal/artist/my_list.go,69,ListMyArtists,errs.Internal(err),err := query.Count(&total).Error; err != nil
internal/artist/my_list.go,89,ListMyArtists,errs.Internal(err),err := query.Limit(int(limit)).Offset(int(offset)).Find(&artists).Error; err != nil
internal/artist/my_list.go,100,ListMyArtists,errs.Internal(err),err != nil
internal/artist/participant_store.go,127,loadEntityParticipantViews,errs.Internal(err),err != nil
internal/artist/participant_store.go,131,loadEntityParticipantViews,errs.Internal(err),err != nil
internal/artist/participant_store.go,135,loadEntityParticipantViews,errs.Internal(err),err != nil
internal/artist/participant_store.go,141,loadEntityParticipantViews,"errs.InternalMsg(spec.entityTitle + "" participant Member was not found"")",summary == nil
internal/artist/participant_store.go,147,loadEntityParticipantViews,errs.Internal(subjectErr),subjectErr != nil
internal/artist/participant_store.go,446,requireParticipantPermission,errs.Internal(err),err != nil
internal/artist/projection.go,50,checkSlugAvailable,errs.Internal(err),err := query.Count(&count).Error; err != nil
internal/artist/projection.go,91,CheckArtistSlugAvailable,errs.Internal(err),err := query.Count(&count).Error; err != nil
internal/artist/projection.go,196,artistResponseWithReadyOg,errs.Internal(err),err != nil
internal/artist/public/service.go,108,List,errs.Internal(err),err := query.Count(&total).Error; err != nil
internal/artist/public/service.go,128,List,errs.Internal(err),err := query.Find(&artists).Error; err != nil
internal/artist/public/service.go,132,List,errs.Internal(err),err != nil
internal/artist/public/service.go,139,List,errs.Internal(err),err != nil
internal/artist/public/service.go,147,List,errs.Internal(err),err != nil
internal/artist/public/service.go,155,List,errs.Internal(err),err != nil
internal/artist/public/service.go,233,Get,errs.Internal(err),err != nil
internal/artist/public/service.go,254,requireDraftArtistAccess,"errs.Internal(fmt.Errorf(""check artist draft view permission: %w"", err))",err != nil
internal/artist/public/service.go,317,GetReleases,errs.Internal(err),err != nil
internal/artist/public/service.go,334,GetReleases,errs.Internal(err),err != nil
internal/artist/public/service.go,338,GetReleases,errs.Internal(err),err != nil
internal/artist/public/service.go,429,GetWorks,errs.Internal(err),err != nil
internal/artist/public/service.go,460,GetWorks,errs.Internal(err),err != nil
internal/artist/public/service.go,531,buildArtistResponseInTransaction,errs.Internal(err),"err := s.db.WithContext(ctx).
	Clauses(clause.Locking{Strength: ""SHARE""}).
	Where(""id = ?"", artistID).
	Take(&current).Error; err != nil"
internal/artist/public/service.go,545,buildArtistResponseInTransaction,errs.Internal(err),err != nil
internal/artist/public/service.go,591,buildArtistResponseInTransaction,errs.Internal(err),err != nil
internal/artist/public/service.go,599,buildArtistResponseInTransaction,errs.Internal(err),err != nil
internal/artist/public/service.go,603,buildArtistResponseInTransaction,errs.Internal(err),err != nil
internal/artist/public/service.go,614,buildArtistResponseInTransaction,errs.Internal(err),err != nil
internal/artist/public_projection.go,49,LoadCreativeSourceTitlesForPublic,errs.Internal(err),"err := db.WithContext(ctx).Table(""artist_translation AS localized"").Select(""localized.entity_id, localized.title"").Joins(`JOIN artist ON artist.id = localized.entity_id AND artist.source_locale = localized.locale`).Where(""localized.entity_id IN ?"", artistIDs).Scan(&rows).Error; err != nil"
internal/artist/public_projection.go,72,LoadCreativeSourceOgAssetIDsForPublic,errs.Internal(err),"err := db.WithContext(ctx).Table(""artist_translation AS localized"").Select(""localized.entity_id, localized.og_asset_id"").Joins(`JOIN artist ON artist.id = localized.entity_id AND artist.source_locale = localized.locale`).Where(""localized.entity_id IN ?"", artistIDs).Scan(&rows).Error; err != nil"
internal/artist/service.go,119,GetArtistEditorData,errs.Internal(err),"err := s.db.WithContext(ctx).
	Where(""id = ?"", req.Msg.Id).
	First(&artist).Error; err != nil"
internal/artist/service.go,135,GetArtistEditorData,errs.Internal(err),err != nil
internal/artist/service.go,143,GetArtistEditorData,errs.Internal(err),err != nil
internal/artist/service.go,193,ListArtists,errs.Internal(err),err := query.Count(&total).Error; err != nil
internal/artist/service.go,213,ListArtists,errs.Internal(err),err := query.Limit(int(limit)).Offset(int(offset)).Find(&artists).Error; err != nil
internal/artist/service.go,225,ListArtists,errs.Internal(err),err != nil
internal/artist/service.go,284,ListArtistsAdmin,errs.Internal(err),err := query.Count(&total).Error; err != nil
internal/artist/service.go,305,ListArtistsAdmin,errs.Internal(err),err := query.Limit(int(limit)).Offset(int(offset)).Find(&artists).Error; err != nil
internal/artist/service.go,316,ListArtistsAdmin,errs.Internal(err),err != nil
internal/artist/service.go,336,ListArtistsAdmin,errs.Internal(err),"err := s.db.WithContext(ctx).
	Table(""release_artist"").
	Select(""artist_id, COUNT(DISTINCT release_id) as count"").
	Where(""artist_id IN ?"", artistIDs).
	Group(""artist_id"").
	Scan(&releaseCounts).Error; err != nil"
internal/artist/service.go,373,CreateArtist,"errs.InternalMsg(""Artist content Block store is not configured"")",s.contentBlocks == nil
internal/artist/service.go,396,CreateArtist,errs.Internal(err),err != nil
internal/artist/service.go,440,createArtistWithDB,errs.Internal(err),err != nil
internal/artist/service.go,514,createArtistWithDB,errs.Internal(err),err != nil
internal/artist/service.go,555,DeleteArtist,"errs.InternalMsg(""Artist content Block store is not configured"")",s.contentBlocks == nil
internal/artist/service.go,599,DeleteArtist,errs.Internal(err),"err := tx.
	Where(""entity_type = ? AND entity_id = ?"", managev1.ShareLinkEntityType_SHARE_LINK_ENTITY_TYPE_ARTIST.String(), req.Msg.Id).
	Delete(&model.ShareLink{}).Error; err != nil"
internal/artist/service.go,625,DeleteArtist,errs.Internal(result.Error),result.Error != nil
internal/artist/source_locale_document.go,53,touchArtistRootUpdatedAt,errs.Internal(result.Error),result.Error != nil
internal/artist/target_locale_document.go,101,loadOptionalArtistLocaleMetadataRow,errs.Internal(err),err := query.Take(&row).Error; err != nil
internal/artist/target_locale_document.go,112,deriveArtistTargetRevision,errs.Internal(err),err != nil
internal/artist/target_locale_document.go,325,applyArtistTargetLocaleBatchAuthority,errs.Internal(created.Error),created.Error != nil
internal/artist/target_locale_document.go,328,applyArtistTargetLocaleBatchAuthority,"errs.InternalMsg(""Artist target locale could not be created"")",created.RowsAffected != 1
internal/artist/target_locale_document.go,342,applyArtistTargetLocaleBatchAuthority,errs.Internal(updated.Error),updated.Error != nil
internal/artist/target_locale_document.go,345,applyArtistTargetLocaleBatchAuthority,"errs.InternalMsg(""Artist target locale disappeared while saving"")",updated.RowsAffected != 1
internal/artist/target_locale_document.go,357,applyArtistTargetLocaleBatchAuthority,errs.Internal(err),"err := tx.WithContext(ctx).Model(&model.Artist{}).
	Where(""id = ?"", artistID).
	UpdateColumn(""updated_at"", now).Error; err != nil"
internal/artist/target_locale_document.go,422,updateArtistTargetLocaleTitle,errs.Internal(updated.Error),updated.Error != nil
internal/artist/target_locale_document.go,425,updateArtistTargetLocaleTitle,"errs.InternalMsg(""Artist target locale disappeared while saving"")",updated.RowsAffected != 1
internal/artist/target_locale_document.go,437,updateArtistTargetLocaleTitle,errs.Internal(err),"err := tx.WithContext(ctx).Model(&model.Artist{}).
	Where(""id = ?"", artistID).
	UpdateColumn(""updated_at"", now).Error; err != nil"
internal/artist/target_locale_document.go,503,deleteArtistTargetLocale,errs.Internal(deleted.Error),deleted.Error != nil
internal/artist/target_locale_document.go,506,deleteArtistTargetLocale,"errs.InternalMsg(""Artist target locale disappeared while deleting"")",deleted.RowsAffected != 1
internal/artist/target_locale_document.go,518,deleteArtistTargetLocale,errs.Internal(err),"err := tx.WithContext(ctx).Model(&model.Artist{}).
	Where(""id = ?"", artistID).
	UpdateColumn(""updated_at"", time.Now().UTC()).Error; err != nil"
internal/artist/translation_adapter.go,174,applyTypedTranslationCandidateWithDB,"errs.InternalMsg(""provider source Artist translation did not advance source state"")",!result.TranslationSourceChanged
internal/artist/translation_interchange.go,30,LoadTypedTranslationInterchangeTarget,"errs.Internal(errors.New(""artist translation interchange dependencies are not configured""))",tx == nil || store == nil
internal/audience/access.go,34,ValidateAuthenticatedAccessSegmentIDs,errs.Internal(err),"err := db.WithContext(ctx).
	Clauses(clause.Locking{Strength: ""UPDATE""}).
	Where(""id IN ?"", segmentIDs).
	Order(""id ASC"").
	Find(&segments).Error; err != nil"
internal/audience/access.go,88,requireDownloadPolicyAuthor,errs.Internal(err),err != nil
internal/audience/archive.go,35,ArchiveSegment,errs.Internal(err),err != nil
internal/audience/archive.go,53,ArchiveSegment,"connect.NewError(
	connect.CodeAborted,
	fmt.Errorf(""audience segment changed while it was being archived; retry""),
)",
internal/audience/archive.go,65,RestoreSegment,errs.Internal(err),err != nil
internal/audience/archive.go,78,RestoreSegment,errs.Internal(err),"err := tx.WithContext(ctx).
	Clauses(clause.Locking{Strength: ""UPDATE""}).
	First(&segment, ""id = ?"", req.Msg.Id).Error; err != nil"
internal/audience/archive.go,95,RestoreSegment,errs.Internal(result.Error),result.Error != nil
internal/audience/archive.go,137,archiveSegmentOnce,errs.Internal(err),"err := tx.WithContext(ctx).Select(""id"", ""archived_at"").First(&observed, ""id = ?"", segmentID).Error; err != nil"
internal/audience/archive.go,145,archiveSegmentOnce,errs.Internal(err),"err := tx.WithContext(ctx).
	Clauses(clause.Locking{Strength: ""UPDATE""}).
	Select(""id"", ""archived_at"").
	First(&locked, ""id = ?"", segmentID).Error; err != nil"
internal/audience/archive.go,184,archiveSegmentOnce,errs.Internal(err),"err := tx.WithContext(ctx).
	Clauses(clause.Locking{Strength: ""UPDATE""}).
	First(&segment, ""id = ?"", segmentID).Error; err != nil"
internal/audience/archive.go,219,archiveSegmentOnce,errs.Internal(err),"err := tx.WithContext(ctx).
	Model(&model.CampaignDeliveryRun{}).
	Where(""audience_segment_id = ? AND status = ?"", segmentID, deliveryRunScheduled).
	Updates(structured.Fields{
		""status"":	deliveryRunCancelled,
		""completed_at"":	now,
		""updated_at"":	now,
	}).Error; err != nil"
internal/audience/archive.go,229,archiveSegmentOnce,errs.Internal(err),"err := tx.WithContext(ctx).
	Model(&model.Campaign{}).
	Where(""segment_id = ? AND status = ?"", segmentID, manageCampaignScheduled).
	Updates(structured.Fields{
		""status"":	manageCampaignDraft,
		""scheduled_at"":	nil,
		""updated_at"":	now,
	}).Error; err != nil"
internal/audience/archive.go,234,archiveSegmentOnce,errs.Internal(err),"err := tx.WithContext(ctx).
	Where(""audience_segment_id = ?"", segmentID).
	Delete(&model.ContentBlockAttachmentDownloadAudienceSegment{}).Error; err != nil"
internal/audience/archive.go,239,archiveSegmentOnce,errs.Internal(err),"err := tx.WithContext(ctx).
	Where(""audience_segment_id = ?"", segmentID).
	Delete(&model.TrackDownloadAudienceSegment{}).Error; err != nil"
internal/audience/archive.go,249,archiveSegmentOnce,errs.Internal(archived.Error),archived.Error != nil
internal/audience/archive.go,317,lockDownloadPolicyArchivePlans,errs.Internal(err),"err := tx.WithContext(ctx).Raw(`
		SELECT CASE
		         WHEN post.id IS NOT NULL THEN 'post'
		         WHEN page.id IS NOT NULL THEN 'page'
		         WHEN work.id IS NOT NULL THEN 'work'
		         WHEN program_event.id IS NOT NULL THEN 'program_event'
		       END AS domain,
		       COALESCE(post.id, page.id, work.id, program_event.id)::text AS owner_id,
		       attachment.block_id::text AS block_id,
		       attachment.reference_path,
		       attachment.file_id::text AS file_id,
		       attachment.download_audience
		FROM content_block_attachment AS attachment
		JOIN content_block AS block ON block.id = attachment.block_id
		JOIN content_block_attachment_download_audience_segment AS policy_segment
		  ON policy_segment.block_id = attachment.block_id
		 AND policy_segment.reference_path = attachment.reference_path
		LEFT JOIN post ON post.content_document_id = block.document_id
		LEFT JOIN page ON page.content_document_id = block.document_id
		LEFT JOIN work ON work.content_document_id = block.document_id
		LEFT JOIN program_event ON program_event.content_document_id = block.document_id
		WHERE policy_segment.audience_segment_id = ?::uuid
		ORDER BY attachment.block_id, attachment.reference_path
		FOR UPDATE OF attachment
	`, segmentID).Scan(&attachments).Error; err != nil"
internal/audience/archive.go,321,lockDownloadPolicyArchivePlans,"errs.Internal(fmt.Errorf(""download policy attachment %s/%s has no supported owner or active file"", attachment.BlockID, attachment.ReferencePath))","attachment.Domain == """" || attachment.OwnerID == """" || attachment.FileID == """""
internal/audience/archive.go,337,lockDownloadPolicyArchivePlans,errs.Internal(err),"err := tx.WithContext(ctx).Raw(`
		SELECT track.release_id::text AS release_id,
		       track.id::text AS track_id,
		       track.audio_original_file_id::text AS file_id,
		       track.download_audience
		FROM track
		JOIN track_download_audience_segment AS policy_segment
		  ON policy_segment.track_id = track.id
		WHERE policy_segment.audience_segment_id = ?::uuid
		ORDER BY track.id
		FOR UPDATE OF track
	`, segmentID).Scan(&tracks).Error; err != nil"
internal/audience/archive.go,341,lockDownloadPolicyArchivePlans,"errs.Internal(fmt.Errorf(""track download policy %s has no Release or original File"", track.TrackID))","track.ReleaseID == """" || track.FileID == """""
internal/audience/archive.go,401,lockedScheduledCampaignIDs,errs.Internal(err),"err := tx.WithContext(ctx).
	Table(""campaign"").
	Select(""id"").
	Where(""segment_id = ? AND status = ?"", segmentID, manageCampaignScheduled).
	Order(""id ASC"").
	Scan(&rows).Error; err != nil"
internal/audience/archive.go,422,attachmentDownloadPolicySegmentIDs,errs.Internal(err),"err := tx.WithContext(ctx).
	Table(""content_block_attachment_download_audience_segment"").
	Where(""block_id = ? AND reference_path = ?"", blockID, referencePath).
	Order(""audience_segment_id ASC"").
	Pluck(""audience_segment_id"", &segmentIDs).Error; err != nil"
internal/audience/archive.go,434,trackDownloadPolicySegmentIDs,errs.Internal(err),"err := tx.WithContext(ctx).
	Table(""track_download_audience_segment"").
	Where(""track_id = ?"", trackID).
	Order(""audience_segment_id ASC"").
	Pluck(""audience_segment_id"", &segmentIDs).Error; err != nil"
internal/audience/archive.go,562,downloadPolicyArchiveAudit,"errs.Internal(fmt.Errorf(""unsupported download policy owner %q"", plan.domain))",
internal/audience/archive.go,581,lockActiveDeliveryRuns,errs.Internal(err),"err := tx.WithContext(ctx).
	Table(""email_delivery_run"").
	Clauses(clause.Locking{Strength: ""UPDATE""}).
	Select(""id"").
	Where(""audience_segment_id = ? AND status IN ?"", segmentID, []string{deliveryRunScheduled, deliveryRunSending}).
	Order(""id ASC"").
	Scan(&rows).Error; err != nil"
internal/audience/archive.go,605,lockAudienceCampaigns,errs.Internal(err),"err := tx.WithContext(ctx).
	Table(""campaign"").
	Clauses(clause.Locking{Strength: ""UPDATE""}).
	Select(""id"").
	Where(""segment_id = ?"", segmentID).
	Order(""id ASC"").
	Scan(&rows).Error; err != nil"
internal/audience/archive.go,624,audienceCampaignsChanged,errs.Internal(err),"err := tx.WithContext(ctx).
	Table(""campaign"").
	Select(""id"").
	Where(""segment_id = ?"", segmentID).
	Order(""id ASC"").
	Scan(&rows).Error; err != nil"
internal/audience/archive.go,647,audienceActiveRunsChanged,errs.Internal(err),"err := tx.WithContext(ctx).
	Table(""email_delivery_run"").
	Select(""id"").
	Where(""audience_segment_id = ? AND status IN ?"", segmentID, []string{deliveryRunScheduled, deliveryRunSending}).
	Order(""id ASC"").
	Scan(&rows).Error; err != nil"
internal/audience/mutation.go,34,CreateSegment,errs.Internal(err),err != nil
internal/audience/mutation.go,95,CreateSegment,errs.Wrap(err),err != nil
internal/audience/mutation.go,106,EstimateSegmentCount,errs.Internal(err),err != nil
internal/audience/mutation.go,128,EstimateSegmentCount,errs.Wrap(err),err != nil
internal/audience/mutation.go,189,UpdateSegment,errs.Internal(err),err != nil
internal/audience/mutation.go,220,applySegmentUpdate,errs.Internal(err),"err := LoadSegmentConfig(ctx, tx, &segment); err != nil"
internal/audience/mutation.go,265,lockSegmentForUpdate,errs.Internal(err),"err := tx.WithContext(ctx).
	Clauses(clause.Locking{Strength: ""UPDATE""}).
	First(segment, ""id = ?"", segmentID).Error; err != nil"
internal/audience/mutation.go,355,ensureAudienceAccessTypeCompatible,errs.Internal(err),"err := tx.Model(&model.ContentBlockAttachmentDownloadAudienceSegment{}).
	Where(""audience_segment_id = ?"", segment.ID).
	Count(&attachmentReferenceCount).Error; err != nil"
internal/audience/mutation.go,361,ensureAudienceAccessTypeCompatible,errs.Internal(err),"err := tx.Model(&model.TrackDownloadAudienceSegment{}).
	Where(""audience_segment_id = ?"", segment.ID).
	Count(&trackReferenceCount).Error; err != nil"
internal/audience/mutation.go,381,applySegmentUpdates,errs.Internal(err),err := tx.Model(segment).Updates(updates).Error; err != nil
internal/audience/mutation.go,391,applySegmentUpdates,errs.Internal(err),"err := replaceSegmentRelations(tx, memberReferences, segment.ID, nextConfig); err != nil"
internal/audience/read.go,46,GetSegment,errs.Internal(err),err != nil
internal/audience/read.go,56,GetSegment,errs.Internal(err),"err := s.db.WithContext(ctx).First(&segment, ""id = ?"", req.Msg.Id).Error; err != nil"
internal/audience/read.go,59,GetSegment,errs.Internal(err),"err := LoadSegmentConfig(ctx, s.db, &segment); err != nil"
internal/audience/read.go,62,GetSegment,errs.Internal(err),"err := loadSegmentReferenceCounts(ctx, s.db, []*model.AudienceSegment{&segment}); err != nil"
internal/audience/read.go,77,ListSegmentsAdmin,errs.Internal(err),err != nil
internal/audience/read.go,92,ListSegmentsAdmin,errs.Internal(err),err := query.Count(&total).Error; err != nil
internal/audience/read.go,101,ListSegmentsAdmin,errs.Internal(err),err := query.Limit(int(limit)).Offset(int(offset)).Find(&segments).Error; err != nil
internal/audience/read.go,108,ListSegmentsAdmin,errs.Internal(err),"err := LoadSegmentConfigs(ctx, s.db, pointers); err != nil"
internal/audience/read.go,111,ListSegmentsAdmin,errs.Internal(err),"err := loadSegmentReferenceCounts(ctx, s.db, pointers); err != nil"
internal/audience/read.go,141,ListSegmentsForAuthenticatedAccess,errs.Internal(err),err := query.Count(&total).Error; err != nil
internal/audience/read.go,150,ListSegmentsForAuthenticatedAccess,errs.Internal(err),err := query.Limit(int(limit)).Offset(int(offset)).Find(&segments).Error; err != nil
internal/audience/read.go,156,ListSegmentsForAuthenticatedAccess,"errs.InternalMsg(""authenticated access segment query returned an ineligible segment"")",!valid
internal/audience/read.go,187,loadSegmentForResponse,errs.Internal(err),"err := db.WithContext(ctx).First(result, ""id = ?"", segmentID).Error; err != nil"
internal/audience/read.go,190,loadSegmentForResponse,errs.Internal(err),"err := LoadSegmentConfig(ctx, db, result); err != nil"
internal/audience/read.go,193,loadSegmentForResponse,errs.Internal(err),"err := loadSegmentReferenceCounts(ctx, db, []*model.AudienceSegment{result}); err != nil"
internal/auth/gateway.go,39,RequireGatewaySession,"http.Error(w, http.StatusText(http.StatusUnauthorized), http.StatusUnauthorized)","errors.Is(err, ErrSessionPrincipalInvalid)"
internal/auth/gateway.go,41,RequireGatewaySession,"http.Error(w, http.StatusText(http.StatusServiceUnavailable), http.StatusServiceUnavailable)","errors.Is(err, ErrSessionPrincipalInvalid)"
internal/auth/gateway.go,46,RequireGatewaySession,"http.Error(w, http.StatusText(http.StatusUnauthorized), http.StatusUnauthorized)",principal.Banned
internal/auth/gateway.go,50,RequireGatewaySession,"http.Error(w, http.StatusText(http.StatusPreconditionFailed), http.StatusPreconditionFailed)",!principal.Onboarded
internal/auth/internal_service.go,106,RequireInternalServiceSecret,"http.Error(w, http.StatusText(http.StatusUnauthorized), http.StatusUnauthorized)","!IsInternalServiceRequest(secret, headerName, r)"
internal/authentication/gateway_authorization.go,61,AuthorizeGatewayAccess,errs.Internal(err),err != nil
internal/authorizationtarget/target.go,57,RequireGlobalAdmin,errs.Internal(err),err != nil
internal/authorizationtarget/target.go,92,Require,errs.Internal(err),
internal/authorizationtarget/target.go,103,RequireLocked,errs.Internal(err),"err := identitystate.Lock(tx, target.IdentityID); err != nil"
internal/authorizationtarget/target.go,119,RequireLocked,errs.Internal(result.Error),result.Error != nil
internal/authorizationtarget/target.go,135,RequireLocked,errs.Internal(result.Error),result.Error != nil
internal/authorizationtarget/target.go,157,RequireLockedLinked,errs.Internal(err),"err := identitystate.Lock(tx, target.IdentityID); err != nil"
internal/authorizationtarget/target.go,190,WithMutation,errs.Internal(err),err != nil
internal/authorizationtarget/target.go,388,RequireLive,errs.Internal(err),
internal/authorizationtarget/target.go,447,RequireLinkedMember,errs.Internal(err),
internal/authorizationtarget/target.go,508,LockReferences,errs.Internal(err),err != nil
internal/authorizationtarget/target.go,511,LockReferences,errs.Internal(err),"err := identitystate.Lock(tx, target.IdentityID); err != nil"
internal/authorizationtarget/target.go,518,LockReferences,errs.Internal(err),err != nil
internal/authz/authz.go,42,RequireCan,"errs.InternalMsg(""authorization Can descriptor is invalid"")",!can.Valid()
internal/authz/authz.go,62,RequirePlatformPermission,"errs.InternalMsg(""platform authorization requires a platform resource Can"")",can.Valid() && (can.Resource().Type() != policyv1.Platform.Resource().Type() || can.Resource().ID() != policyv1.Platform.Resource().ID())
internal/authz/spicedb_checker.go,104,CheckOrNotFound,errs.Internal(dbErr),"exists, dbErr := c.resourceExists(ctx, resource.ID()); dbErr != nil"
internal/campaign/ai_document.go,321,applyAIDocumentMutationInTransaction,errs.Internal(err),"err := tx.WithContext(ctx).Table(""campaign"").Where(""id = ?"", mutation.CampaignID).
	Update(""updated_at"", now).Error; err != nil"
internal/campaign/ai_document_persistence.go,52,loadCampaignAIDocumentRoot,errs.Internal(err),err := query.Take(&root).Error; err != nil
internal/campaign/ai_document_persistence.go,59,loadCampaignAIDocumentRoot,"errs.InternalMsg(""Campaign content document ID is invalid"")",err != nil || documentID == uuid.Nil
internal/campaign/ai_document_persistence.go,119,loadCampaignAIDocumentSubject,errs.Internal(result.Error),result.Error != nil
internal/campaign/ai_document_persistence.go,164,applyCampaignAIDocumentSubject,errs.Internal(err),"err := tx.WithContext(ctx).Exec(`
		INSERT INTO campaign_translation (
			entity_id, locale, subject, created_at, updated_at
		) VALUES (?, ?, ?, ?, ?)
		ON CONFLICT (entity_id, locale) DO UPDATE SET
			subject = EXCLUDED.subject, updated_at = EXCLUDED.updated_at`,
	mutation.CampaignID, mutation.Locale, next, now, now,
).Error; err != nil"
internal/campaign/campaign.go,159,GetCampaign,errs.Internal(err),"err := s.db.WithContext(ctx).First(&campaign, ""id = ?"", req.Msg.Id).Error; err != nil"
internal/campaign/campaign.go,163,GetCampaign,errs.Internal(err),err != nil
internal/campaign/campaign.go,203,ListCampaignsAdmin,errs.Internal(err),err := query.Count(&total).Error; err != nil
internal/campaign/campaign.go,224,ListCampaignsAdmin,errs.Internal(err),err := query.Limit(int(limit)).Offset(int(offset)).Find(&campaigns).Error; err != nil
internal/campaign/campaign.go,235,ListCampaignsAdmin,errs.Internal(err),err != nil
internal/campaign/campaign.go,258,CreateCampaign,errs.Internal(err),err != nil
internal/campaign/campaign.go,267,CreateCampaign,"errs.InternalMsg(""Campaign content Block store is not configured"")",s.contentBlocks == nil
internal/campaign/campaign.go,295,CreateCampaign,errs.Internal(err),"err := tx.Clauses(clause.Locking{Strength: ""UPDATE""}).Select(""id"", ""archived_at"").First(&segment, ""id = ?"", *segmentID).Error; err != nil"
internal/campaign/campaign.go,314,CreateCampaign,errs.Internal(err),err := tx.Create(&campaign).Error; err != nil
internal/campaign/campaign.go,341,CreateCampaign,errs.Wrap(err),err != nil
internal/campaign/campaign.go,346,CreateCampaign,errs.Internal(err),err != nil
internal/campaign/campaign.go,407,UpdateCampaignName,errs.Internal(err),"err := tx.Clauses(clause.Locking{Strength: ""UPDATE""}).
	First(&campaign, ""id = ?"", req.Msg.Id).Error; err != nil"
internal/campaign/campaign.go,429,UpdateCampaignName,errs.Internal(err),"err := tx.Model(&campaign).
	Updates(structured.Fields{
		""name"":		name,
		""updated_at"":	now,
	}).Error; err != nil"
internal/campaign/campaign.go,472,UpdateCampaignConfiguration,errs.Internal(err),err != nil
internal/campaign/campaign.go,478,UpdateCampaignConfiguration,errs.Internal(err),"err := tx.Clauses(clause.Locking{Strength: ""UPDATE""}).First(&campaign, ""id = ?"", req.Msg.Id).Error; err != nil"
internal/campaign/campaign.go,531,UpdateCampaignConfiguration,errs.Internal(err),"err := tx.Clauses(clause.Locking{Strength: ""UPDATE""}).Select(""id"", ""archived_at"").First(&segment, ""id = ?"", *segmentID).Error; err != nil"
internal/campaign/campaign.go,574,UpdateCampaignConfiguration,errs.Internal(err),err := tx.Model(&campaign).Updates(updates).Error; err != nil
internal/campaign/campaign.go,583,UpdateCampaignConfiguration,errs.Internal(err),err != nil
internal/campaign/campaign.go,643,DeleteCampaign,errs.Internal(err),"err := tx.Clauses(clause.Locking{Strength: ""UPDATE""}).
	First(&campaign, ""id = ?"", req.Msg.Id).Error; err != nil"
internal/campaign/campaign.go,649,DeleteCampaign,"errs.InternalMsg(""Campaign content Block store is not configured"")",s.contentBlocks == nil
internal/campaign/campaign.go,684,DeleteCampaign,errs.Internal(err),err := tx.Delete(&campaign).Error; err != nil
internal/campaign/campaign.go,703,DeleteCampaign,errs.Wrap(err),err != nil
internal/campaign/campaign.go,742,ScheduleCampaign,errs.Internal(err),"err := tx.Clauses(clause.Locking{Strength: ""UPDATE""}).
	First(&campaign, ""id = ?"", req.Msg.Id).Error; err != nil"
internal/campaign/campaign.go,780,ScheduleCampaign,errs.Internal(err),err := tx.Save(&campaign).Error; err != nil
internal/campaign/campaign.go,835,CancelCampaign,errs.Internal(err),"err := tx.Clauses(clause.Locking{Strength: ""UPDATE""}).
	First(&campaign, ""id = ?"", req.Msg.Id).Error; err != nil"
internal/campaign/campaign.go,850,CancelCampaign,errs.Internal(err),err := tx.Save(&campaign).Error; err != nil
internal/campaign/campaign.go,998,lockCampaignForSendNow,errs.Internal(err),"err := tx.Clauses(clause.Locking{Strength: ""UPDATE""}).First(&campaign, ""id = ?"", campaignID).Error; err != nil"
internal/campaign/campaign.go,1017,requireCurrentCampaignRenderableContent,errs.Internal(err),"err := db.WithContext(ctx).
	Table(""campaign_translation AS translation"").
	Joins(""JOIN campaign AS source ON source.id = translation.entity_id AND source.source_locale = translation.locale"").
	Where(""translation.entity_id = ?"", campaignID).
	Where(""translation.content_html IS NOT NULL AND btrim(translation.content_html) <> ''"").
	Count(&count).Error; err != nil"
internal/campaign/campaign.go,1061,startCampaignSendNowWithDB,errs.Internal(err),err := tx.Save(campaign).Error; err != nil
internal/campaign/campaign.go,1102,PreviewCampaign,errs.Internal(err),"err := s.db.WithContext(ctx).First(&campaign, ""id = ?"", req.Msg.Id).Error; err != nil"
internal/campaign/campaign.go,1205,SendTestCampaign,errs.Internal(err),"err := tx.Clauses(clause.Locking{Strength: ""UPDATE""}).First(&campaign, ""id = ?"", req.Msg.Id).Error; err != nil"
internal/campaign/campaign.go,1240,SendTestCampaign,"errs.Internal(fmt.Errorf(""queue campaign test email: %w"", err))","err := publishCampaignDurableProtoInTransaction(ctx, s.runtime, tx, eventpkg.QueueEmailSend, messageID, sendJob); err != nil"
internal/campaign/campaign.go,1279,GetCampaignStats,errs.Internal(err),"err := s.db.WithContext(ctx).First(&campaign, ""id = ?"", req.Msg.Id).Error; err != nil"
internal/campaign/campaign_delivery.go,190,DispatchDueEmailDeliveryRuns,errs.Internal(err),"err := d.db.WithContext(ctx).
	Where(""status = ? AND scheduled_at <= ?"", CampaignDeliveryRunStatusScheduled, now).
	Order(""scheduled_at ASC, id ASC"").
	Limit(limit).
	Find(&runs).Error; err != nil"
internal/campaign/campaign_delivery.go,220,ResumeActiveEmailDeliveryRuns,errs.Internal(err),"err := d.db.WithContext(ctx).
	Where(""status = ?"", CampaignDeliveryRunStatusSending).
	Where(""completed_at IS NULL"").
	Order(""updated_at ASC, id ASC"").
	Limit(limit).
	Find(&runs).Error; err != nil"
internal/campaign/campaign_delivery_port.go,141,CancelActiveRuns,errs.Internal(err),"err := tx.WithContext(ctx).
	Clauses(clause.Locking{Strength: ""UPDATE""}).
	Select(""id"").
	First(&campaign, ""id = ?"", campaignID).Error; err != nil"
internal/campaign/campaign_delivery_port.go,157,CancelActiveRuns,errs.Internal(err),"err := tx.WithContext(ctx).
	Clauses(clause.Locking{Strength: ""UPDATE""}).
	Where(
		""campaign_id = ? AND status IN ?"",
		campaignID,
		[]string{
			CampaignDeliveryRunStatusScheduled,
			CampaignDeliveryRunStatusSending,
		},
	).
	Order(""id ASC"").
	Find(&activeRuns).Error; err != nil"
internal/campaign/campaign_delivery_port.go,176,CancelActiveRuns,errs.Internal(err),"err := tx.WithContext(ctx).
	Model(&model.CampaignDeliveryRun{}).
	Where(
		""campaign_id = ? AND status = ?"",
		campaignID,
		CampaignDeliveryRunStatusScheduled,
	).
	Updates(structured.Fields{
		""status"":	CampaignDeliveryRunStatusCancelled,
		""completed_at"":	now.UTC(),
	}).Error; err != nil"
internal/campaign/campaign_delivery_port.go,191,HasHistory,errs.Internal(err),"err := db.WithContext(ctx).
	Model(&model.CampaignDeliveryRun{}).
	Where(""campaign_id = ?"", strings.TrimSpace(campaignID)).
	Count(&count).Error; err != nil"
internal/campaign/campaign_delivery_port.go,216,LatestStats,errs.Internal(err),"err := db.WithContext(ctx).
	Model(&model.CampaignDeliveryRecipient{}).
	Select(""status, COUNT(*) AS count"").
	Where(""run_id = ?"", run.ID).
	Group(""status"").
	Find(&counts).Error; err != nil"
internal/campaign/campaign_delivery_port.go,255,ListRecipients,errs.Internal(err),"err := db.WithContext(ctx).
	Model(&model.CampaignDeliveryRecipient{}).
	Where(""run_id = ?"", run.ID).
	Count(&total).Error; err != nil"
internal/campaign/campaign_delivery_port.go,264,ListRecipients,errs.Internal(err),"err := db.WithContext(ctx).
	Where(""run_id = ?"", run.ID).
	Order(""created_at DESC, id DESC"").
	Limit(limit).
	Offset(offset).
	Find(&rows).Error; err != nil"
internal/campaign/campaign_delivery_port.go,303,sealCampaignOwnedEmailDeliveryRun,errs.Internal(err),err := tx.WithContext(ctx).Create(run).Error; err != nil
internal/campaign/campaign_delivery_port.go,307,sealCampaignOwnedEmailDeliveryRun,errs.Internal(err),"err := saveCampaignDeliveryTargetRelations(ctx, tx, run.ID, *target); err != nil"
internal/campaign/campaign_delivery_port.go,315,sealCampaignOwnedEmailDeliveryRun,errs.Internal(sealed.Error),sealed.Error != nil
internal/campaign/campaign_delivery_port.go,318,sealCampaignOwnedEmailDeliveryRun,"errs.InternalMsg(""email delivery run definition could not be sealed"")",sealed.RowsAffected != 1
internal/campaign/campaign_delivery_port.go,420,latestCampaignDeliveryRun,errs.Internal(err),
internal/campaign/campaign_delivery_run.go,107,createCampaignDeliveryRun,"errs.InternalMsg(""Campaign delivery run identity is unavailable"")","strings.TrimSpace(run.ID) == """""
internal/campaign/content_document.go,63,loadCampaignEmailContentDocumentRoot,"errs.Internal(errors.New(""campaign content document database is required""))",db == nil
internal/campaign/content_document.go,66,loadCampaignEmailContentDocumentRoot,errs.Internal(err),err := requireCampaignContentEntity(entityType); err != nil
internal/campaign/content_document.go,80,loadCampaignEmailContentDocumentRoot,errs.Internal(err),err := query.Take(&root).Error; err != nil
internal/campaign/content_document.go,87,loadCampaignEmailContentDocumentRoot,"errs.Internal(fmt.Errorf(""invalid Campaign content_document_id: %w"", err))",err != nil
internal/campaign/content_document.go,95,campaignEmailContentFence,errs.Internal(err),err := requireCampaignContentEntity(entityType); err != nil
internal/campaign/content_document.go,108,campaignEmailContentFence,errs.Internal(err),"err := tx.WithContext(ctx).Table(""campaign"").Select(""status"").Where(""id = ?"", entityID).Take(&row).Error; err != nil"
internal/campaign/content_document.go,124,campaignTranslationJobApplyFence,errs.Internal(err),err := requireCampaignContentEntity(entityType); err != nil
internal/campaign/content_document.go,150,campaignEmailDeleteContentFence,errs.Internal(err),"err := tx.WithContext(ctx).Table(""campaign"").Select(""status"").Where(""id = ?"", entityID).Take(&row).Error; err != nil"
internal/campaign/content_document.go,178,requireCampaignEmailDocumentLoad,"errs.Internal(fmt.Errorf(""resolve Campaign collaboration principal: %w"", err))",err != nil
internal/campaign/content_document.go,216,requireCampaignEmailDocumentEditable,errs.Internal(err),err := requireCampaignContentEntity(entityType); err != nil
internal/campaign/content_document.go,225,requireCampaignEmailDocumentEditable,errs.Internal(err),"err := db.WithContext(ctx).Table(""campaign"").Select(""status"").Where(""id = ?"", entityID).Take(&row).Error; err != nil"
internal/campaign/content_document.go,240,lockCampaignEmailTranslationSource,errs.Internal(err),err := requireCampaignContentEntity(entityType); err != nil
internal/campaign/content_document.go,252,loadCampaignEmailSourceContext,errs.Internal(err),err := requireCampaignContentEntity(entityType); err != nil
internal/campaign/content_document.go,259,loadCampaignSourceContext,"errs.Internal(errors.New(""campaign source database is required""))",db == nil
internal/campaign/content_document.go,275,loadCampaignSourceContext,errs.Internal(err),err := query.Take(&state).Error; err != nil
internal/campaign/content_document.go,296,loadCampaignEmailSourceSubject,errs.Internal(err),err := requireCampaignContentEntity(entityType); err != nil
internal/campaign/content_document.go,309,loadCampaignEmailSourceSubject,errs.Internal(err),"err := db.WithContext(ctx).
	Table(""campaign_translation"").
	Select(""subject"").
	Where(""entity_id = ? AND locale = ?"", entityID, sourceLocale).
	Take(&row).Error; err != nil"
internal/campaign/content_document.go,325,loadCampaignEmailLocaleMetadata,errs.Internal(err),err := requireCampaignContentEntity(entityType); err != nil
internal/campaign/content_document.go,338,loadCampaignEmailLocaleMetadata,errs.Internal(err),"err := db.WithContext(ctx).
	Table(""campaign_translation"").
	Select(""locale"", ""subject"").
	Where(""entity_id = ?"", entityID).
	Order(""locale ASC"").
	Find(&locales).Error; err != nil"
internal/campaign/content_document.go,353,updateCampaignEmailLocaleSubject,errs.Internal(err),err := requireCampaignContentEntity(entityType); err != nil
internal/campaign/content_document.go,383,updateCampaignEmailLocaleSubject,errs.Internal(result.Error),"result.Error != nil && !errors.Is(result.Error, gorm.ErrRecordNotFound)"
internal/campaign/content_document.go,395,updateCampaignEmailLocaleSubject,errs.Internal(err),"err := tx.WithContext(ctx).Exec(
	`INSERT INTO campaign_translation (
				entity_id, locale, subject, created_at, updated_at
			) VALUES (?, ?, ?, ?, ?)`,
	entityID, locale, subject, now, now,
).Error; err != nil"
internal/campaign/content_document.go,403,updateCampaignEmailLocaleSubject,errs.Internal(err),"err := tx.WithContext(ctx).
	Table(""campaign_translation"").
	Where(""entity_id = ? AND locale = ?"", entityID, locale).
	Updates(map[string]any{
		""subject"":	subject, ""updated_at"": now,
	}).Error; err != nil"
internal/campaign/content_document.go,409,updateCampaignEmailLocaleSubject,errs.Internal(err),"err := tx.WithContext(ctx).
	Table(""campaign"").
	Where(""id = ?"", entityID).
	Updates(map[string]any{""subject"": subject, ""updated_at"": now}).Error; err != nil"
internal/campaign/content_document.go,419,normalizeCampaignEmailContentBlockError,"errs.Internal(fmt.Errorf(""unsupported Campaign content entity %q: %w"", entityType, err))",entityType != campaignContentEntity
internal/campaign/content_document.go,433,normalizeCampaignEmailContentBlockError,"errs.Internal(fmt.Errorf(""campaign content document: %w"", err))",
internal/campaign/content_document.go,445,asCampaignEmailConnectError,errs.Internal(err),
internal/campaign/content_document.go,458,projectCampaignEmailMaterializedContent,errs.Internal(err),err := requireCampaignContentEntity(entityType); err != nil
internal/campaign/content_document.go,477,projectCampaignEmailMaterializedContent,"errs.Internal(errors.New(""campaign materialized projection requires an exact locale""))",len(requested) == 0
internal/campaign/content_document.go,503,projectCampaignEmailMaterializedContent,errs.Internal(result.Error),result.Error != nil
internal/campaign/content_projection.go,43,loadCampaignSourceLocales,errs.Internal(err),"err := db.WithContext(ctx).
	Table(""campaign"").
	Select(""id AS entity_id, source_locale"").
	Where(""id IN ?"", ids).
	Find(&rows).Error; err != nil"
internal/campaign/content_projection.go,66,loadCampaignEmailEditorProjection,"errs.Internal(errors.New(""campaign content block store is not configured""))",store == nil
internal/campaign/content_projection.go,69,loadCampaignEmailEditorProjection,errs.Internal(err),err := requireCampaignContentEntity(entityType); err != nil
internal/campaign/content_translation.go,41,loadCampaignEmailTypedTranslationSourceDocument,errs.Internal(err),err := requireCampaignContentEntity(entityType); err != nil
internal/campaign/content_translation.go,138,applyCampaignEmailTypedTranslationCandidateWithDB,"errs.InternalMsg(""Campaign translation audit requires canonical requester Member"")",parseErr != nil || memberID == uuid.Nil || memberID.String() != strings.TrimSpace(job.RequestedByMemberID)
internal/campaign/content_translation.go,157,applyCampaignEmailTypedTranslationCandidateWithDB,"errs.InternalMsg(""provider source Campaign translation did not advance source state"")",!result.TranslationSourceChanged
internal/campaign/content_translation.go,160,applyCampaignEmailTypedTranslationCandidateWithDB,errs.Internal(err),"err := tx.WithContext(ctx).Table(""campaign"").Where(""id = ?"", job.EntityID).Update(""updated_at"", input.Now).Error; err != nil"
internal/campaign/content_translation.go,194,applyCampaignEmailTypedTranslationCandidateWithDB,"errs.InternalMsg(""Campaign translation audit requires requester Member"")","strings.TrimSpace(job.RequestedByMemberID) == """""
internal/campaign/dependencies.go,116,requireCampaignContributors,"errs.Internal(fmt.Errorf(""lock Campaign contributor Members: %w"", err))","err := tx.WithContext(ctx).
	Table(""member"").
	Clauses(clause.Locking{Strength: ""KEY SHARE""}).
	Select(""id::text"").
	Where(""id IN ?"", contributors).
	Find(&members).Error; err != nil"
internal/campaign/internal_campaign.go,373,LoadDocument,"errs.Internal(errors.New(""campaign collaboration authorization is not configured""))",s.spiceDB == nil
internal/campaign/internal_campaign.go,432,requireContentBlockRuntime,"errs.Internal(errors.New(""campaign content Block runtime is not configured""))",s == nil || s.db == nil || s.contentBlocks == nil
internal/campaign/target_locale_document.go,62,loadCampaignExactLocaleMetadata,errs.Internal(err),err := query.Take(&row).Error; err != nil
internal/campaign/target_locale_document.go,139,deriveCampaignTargetRevision,errs.Internal(err),err != nil
internal/campaign/target_locale_document.go,274,applyCampaignTargetMutation,errs.Internal(created.Error),created.Error != nil
internal/campaign/target_locale_document.go,277,applyCampaignTargetMutation,"errs.InternalMsg(""Campaign target locale could not be created"")",created.RowsAffected != 1
internal/campaign/target_locale_document.go,297,applyCampaignTargetMutation,errs.Internal(updated.Error),updated.Error != nil
internal/campaign/target_locale_document.go,300,applyCampaignTargetMutation,"errs.InternalMsg(""Campaign target locale disappeared while saving"")",updated.RowsAffected != 1
internal/campaign/target_locale_document.go,316,applyCampaignTargetMutation,errs.Internal(err),"err := tx.WithContext(ctx).Table(""campaign"").Where(""id = ?"", input.CampaignID).
	UpdateColumn(""updated_at"", now).Error; err != nil"
internal/campaign/target_locale_document.go,386,deleteCampaignTargetLocale,errs.Internal(deleted.Error),deleted.Error != nil
internal/campaign/target_locale_document.go,389,deleteCampaignTargetLocale,"errs.InternalMsg(""Campaign target locale disappeared while deleting"")",deleted.RowsAffected != 1
internal/campaign/target_locale_document.go,403,deleteCampaignTargetLocale,errs.Internal(err),"err := tx.WithContext(ctx).Table(""campaign"").Where(""id = ?"", campaignID).
	UpdateColumn(""updated_at"", now.UTC()).Error; err != nil"
internal/campaign/target_locale_document.go,428,projectCampaignTargetMaterializedContent,errs.Internal(updated.Error),updated.Error != nil
internal/campaign/translation_interchange.go,62,LoadTranslationInterchangeTarget,"errs.Internal(errors.New(""campaign translation interchange dependencies are not configured""))",tx == nil || store == nil
internal/campaign/translation_interchange.go,99,LoadTranslationInterchangeTarget,"errs.InternalMsg(""Campaign target Blocks exist without owning locale metadata"")",!exists && len(document.GetLocaleOverlay().GetBlocks()) != 0
internal/campaign/translation_interchange.go,110,LoadTranslationInterchangeTarget,errs.Internal(err),err != nil
internal/campaign/translation_interchange.go,127,ApplyTranslationInterchange,"errs.Internal(errors.New(""campaign translation interchange dependencies are not configured""))",tx == nil || store == nil
internal/campaign/translation_interchange.go,223,loadCampaignInterchangeMetadata,errs.Internal(result.Error),result.Error != nil
internal/collaboration/service.go,81,AuthorizeCollaboration,"errs.Internal(fmt.Errorf(""resolve collaboration principal: %w"", err))",err != nil
internal/collaboration/service.go,108,AuthorizeCollaboration,"errs.Internal(fmt.Errorf(""check collaboration permission: %w"", err))",err != nil
internal/collaboration/service.go,118,AuthorizeCollaboration,errs.Internal(err),err != nil
internal/email/layout_translation_persistence.go,71,LoadCanonicalLayoutProjections,errs.Internal(err),"err := db.WithContext(ctx).
	Table(""email_layout_translation AS layout"").
	Select(""layout.entity_id, layout.html_content"").
	Joins(""JOIN email_layout AS root ON root.id = layout.entity_id AND root.source_locale = layout.locale"").
	Where(""layout.entity_id IN ?"", layoutIDs).
	Find(&rows).Error; err != nil"
internal/email/layout_translation_persistence.go,80,LoadCanonicalLayoutProjections,errs.Internal(err),err != nil
internal/email/layout_translation_persistence.go,122,LoadLayoutLocaleSnapshots,errs.Internal(err),err != nil
internal/email/layout_translation_persistence.go,133,LoadLayoutLocaleSnapshots,errs.Internal(err),err != nil
internal/email/layout_translation_persistence.go,164,LoadLayoutTranslationEntry,errs.Internal(result.Error),result.Error != nil
internal/email/layout_translation_persistence.go,224,ResolveLayoutTranslationSourceLocale,errs.Internal(result.Error),result.Error != nil
internal/email/layout_translation_persistence.go,293,loadLayoutSourceLocaleFlag,errs.Internal(err),err != nil
internal/email/layout_translation_write.go,155,normalizeLayoutTargetRepresentations,errs.Internal(err),"err := db.WithContext(ctx).Table(""email_layout_translation"").
	Select(""locale, html_content, content_text"").
	Where(""entity_id = ? AND locale <> ?"", layoutID, sourceLocale).
	Order(""locale ASC"").Scan(&rows).Error; err != nil"
internal/email/layout_translation_write.go,178,normalizeLayoutTargetRepresentations,errs.Internal(err),"err := db.WithContext(ctx).Exec(
	`UPDATE email_layout_translation
			 SET html_content = ?, content_text = ?
			 WHERE entity_id = ? AND locale = ?`,
	nextHTML, nextText, layoutID, row.Locale,
).Error; err != nil"
internal/email/layout_translation_write.go,216,SeedLayoutTranslationEntryFromSource,errs.Internal(err),err != nil
internal/email/localization.go,170,ResolveLocalizedEmailLayoutHTML,errs.Internal(err),err != nil
internal/email/localization.go,190,ResolveLocalizedEmailLayoutHTML,errs.Internal(err),err != nil
internal/email/localization.go,241,loadCanonicalEmailLayoutSourceHTML,errs.Internal(err),err != nil
internal/emailauthoring/ai_document.go,315,applyAIDocumentMutationInTransaction,errs.Internal(err),"err := tx.WithContext(ctx).Table(""email_template"").Where(""id = ?"", mutation.TemplateID).
	Update(""updated_at"", now).Error; err != nil"
internal/emailauthoring/ai_document_persistence.go,85,lockEmailAIDocumentContributor,errs.Internal(result.Error),result.Error != nil
internal/emailauthoring/ai_document_persistence.go,88,lockEmailAIDocumentContributor,"errs.InternalMsg(""Email authoring contributor lock returned inconsistent state"")",row.ID != memberID
internal/emailauthoring/ai_document_persistence.go,111,loadEmailTemplateAIDocumentSubject,errs.Internal(result.Error),result.Error != nil
internal/emailauthoring/ai_document_persistence.go,158,applyEmailTemplateAIDocumentSubject,errs.Internal(err),"err := tx.WithContext(ctx).Exec(`
		INSERT INTO email_template_translation (
			entity_id, locale, subject, created_at, updated_at
		) VALUES (?, ?, ?, ?, ?)
		ON CONFLICT (entity_id, locale) DO UPDATE SET
			subject = EXCLUDED.subject, updated_at = EXCLUDED.updated_at`,
	mutation.TemplateID, mutation.Locale, next, now, now,
).Error; err != nil"
internal/emailauthoring/durable_references.go,24,RequireTranslationSourceMutable,"errs.InternalMsg(""Email Authoring transaction is required"")",tx == nil
internal/emailauthoring/durable_references.go,50,RequireTranslationSourceMutable,errs.Internal(result.Error),result.Error != nil
internal/emailauthoring/durable_references.go,77,loadEmailLayoutReferenceCounts,"errs.InternalMsg(""Campaign delivery references are not configured"")",references == nil
internal/emailauthoring/durable_references.go,127,loadEmailTemplateReferenceCounts,"errs.InternalMsg(""Campaign delivery references are not configured"")",references == nil
internal/emailauthoring/durable_references.go,148,ensureEmailTemplateMutableForActiveDelivery,"errs.InternalMsg(""Campaign delivery references are not configured"")",references == nil
internal/emailauthoring/durable_references.go,160,ensureEmailLayoutMutableForActiveDelivery,"errs.InternalMsg(""Campaign delivery references are not configured"")",references == nil
internal/emailauthoring/email_layout.go,268,GetEmailLayout,errs.Internal(err),"err := s.db.WithContext(ctx).First(&layout, ""id = ?"", req.Msg.Id).Error; err != nil"
internal/emailauthoring/email_layout.go,279,GetEmailLayout,errs.Internal(err),"err := loadEmailLayoutReferenceCounts(
	ctx,
	s.db,
	s.references,
	[]*model.EmailLayout{&layout},
); err != nil"
internal/emailauthoring/email_layout.go,308,ListEmailLayoutsAdmin,errs.Internal(err),err := query.Count(&total).Error; err != nil
internal/emailauthoring/email_layout.go,321,ListEmailLayoutsAdmin,errs.Internal(err),err := pg.Apply(query).Find(&layouts).Error; err != nil
internal/emailauthoring/email_layout.go,328,ListEmailLayoutsAdmin,errs.Internal(err),"err := loadEmailLayoutReferenceCounts(ctx, s.db, s.references, layoutPointers); err != nil"
internal/emailauthoring/email_layout.go,331,ListEmailLayoutsAdmin,errs.Internal(err),"err := overlayCanonicalEmailLayoutSourcesForList(ctx, s.db, layouts); err != nil"
internal/emailauthoring/email_layout.go,410,CreateEmailLayout,errs.Internal(err),err != nil
internal/emailauthoring/email_layout.go,435,CreateEmailLayout,"errs.InternalMsg(""Email Layout Content Document store is not configured"")",s.contentBlocks == nil
internal/emailauthoring/email_layout.go,446,CreateEmailLayout,errs.Internal(err),err != nil
internal/emailauthoring/email_layout.go,460,CreateEmailLayout,errs.Internal(err),"err := createEmailLayoutBaseRow(ctx, tx, layout); err != nil"
internal/emailauthoring/email_layout.go,507,UpdateEmailLayout,errs.Internal(err),"err := s.db.WithContext(ctx).Transaction(func(tx *gorm.DB) error {
	updated, err := s.updateEmailLayoutWithDB(ctx, tx, req.Msg, updatedAt, s.auditWriter, layoutCan)
	layout = updated
	return err
}); err != nil"
internal/emailauthoring/email_layout.go,618,applyEmailLayoutUpdates,errs.Internal(err),err := tx.WithContext(ctx).Model(layout).Updates(updates).Error; err != nil
internal/emailauthoring/email_layout.go,684,DeleteEmailLayout,"errs.InternalMsg(""Email Layout Content Document store is not configured"")",s.contentBlocks == nil
internal/emailauthoring/email_layout.go,718,DeleteEmailLayout,errs.Internal(err),err != nil
internal/emailauthoring/email_layout.go,738,PreviewEmailLayout,errs.Internal(err),"err := s.db.WithContext(ctx).First(&layout, ""id = ?"", req.Msg.Id).Error; err != nil"
internal/emailauthoring/email_layout.go,759,PreviewEmailLayout,errs.Internal(err),err != nil
internal/emailauthoring/email_layout.go,894,ListEmailLayoutsPaginated,errs.Internal(err),err := query.Count(&total).Error; err != nil
internal/emailauthoring/email_layout.go,900,ListEmailLayoutsPaginated,errs.Internal(err),err := pg.Apply(query).Find(&layouts).Error; err != nil
internal/emailauthoring/email_layout.go,903,ListEmailLayoutsPaginated,errs.Internal(err),"err := overlayCanonicalEmailLayoutSourcesForList(ctx, s.db, layouts); err != nil"
internal/emailauthoring/email_layout_ai_document.go,259,applyAIDocumentMutationInTransaction,errs.Internal(result.Error),result.Error != nil
internal/emailauthoring/email_layout_ai_document.go,279,applyAIDocumentMutationInTransaction,"errs.InternalMsg(""Email Layout Content Document revision is invalid"")",err != nil || expectedRevision == uuid.Nil
internal/emailauthoring/email_layout_ai_document.go,357,lockEmailLayoutAIDocumentRoot,errs.Internal(err),err := query.Take(&root).Error; err != nil
internal/emailauthoring/email_layout_ai_document.go,431,loadStateAfterAuthorization,errs.Internal(err),err != nil
internal/emailauthoring/email_layout_document_authority.go,47,loadEmailLayoutDocumentAuthority,errs.Internal(err),err := query.Take(&authority).Error; err != nil
internal/emailauthoring/email_layout_provider_translation.go,35,ApplyEmailLayoutProviderTranslationCandidate,"errs.Internal(errors.New(""email layout provider translation dependencies are required""))","tx == nil || store == nil || references == nil || auditWriter == nil || job == nil ||
	job.EntityType != ""email_layout"" || candidate == nil || !candidate.HasProviderUnitPatch()"
internal/emailauthoring/email_layout_provider_translation.go,39,ApplyEmailLayoutProviderTranslationCandidate,"errs.InternalMsg(""Email Layout provider translation requires canonical requester Member"")",err != nil || memberID == uuid.Nil || memberID.String() != strings.TrimSpace(job.RequestedByMemberID)
internal/emailauthoring/email_layout_provider_translation.go,43,ApplyEmailLayoutProviderTranslationCandidate,"errs.InternalMsg(""Email Layout provider translation time is required"")",now.IsZero()
internal/emailauthoring/email_layout_provider_translation.go,124,ApplyEmailLayoutProviderTranslationCandidate,"errs.InternalMsg(""provider source Email Layout translation did not advance source state"")",!result.Changed || !result.TranslationSourceChanged
internal/emailauthoring/email_layout_translation_interchange.go,45,LoadEmailLayoutTranslationInterchangeTarget,"errs.Internal(errors.New(""email layout translation interchange transaction is not configured""))",tx == nil
internal/emailauthoring/email_layout_translation_interchange.go,80,ApplyEmailLayoutTranslationInterchange,"errs.Internal(errors.New(""email layout translation interchange dependencies are not configured""))",tx == nil || references == nil
internal/emailauthoring/email_layout_translation_interchange.go,167,ApplyEmailLayoutTranslationInterchange,errs.Internal(err),err != nil
internal/emailauthoring/email_layout_translation_interchange.go,197,loadEmailLayoutInterchangeEntry,errs.Internal(result.Error),result.Error != nil
internal/emailauthoring/email_layout_translation_interchange.go,233,projectEmailLayoutInterchangeTarget,errs.Internal(err),err != nil
internal/emailauthoring/email_template.go,203,ListEmailTemplatesAdmin,errs.Internal(err),err := query.Count(&total).Error; err != nil
internal/emailauthoring/email_template.go,216,ListEmailTemplatesAdmin,errs.Internal(err),err := pg.Apply(query).Find(&templates).Error; err != nil
internal/emailauthoring/email_template.go,223,ListEmailTemplatesAdmin,errs.Internal(err),"err := loadEmailTemplateReferenceCounts(ctx, s.db, s.references, templatePointers); err != nil"
internal/emailauthoring/email_template.go,251,GetEmailTemplate,errs.Internal(err),"err := s.db.WithContext(ctx).First(&template, ""id = ?"", req.Msg.Id).Error; err != nil"
internal/emailauthoring/email_template.go,259,GetEmailTemplate,errs.Internal(err),"err := loadEmailTemplateReferenceCounts(
	ctx,
	s.db,
	s.references,
	[]*model.EmailTemplate{&template},
); err != nil"
internal/emailauthoring/email_template.go,339,persistNewEmailTemplateSourceMetadata,errs.Internal(err),"err := tx.WithContext(ctx).Exec(
	`INSERT INTO email_template_translation (
			entity_id, locale, subject, created_at, updated_at
		) VALUES (?, ?, ?, ?, ?)`,
	template.ID, sourceLocale, template.Subject, now, now,
).Error; err != nil"
internal/emailauthoring/email_template.go,351,CreateEmailTemplate,errs.Internal(err),err != nil
internal/emailauthoring/email_template.go,360,CreateEmailTemplate,"errs.InternalMsg(""Email Template content Block store is not configured"")",s.contentBlocks == nil
internal/emailauthoring/email_template.go,431,CreateEmailTemplate,errs.Wrap(err),err != nil
internal/emailauthoring/email_template.go,455,UpdateEmailTemplate,"errs.InternalMsg(""email template updated_at is missing"")",template.UpdatedAt == nil
internal/emailauthoring/email_template.go,494,DeleteEmailTemplate,"errs.InternalMsg(""Email Template content Block store is not configured"")",s.contentBlocks == nil
internal/emailauthoring/email_template.go,542,DeleteEmailTemplate,errs.Internal(err),err != nil
internal/emailauthoring/email_template_content_contract.go,44,loadCampaignEmailContentDocumentRoot,"errs.Internal(fmt.Errorf(""unsupported Email Template content entity %q"", entityType))",entityType != emailTemplateContentEntity
internal/emailauthoring/email_template_content_contract.go,59,loadCampaignEmailContentDocumentRoot,errs.Internal(result.Error),result.Error != nil
internal/emailauthoring/email_template_content_contract.go,66,loadCampaignEmailContentDocumentRoot,"errs.Internal(fmt.Errorf(""invalid email template content_document_id: %w"", err))",err != nil
internal/emailauthoring/email_template_content_contract.go,73,lockCampaignEmailTranslationSource,"errs.Internal(fmt.Errorf(""unsupported Email Template content entity %q"", entityType))",entityType != emailTemplateContentEntity
internal/emailauthoring/email_template_content_contract.go,83,lockCampaignEmailTranslationSource,errs.Internal(result.Error),result.Error != nil
internal/emailauthoring/email_template_content_contract.go,93,loadCampaignEmailSourceContext,"errs.Internal(fmt.Errorf(""unsupported Email Template content entity %q"", entityType))",entityType != emailTemplateContentEntity
internal/emailauthoring/email_template_content_contract.go,103,loadCampaignEmailSourceContext,errs.Internal(result.Error),result.Error != nil
internal/emailauthoring/email_template_content_contract.go,113,loadCampaignEmailSourceSubject,"errs.Internal(fmt.Errorf(""unsupported Email Template content entity %q"", entityType))",entityType != emailTemplateContentEntity
internal/emailauthoring/email_template_content_contract.go,121,loadCampaignEmailSourceSubject,errs.Internal(result.Error),result.Error != nil
internal/emailauthoring/email_template_content_contract.go,131,updateCampaignEmailLocaleSubject,"errs.Internal(fmt.Errorf(""unsupported Email Template content entity %q"", entityType))",entityType != emailTemplateContentEntity
internal/emailauthoring/email_template_content_contract.go,164,updateCampaignEmailLocaleSubject,errs.Internal(result.Error),result.Error != nil
internal/emailauthoring/email_template_content_contract.go,235,normalizeCampaignEmailContentBlockError,"errs.Internal(fmt.Errorf(""%s content document: %w"", entityType, err))",
internal/emailauthoring/email_template_content_contract.go,247,asCampaignEmailConnectError,errs.Internal(err),
internal/emailauthoring/email_template_content_runtime.go,51,syncCustomEmailTemplateVariables,errs.Internal(err),"err := db.WithContext(ctx).Model(&emailTemplateBaseRow{}).
	Where(""id = ? AND is_system = FALSE"", templateID).Update(""variables"", variables).Error; err != nil"
internal/emailauthoring/email_template_content_runtime.go,58,loadCampaignEmailEditorProjection,"errs.Internal(errors.New(""email template content block store is not configured""))",store == nil
internal/emailauthoring/email_template_content_runtime.go,96,requireCampaignEmailDocumentLoad,errs.Internal(err),err != nil
internal/emailauthoring/email_template_content_runtime.go,105,requireCampaignEmailDocumentLoad,"errs.InternalMsg(""unsupported Email Template collaboration resource"")",resourceType != intrav1.CollaborationResourceType_COLLABORATION_RESOURCE_TYPE_EMAIL_TEMPLATE
internal/emailauthoring/email_template_mapping.go,36,GetEventMappings,errs.Internal(err),"err := s.db.WithContext(ctx).
	Where(""event_key IS NOT NULL"").
	Order(""event_key ASC"").
	Find(&templates).Error; err != nil"
internal/emailauthoring/email_template_mapping.go,64,UpdateEventMapping,errs.Internal(err),err != nil
internal/emailauthoring/email_template_mapping.go,81,UpdateEventMapping,errs.Internal(err),err != nil
internal/emailauthoring/email_template_preview.go,33,PreviewEmailTemplate,errs.Internal(err),"err := s.db.WithContext(ctx).First(&emailTemplate, ""id = ?"", req.Msg.Id).Error; err != nil"
internal/emailauthoring/email_template_preview.go,86,PreviewEmailTemplate,errs.Internal(err),err != nil
internal/emailauthoring/email_template_target_locale_document.go,62,loadEmailTemplateExactLocaleMetadata,errs.Internal(err),err := query.Take(&row).Error; err != nil
internal/emailauthoring/email_template_target_locale_document.go,145,deriveEmailTemplateTargetRevision,errs.Internal(err),err != nil
internal/emailauthoring/email_template_target_locale_document.go,279,applyEmailTemplateTargetMutation,errs.Internal(created.Error),created.Error != nil
internal/emailauthoring/email_template_target_locale_document.go,282,applyEmailTemplateTargetMutation,"errs.InternalMsg(""Email Template target locale could not be created"")",created.RowsAffected != 1
internal/emailauthoring/email_template_target_locale_document.go,302,applyEmailTemplateTargetMutation,errs.Internal(updated.Error),updated.Error != nil
internal/emailauthoring/email_template_target_locale_document.go,305,applyEmailTemplateTargetMutation,"errs.InternalMsg(""Email Template target locale disappeared while saving"")",updated.RowsAffected != 1
internal/emailauthoring/email_template_target_locale_document.go,321,applyEmailTemplateTargetMutation,errs.Internal(err),"err := tx.WithContext(ctx).Table(""email_template"").Where(""id = ?"", input.TemplateID).
	UpdateColumn(""updated_at"", now).Error; err != nil"
internal/emailauthoring/email_template_target_locale_document.go,391,deleteEmailTemplateTargetLocale,errs.Internal(deleted.Error),deleted.Error != nil
internal/emailauthoring/email_template_target_locale_document.go,394,deleteEmailTemplateTargetLocale,"errs.InternalMsg(""Email Template target locale disappeared while deleting"")",deleted.RowsAffected != 1
internal/emailauthoring/email_template_target_locale_document.go,408,deleteEmailTemplateTargetLocale,errs.Internal(err),"err := tx.WithContext(ctx).Table(""email_template"").Where(""id = ?"", templateID).
	UpdateColumn(""updated_at"", now.UTC()).Error; err != nil"
internal/emailauthoring/email_template_target_locale_document.go,433,projectEmailTemplateTargetMaterializedContent,errs.Internal(updated.Error),updated.Error != nil
internal/emailauthoring/email_template_test_send.go,54,SendTestEmail,errs.Internal(err),"err := s.db.WithContext(ctx).First(&template, ""id = ?"", req.Msg.Id).Error; err != nil"
internal/emailauthoring/email_template_test_send.go,58,SendTestEmail,"errs.Internal(fmt.Errorf(""email publisher is not configured""))",s.publisher == nil
internal/emailauthoring/email_template_test_send.go,66,SendTestEmail,"errs.Internal(fmt.Errorf(""failed to queue test email: %w"", err))","err := s.publisher.PublishSendEmail(ctx, sendJob); err != nil"
internal/emailauthoring/email_template_update.go,263,mapEmailTemplateUpdateError,errs.Internal(err),
internal/emailauthoring/internal_email_layout.go,170,SaveDocument,errs.Internal(err),"err := s.db.WithContext(ctx).Transaction(func(tx *gorm.DB) error {
	authority, err := loadEmailLayoutDocumentAuthority(ctx, tx, r.EmailLayoutId, ""UPDATE"")
	if err != nil {
		return err
	}
	if authority.DocumentRevision != expectedDocumentRevision {
		return errs.CollaborationConflict(
			intrav1.CollaborationConflictReason_COLLABORATION_CONFLICT_REASON_DOCUMENT_REVISION_CHANGED,
			""Email Layout Content Document changed; reload before saving"",
		)
	}
	if err := ensureEmailLayoutMutableForActiveDelivery(ctx, tx, s.references, authority.LayoutID); err != nil {
		return err
	}
	canonicalSource, err := emailutil.LoadCanonicalLayoutTranslationDocument(
		ctx, tx, r.EmailLayoutId, authority.SourceLocale,
	)
	if err != nil {
		return err
	}
	if roomLocale != authority.SourceLocale {
		return s.saveTargetDocument(ctx, tx, r, authority, canonicalSource, now, &result)
	}
	if len(r.LocaleValues) != 0 {
		return errs.InvalidArgument(""locale_values"", ""source locale uses content_html"")
	}
	if r.ExpectedTargetRevision != nil {
		return errs.InvalidArgument(""expected_target_revision"", ""source locale has no target revision"")
	}
	originMemberID, err := requireEmailAuthoringMutationContributor(
		ctx, tx, r.ContributorMemberIds,
	)
	if err != nil {
		return err
	}
	if err := requireEmailLayoutCollaborationContributors(
		ctx, tx, s.checkpoints, r.EmailLayoutId, r.ContributorMemberIds,
	); err != nil {
		return err
	}

	contentHTMLValue := emailutil.NormalizeTemplatePlaceholders(strings.ReplaceAll(r.ContentHtml, ""\x00"", """"))
	canonicalHTMLValue, err := emailutil.CanonicalizeLayoutSourceMarkers(contentHTMLValue)
	if err != nil {
		return errs.InvalidArgument(""html_content"", err.Error())
	}
	contentHTMLValue = canonicalHTMLValue
	if err := emailutil.ValidateLayoutHTMLContentError(contentHTMLValue); err != nil {
		return errs.InvalidArgument(""html_content"", err.Error())
	}
	contentTextValue := strings.ReplaceAll(r.ContentText, ""\x00"", """")
	if strings.TrimSpace(contentTextValue) == """" {
		contentTextValue = emailutil.StripHTML(contentHTMLValue)
	}
	unchanged := derefString(canonicalSource.ContentHTML) == contentHTMLValue &&
		derefString(canonicalSource.ContentText) == contentTextValue
	advance, err := s.contentBlocks.AdvanceRevision(
		ctx,
		tx,
		contentblock.AdvanceInput{DocumentID: authority.DocumentID, ExpectedRevision: expectedDocumentRevision},
		emailLayoutContentFence(s.references, r.EmailLayoutId),
		func(ctx context.Context, tx *gorm.DB) (contentblock.MetadataEffect, error) {
			if unchanged {
				return contentblock.MetadataEffect{}, nil
			}
			if err := emailutil.SaveLayoutSourceLocaleDocument(
				ctx, tx, r.EmailLayoutId, authority.SourceLocale,
				emailutil.LayoutTranslationDocument{ContentHTML: &contentHTMLValue, ContentText: &contentTextValue},
				now,
			); err != nil {
				return contentblock.MetadataEffect{}, err
			}
			return contentblock.MetadataEffect{
				Changed:	true, AffectsTranslationSource: true,
				ChangedLocales:	[]string{authority.SourceLocale},
			}, nil
		},
	)
	if err != nil {
		return err
	}
	result.documentRevision = advance.DocumentRevision.String()
	result.changed = advance.Changed
	if advance.Changed {
		return appendEmailLayoutLocaleContentAudit(
			ctx, tx, s.auditWriter, originMemberID, r.EmailLayoutId, roomLocale,
			emailAuthoringLocaleContentOperation(true, false, false, true),
		)
	}
	return nil
}); err != nil"
internal/emailauthoring/internal_email_layout.go,390,LoadDocument,errs.Internal(err),"err := s.db.WithContext(ctx).Transaction(func(tx *gorm.DB) error {
	authority, err := loadEmailLayoutDocumentAuthority(ctx, tx, req.Msg.EmailLayoutId, ""SHARE"")
	if err != nil {
		return err
	}
	state, err := emailutil.LoadCanonicalLayoutTranslationDocument(
		ctx, tx, req.Msg.EmailLayoutId, authority.SourceLocale,
	)
	if err != nil {
		return err
	}
	var targetRevision *string
	var units []*intrav1.EmailLayoutContentUnit
	var localeValues []*intrav1.EmailLayoutLocaleValue
	if roomLocale != authority.SourceLocale {
		entry, loadErr := emailutil.LoadLayoutTranslationEntry(
			ctx, tx, req.Msg.EmailLayoutId, roomLocale,
		)
		if loadErr != nil {
			return loadErr
		}
		sourceUnits, unitErr := emailutil.ExtractLayoutContentUnits(derefString(state.ContentHTML))
		if unitErr != nil {
			return errs.FailedPrecondition(
				""Email Layout source unit markers require backfill before collaboration editing"",
			)
		}
		units = make([]*intrav1.EmailLayoutContentUnit, 0, len(sourceUnits))
		for _, unit := range sourceUnits {
			units = append(units, &intrav1.EmailLayoutContentUnit{
				Handle:	unit.Handle, Kind: unit.Kind, Element: unit.Element,
				Attribute:	unit.Attribute, Order: uint32(unit.Order), SourceValue: unit.SourceValue,
			})
		}
		if entry != nil && entry.ContentHTML != nil {
			storedValues, valueErr := emailutil.ExtractLayoutStoredLocaleValues(*entry.ContentHTML)
			if valueErr != nil {
				return errs.FailedPrecondition(
					""Email Layout target unit markers require backfill before collaboration editing"",
				)
			}
			localeValues = make([]*intrav1.EmailLayoutLocaleValue, 0, len(storedValues))
			for _, unit := range sourceUnits {
				if value, present := storedValues[unit.Handle]; present {
					localeValues = append(localeValues, &intrav1.EmailLayoutLocaleValue{Handle: unit.Handle, Value: value})
				}
			}
		}
		targetRevision, loadErr = deriveEmailLayoutTargetRevision(authority.DocumentRevision.String(), entry)
		if loadErr != nil {
			return loadErr
		}
	}
	contentHTML, contentText := derefString(state.ContentHTML), derefString(state.ContentText)
	if roomLocale != authority.SourceLocale {
		contentHTML, contentText = """", """"
	}
	response = connect.NewResponse(&intrav1.LoadEmailLayoutDocumentResponse{
		ContentHtml:	contentHTML, ContentText: contentText,
		SourceLocale:	authority.SourceLocale, Locale: roomLocale,
		DocumentRevision:	authority.DocumentRevision.String(), TargetRevision: targetRevision,
		Units:	units, LocaleValues: localeValues,
	})
	return nil
}); err != nil"
internal/emailauthoring/internal_email_template.go,381,LoadDocument,"errs.Internal(errors.New(""email template collaboration authorization is not configured""))",s.spiceDB == nil
internal/emailauthoring/internal_email_template.go,423,LoadDocument,errs.Internal(err),err != nil
internal/emailauthoring/internal_email_template.go,441,requireContentBlockRuntime,"errs.Internal(errors.New(""email template content Block runtime is not configured""))",s == nil || s.db == nil || s.contentBlocks == nil
internal/emailauthoring/translation_adapter.go,108,ApplyTemplateTranslationCandidate,"errs.InternalMsg(""Email Template translation audit requires canonical requester Member"")",parseErr != nil || memberID == uuid.Nil || memberID.String() != strings.TrimSpace(job.RequestedByMemberID)
internal/emailauthoring/translation_adapter.go,127,ApplyTemplateTranslationCandidate,"errs.InternalMsg(""provider source Email Template translation did not advance source state"")",!result.TranslationSourceChanged
internal/emailauthoring/translation_adapter.go,130,ApplyTemplateTranslationCandidate,errs.Internal(err),"err := tx.WithContext(ctx).Table(""email_template"").Where(""id = ?"", job.EntityID).Update(""updated_at"", input.Now).Error; err != nil"
internal/emailauthoring/translation_adapter.go,173,ApplyTemplateTranslationCandidate,"errs.InternalMsg(""Email Template translation audit requires requester Member"")","strings.TrimSpace(job.RequestedByMemberID) == """""
internal/emailauthoring/translation_adapter.go,226,projectEmailTemplateMaterializedContent,errs.Internal(err),"err := tx.WithContext(ctx).Table(""email_template_translation"").
	Where(""entity_id = ?"", templateID).
	Order(""locale ASC"").Pluck(""locale"", &persistedLocales).Error; err != nil"
internal/emailauthoring/translation_adapter.go,258,projectEmailTemplateMaterializedContent,errs.Internal(result.Error),result.Error != nil
internal/emailauthoring/translation_interchange.go,60,LoadTemplateTranslationInterchangeTarget,"errs.Internal(errors.New(""email template translation interchange dependencies are not configured""))",tx == nil || store == nil
internal/emailauthoring/translation_interchange.go,97,LoadTemplateTranslationInterchangeTarget,"errs.InternalMsg(""Email Template target Blocks exist without owning locale metadata"")",!exists && len(document.GetLocaleOverlay().GetBlocks()) != 0
internal/emailauthoring/translation_interchange.go,108,LoadTemplateTranslationInterchangeTarget,errs.Internal(err),err != nil
internal/emailauthoring/translation_interchange.go,126,ApplyTemplateTranslationInterchange,"errs.Internal(errors.New(""email template translation interchange dependencies are not configured""))",tx == nil || store == nil || references == nil
internal/emailauthoring/translation_interchange.go,222,loadTemplateInterchangeMetadata,errs.Internal(result.Error),result.Error != nil
internal/emailauthoring/translation_primitives.go,87,requireEmailAuthoringMutationContributor,errs.Internal(err),"err := tx.WithContext(ctx).Table(""member"").Where(""id = ?"", contributor).Count(&count).Error; err != nil"
internal/emaildelivery/courier.go,169,SendEmail,errs.Internal(err),err != nil
internal/emaildelivery/courier.go,200,SendEmail,errs.Internal(err),err != nil
internal/emaildelivery/courier.go,213,SendEmail,errs.Internal(err),err != nil
internal/emaildelivery/mail_adapter.go,92,requireMailAdapterCan,errs.Internal(canErr),canErr != nil
internal/emaildelivery/mail_adapter.go,104,Create,errs.Internal(err),err != nil
internal/emaildelivery/mail_adapter.go,135,Create,"errs.Internal(fmt.Errorf(""failed to set config: %w"", err))",err := adapter.SetConfig(config); err != nil
internal/emaildelivery/mail_adapter.go,147,Create,errs.Wrap(err),"err := s.db.WithContext(ctx).Transaction(func(tx *gorm.DB) error {
	if err := identitystate.RequireFreshAdminCan(ctx, tx, s.spiceDB, mailAdapterCan); err != nil {
		return err
	}
	name := strings.TrimSpace(req.Msg.Name)
	if name == """" {
		return errs.Required(""name"")
	}
	if len(name) > 255 {
		return errs.InvalidArgument(""name"", ""must be at most 255 characters"")
	}
	adapterType := protoToModelAdapterType(req.Msg.Type)
	if adapterType == """" {
		return errs.InvalidArgument(""type"", ""invalid adapter type"")
	}
	config, err := s.buildConfig(adapterType, req.Msg.GetSesConfig(), req.Msg.GetSmtpConfig())
	if err != nil {
		return errs.InvalidArgumentMsg(err.Error())
	}
	adapter = &model.MailAdapter{
		Name:		name,
		Type:		adapterType,
		IsActive:	req.Msg.IsActive,
		Priority:	int(req.Msg.GetPriority()),
		CreatedAt:	time.Now(),
	}
	if err := adapter.SetConfig(config); err != nil {
		return errs.Internal(fmt.Errorf(""failed to set config: %w"", err))
	}
	if err := tx.Omit(""ID"").Clauses(clause.Returning{}).Create(adapter).Error; err != nil {
		return err
	}
	if s.auditWriter == nil {
		return nil
	}
	return domainaudit.AppendRequest(ctx, tx, s.auditWriter, sharedtelemetry.AuditMailAdapterCreated, func(metadata sharedtelemetry.AuditMetadata) (sharedtelemetry.AuditRecord, error) {
		return sharedtelemetry.NewMailAdapterCreatedAuditRecord(metadata, adapter.ID)
	})
}); err != nil"
internal/emaildelivery/mail_adapter.go,170,Update,errs.Internal(err),err != nil
internal/emaildelivery/mail_adapter.go,217,Update,"errs.Internal(fmt.Errorf(""failed to set config: %w"", err))",err := candidate.SetConfig(config); err != nil
internal/emaildelivery/mail_adapter.go,276,Update,errs.Internal(err),err != nil
internal/emaildelivery/mail_adapter.go,302,Delete,errs.Internal(err),err != nil
internal/emaildelivery/mail_adapter.go,326,Delete,errs.Wrap(err),"err := s.db.WithContext(ctx).Transaction(func(tx *gorm.DB) error {
	if err := tx.Clauses(clause.Locking{Strength: ""UPDATE""}).First(&adapter, ""id = ?"", req.Msg.Id).Error; err != nil {
		return err
	}
	if err := identitystate.RequireFreshAdminCan(ctx, tx, s.spiceDB, mailAdapterCan); err != nil {
		return err
	}
	if err := tx.Delete(&adapter).Error; err != nil {
		return err
	}
	if s.auditWriter == nil {
		return nil
	}
	return domainaudit.AppendRequest(ctx, tx, s.auditWriter, sharedtelemetry.AuditMailAdapterDeleted, func(metadata sharedtelemetry.AuditMetadata) (sharedtelemetry.AuditRecord, error) {
		return sharedtelemetry.NewMailAdapterDeletedAuditRecord(metadata, adapter.ID)
	})
}); err != nil"
internal/emaildelivery/mail_adapter.go,365,ListMailAdaptersAdmin,errs.Internal(err),err := query.Count(&total).Error; err != nil
internal/emaildelivery/mail_adapter.go,376,ListMailAdaptersAdmin,errs.Internal(err),err := query.Limit(int(limit)).Offset(int(offset)).Find(&adapters).Error; err != nil
internal/emaildelivery/mail_adapter.go,425,TestConfig,"errs.Internal(fmt.Errorf(""failed to set config: %w"", err))",err := tempAdapter.SetConfig(config); err != nil
internal/emaildelivery/mail_adapter.go,462,Test,errs.Internal(err),"err := s.db.WithContext(ctx).First(&dbAdapter, ""id = ?"", req.Msg.Id).Error; err != nil"
internal/emaildelivery/suppression_service.go,59,GetEmailSuppression,errs.Internal(err),err != nil
internal/emaildelivery/suppression_service.go,75,ReleaseEmailSuppression,errs.Internal(err),err != nil
internal/emaildelivery/suppression_service.go,84,ReleaseEmailSuppression,errs.Wrap(err),"err := s.releaseEmailSuppression(ctx, req.Msg.Email, releasedBy, can); err != nil"
internal/errors/connect.go,141,NotAuthenticated,"connect.NewError(connect.CodeUnauthenticated, stderrors.New(MsgNotAuthenticated))",
internal/errors/connect.go,146,AuthenticationRequired,"connect.NewError(connect.CodeUnauthenticated, stderrors.New(MsgAuthenticationRequired))",
internal/errors/connect.go,151,InvalidSession,"connect.NewError(connect.CodeUnauthenticated, stderrors.New(MsgInvalidSession))",
internal/errors/connect.go,158,DependencyUnavailable,"connect.NewError(connect.CodeUnavailable, fmt.Errorf(""%s unavailable"", dependency))",
internal/errors/connect.go,165,PermissionDenied,"connect.NewError(connect.CodePermissionDenied, stderrors.New(msg))",
internal/errors/connect.go,170,AdminRequired,"connect.NewError(connect.CodePermissionDenied, stderrors.New(MsgAdminRequired))",
internal/errors/connect.go,175,AuthorRequired,"connect.NewError(connect.CodePermissionDenied, stderrors.New(MsgAuthorRequired))",
internal/errors/connect.go,180,AccountBanned,"connect.NewError(connect.CodePermissionDenied, stderrors.New(MsgAccountBanned))",
internal/errors/connect.go,185,NoPermission,"connect.NewError(connect.CodePermissionDenied, fmt.Errorf(MsgNoPermission, action, resource))",
internal/errors/connect.go,192,NotFound,"connect.NewError(connect.CodeNotFound, fmt.Errorf(MsgResourceNotFound, resource, id))",
internal/errors/connect.go,197,NotFoundMsg,"connect.NewError(connect.CodeNotFound, fmt.Errorf(""%s"", msg))",
internal/errors/connect.go,204,AlreadyExists,"connect.NewError(connect.CodeAlreadyExists, fmt.Errorf(MsgResourceAlreadyExists, resource, field, value))",
internal/errors/connect.go,209,SlugAlreadyExists,"connect.NewError(connect.CodeAlreadyExists, fmt.Errorf(MsgSlugAlreadyExists, resource, slug))",
internal/errors/connect.go,214,AlreadyExistsMsg,"connect.NewError(connect.CodeAlreadyExists, fmt.Errorf(""%s"", msg))",
internal/errors/connect.go,221,InvalidArgument,"connect.NewError(connect.CodeInvalidArgument, fmt.Errorf(MsgFieldInvalid, field, reason))",
internal/errors/connect.go,226,InvalidArgumentMsg,"connect.NewError(connect.CodeInvalidArgument, fmt.Errorf(""%s"", msg))",
internal/errors/connect.go,231,Required,"connect.NewError(connect.CodeInvalidArgument, fmt.Errorf(MsgFieldRequired, field))",
internal/errors/connect.go,236,InvalidEntityType,"connect.NewError(connect.CodeInvalidArgument, fmt.Errorf(MsgInvalidEntityType, entityType))",
internal/errors/connect.go,241,InvalidEntityID,"connect.NewError(connect.CodeInvalidArgument, stderrors.New(MsgInvalidEntityID))",
internal/errors/connect.go,246,InvalidSortField,"connect.NewError(connect.CodeInvalidArgument, fmt.Errorf(MsgInvalidSortField, field))",
internal/errors/connect.go,251,InvalidFilterField,"connect.NewError(connect.CodeInvalidArgument, fmt.Errorf(MsgInvalidFilterField, field))",
internal/errors/connect.go,256,InvalidFilterOp,"connect.NewError(connect.CodeInvalidArgument, fmt.Errorf(MsgInvalidFilterOp, op, field))",
internal/errors/connect.go,263,FailedPrecondition,"connect.NewError(connect.CodeFailedPrecondition, fmt.Errorf(""%s"", msg))",
internal/errors/connect.go,297,MaxCommentDepth,"connect.NewError(connect.CodeFailedPrecondition, fmt.Errorf(MsgMaxCommentDepth, maxDepth))",
internal/errors/connect.go,304,Internal,"connect.NewError(connect.CodeInternal, err)",
internal/errors/connect.go,309,InternalMsg,"connect.NewError(connect.CodeInternal, fmt.Errorf(""%s"", msg))",
internal/errors/connect.go,319,Wrap,"connect.NewError(connect.CodeInternal, err)",
internal/favicon/bundle.go,234,readySourceAssetRef,errs.Internal(err),"err := db.WithContext(ctx).
	Where(
		""source_file_id = ? AND kind = ? AND status = ?"",
		strings.TrimSpace(sourceFileID),
		""favicon"",
		model.PublicAssetStatusReady,
	).
	Order(""created_at DESC"").
	Take(&asset).Error; err != nil"
internal/filemedia/client_media_upload.go,76,prepareMediaBundle,errs.Internal(err),err != nil
internal/filemedia/client_media_upload.go,81,prepareMediaBundle,errs.Internal(err),err != nil
internal/filemedia/client_media_upload.go,85,prepareMediaBundle,errs.Internal(err),err != nil
internal/filemedia/client_media_upload.go,97,prepareMediaBundle,errs.Internal(result.Error),result.Error != nil
internal/filemedia/client_media_upload.go,117,authorizedClientMediaSession,errs.Internal(err),"err := s.db.WithContext(ctx).Where(""upload_id = ? AND file_id = ?"", uploadID, fileID).Take(&session).Error; err != nil"
internal/filemedia/client_media_upload.go,129,HandleClientMediaArtifact,"http.Error(w, ""Method not allowed"", 405)",r.Method != http.MethodPut
internal/filemedia/client_media_upload.go,134,HandleClientMediaArtifact,"http.Error(w, ""authentication required"", 401)",!ok
internal/filemedia/client_media_upload.go,139,HandleClientMediaArtifact,"http.Error(w, ""invalid artifact identity"", 400)","!IsValidUUID(fileID) || !IsValidUUID(bundleID) || uploadID == """" || len(uploadID) > 256 || !clientMediaPathPattern.MatchString(path)"
internal/filemedia/client_media_upload.go,160,HandleClientMediaArtifact,"http.Error(w, http.StatusText(status), status)",err != nil
internal/filemedia/client_media_upload.go,184,authorizeMediaArtifact,errs.Internal(err),err != nil
internal/filemedia/client_media_upload.go,202,stageMediaArtifact,errs.Internal(err),err != nil
internal/filemedia/client_media_upload.go,211,stageMediaArtifact,errs.Internal(err),"_, err := tmp.Seek(0, io.SeekStart); err != nil"
internal/filemedia/client_media_upload.go,218,stageMediaArtifact,"errs.Internal(fmt.Errorf(""stage client artifact: %w"", err))",err != nil
internal/filemedia/client_media_upload.go,265,clientMediaArtifactWritable,errs.Internal(err),err != nil
internal/filemedia/client_media_verify.go,152,loadClientMediaPlan,errs.Internal(err),err != nil
internal/filemedia/client_media_verify.go,162,loadClientMediaPlan,errs.Internal(err),err != nil
internal/filemedia/client_media_verify.go,301,missingClientArtifact,"connect.NewError(connect.CodeUnavailable, fmt.Errorf(""%s %s"", missingClientArtifactReason, path))",
internal/filemedia/favicon_bundle.go,84,loadValidatedFaviconSource,"errs.Internal(fmt.Errorf(""load favicon source: %w"", err))","err := s.db.WithContext(ctx).
	Select(""id"", ""mime_type"", ""file_size"", ""extension"").
	Where(""id = ?"", sourceFileID).
	Take(&source).Error; err != nil"
internal/filemedia/favicon_bundle.go,95,loadValidatedFaviconSource,"errs.Internal(fmt.Errorf(""read favicon source: %w"", err))",err != nil
internal/filemedia/favicon_bundle.go,100,loadValidatedFaviconSource,"errs.Internal(fmt.Errorf(""read favicon source: %w"", readErr))",readErr != nil
internal/filemedia/favicon_bundle.go,103,loadValidatedFaviconSource,"errs.Internal(fmt.Errorf(""close favicon source: %w"", closeErr))",closeErr != nil
internal/filemedia/favicon_bundle.go,155,stageFaviconBundle,"errs.Internal(fmt.Errorf(""stage favicon SVG source asset: %w"", stageErr))",stageErr != nil
internal/filemedia/favicon_bundle.go,170,stageFaviconBundle,"errs.Internal(fmt.Errorf(
	""stage favicon derivative %s: %w"",
	output.Spec.DerivativeType.String(),
	stageErr,
))",stageErr != nil
internal/filemedia/favicon_bundle.go,189,commitFaviconBundle,"errs.Internal(fmt.Errorf(""begin favicon bundle transaction: %w"", tx.Error))",tx.Error != nil
internal/filemedia/favicon_bundle.go,195,commitFaviconBundle,"errs.Internal(fmt.Errorf(
	""store generated favicon bundle: %w"",
	stderrors.Join(callbackErr, rollbackErr),
))",callbackErr != nil
internal/filemedia/favicon_bundle.go,212,commitFaviconBundle,"errs.Internal(fmt.Errorf(
	""%w: commit error: %v; reconcile error: %v"",
	errFaviconBundleCommitUncertain,
	commitErr,
	reconcileErr,
))",commitErr != nil
internal/filemedia/file.go,692,checkPartUploadPermission,errs.Internal(err),err != nil
internal/filemedia/file.go,777,resolveUploadPermissionEntityID,"errs.Internal(fmt.Errorf(""failed to resolve track release: %w"", err))",err != nil
internal/filemedia/file.go,864,checkSpiceDBUploadPermission,"errs.InternalMsg(""permission check failed"")",err != nil
internal/filemedia/file.go,888,ensureUploadPermissionEntityExists,errs.Internal(err),"err := s.db.WithContext(ctx).Table(table).Where(""id = ?"", entityID).Count(&count).Error; err != nil"
internal/filemedia/file.go,933,AbortMultipartUpload,"errs.Internal(fmt.Errorf(""failed to load upload session: %w"", err))","err := s.db.WithContext(ctx).
	Where(""upload_id = ? AND file_id = ?"", req.Msg.UploadId, req.Msg.FileId).
	First(&session).Error; err != nil"
internal/filemedia/file.go,961,AbortMultipartUpload,errs.Internal(err),"err := s.bindUploadSessionIngestEmitter(progressEmitter, session); err != nil"
internal/filemedia/file.go,971,AbortMultipartUpload,"errs.Internal(fmt.Errorf(""invalid upload session target: %w"", err))",err != nil
internal/filemedia/file.go,975,AbortMultipartUpload,"errs.Internal(fmt.Errorf(""failed to claim upload session abort: %w"", err))",err != nil
internal/filemedia/file.go,990,AbortMultipartUpload,"errs.Internal(fmt.Errorf(""failed to abort multipart upload: %w"", err))",!IsMissingMultipartUploadAbortError(err)
internal/filemedia/file.go,1000,AbortMultipartUpload,errs.Internal(err),"err := s.cleanupClientMediaStaging(cleanupCtx, session); err != nil"
internal/filemedia/file.go,1003,AbortMultipartUpload,"errs.Internal(fmt.Errorf(""failed to delete upload session after abort: %w"", err))","err := s.deleteAbortedUploadSession(cleanupCtx, session.UploadID); err != nil"
internal/filemedia/file.go,1030,FindMultipartUploadCandidate,"errs.Internal(fmt.Errorf(""failed to find upload session candidate: %w"", err))",err != nil
internal/filemedia/file.go,1040,FindMultipartUploadCandidate,"errs.Internal(fmt.Errorf(""failed to reconcile upload session candidate: %w"", err))",err != nil
internal/filemedia/file_delete_lifecycle.go,91,DeleteFile,errs.Internal(err),"err := s.db.WithContext(ctx).Table(""file"").Where(""id = ?"", fileID).First(&file).Error; err != nil"
internal/filemedia/file_delete_lifecycle.go,95,DeleteFile,errs.Wrap(err),"err := s.deleteFileRecordByIDWithCan(ctx, fileID, &can); err != nil"
internal/filemedia/file_delivery_authorization.go,81,authorizeManageFileDeliveriesWithWitness,"errs.Internal(fmt.Errorf(""load File ownership: %w"", err))","err := s.db.WithContext(ctx).
	Select(""id"", ""uploaded_by_member_id"", ""delete_requested_at"").
	Where(""id IN ?"", uniqueFileIDs).
	Find(&files).Error; err != nil"
internal/filemedia/file_delivery_authorization.go,278,currentManageFileDeliveryUsages,"errs.Internal(fmt.Errorf(""load current Content file usage: %w"", err))","err := s.db.WithContext(ctx).Raw(query, arguments...).Scan(&rows).Error; err != nil"
internal/filemedia/file_delivery_authorization.go,326,loadOptionalManageFileIngestBindings,"errs.Internal(fmt.Errorf(""load file ingest classification: %w"", err))","err := s.db.WithContext(ctx).Where(""file_id IN ?"", fileIDs).Find(&bindings).Error; err != nil"
internal/filemedia/file_delivery_authorization.go,417,authorizeManageFilePermissionTarget,"errs.InternalMsg(""permission check failed"")",err != nil
internal/filemedia/file_download_policy_manage.go,330,resolveFileDownloadPolicyRelation,errs.Internal(err),err := query.Take(&row).Error; err != nil
internal/filemedia/file_download_policy_manage.go,348,resolveFileDownloadPolicyRelation,errs.Internal(err),err := query.Take(&row).Error; err != nil
internal/filemedia/file_download_policy_manage.go,410,authorizeFileDownloadPolicyOwner,"errs.Internal(fmt.Errorf(""unsupported File policy owner %s"", relation.ResourceType))",
internal/filemedia/file_download_policy_manage.go,449,loadFileDownloadPolicySegmentIDs,errs.Internal(err),"err := query.Order(""audience_segment_id ASC"").Pluck(""audience_segment_id"", &ids).Error; err != nil"
internal/filemedia/file_download_policy_manage.go,465,updateFileDownloadPolicyRelation,errs.Internal(err),"err := tx.WithContext(ctx).Model(&model.Track{}).
	Where(""id = ?"", relation.Selector.EntityID).
	Update(""download_audience"", string(audience)).Error; err != nil"
internal/filemedia/file_download_policy_manage.go,469,updateFileDownloadPolicyRelation,errs.Internal(err),"err := tx.WithContext(ctx).Where(""track_id = ?"", relation.Selector.EntityID).
	Delete(&model.TrackDownloadAudienceSegment{}).Error; err != nil"
internal/filemedia/file_download_policy_manage.go,480,updateFileDownloadPolicyRelation,errs.Internal(err),err := tx.WithContext(ctx).Create(&rows).Error; err != nil
internal/filemedia/file_download_policy_manage.go,487,updateFileDownloadPolicyRelation,errs.Internal(err),"err := tx.WithContext(ctx).Table(""content_block_attachment"").
	Where(""block_id = ? AND reference_path = ?"", *relation.Selector.BlockID, *relation.Selector.ReferencePath).
	Update(""download_audience"", string(audience)).Error; err != nil"
internal/filemedia/file_download_policy_manage.go,492,updateFileDownloadPolicyRelation,errs.Internal(err),"err := tx.WithContext(ctx).
	Where(""block_id = ? AND reference_path = ?"", *relation.Selector.BlockID, *relation.Selector.ReferencePath).
	Delete(&model.ContentBlockAttachmentDownloadAudienceSegment{}).Error; err != nil"
internal/filemedia/file_download_policy_manage.go,506,updateFileDownloadPolicyRelation,errs.Internal(err),err := tx.WithContext(ctx).Create(&rows).Error; err != nil
internal/filemedia/file_download_policy_manage.go,518,loadManageFileDownloadPolicy,"errs.InternalMsg(""attachment has invalid download audience"")",!ok
internal/filemedia/file_download_policy_manage.go,529,loadManageFileDownloadPolicy,errs.Internal(err),"err := db.WithContext(ctx).
	Where(""id IN ? AND archived_at IS NULL"", segmentIDs).
	Order(""LOWER(name) ASC, id ASC"").Find(&segments).Error; err != nil"
internal/filemedia/file_download_policy_manage.go,540,loadManageFileDownloadPolicy,"errs.InternalMsg(""attachment references an ineligible audience segment"")",!valid
internal/filemedia/file_download_policy_manage.go,594,appendRelationFileDownloadPolicyAudit,"errs.InternalMsg(""unsupported File download policy audit owner"")",
internal/filemedia/file_ingest_authorization_fence.go,97,revalidate,"errs.Internal(fmt.Errorf(""lock multipart completion upload authority: %w"", result.Error))",result.Error != nil
internal/filemedia/file_ingest_authorization_fence.go,153,requireFreshFileIngestAuthority,"errs.Internal(fmt.Errorf(""lock File ingest principal: %w"", err))",err != nil
internal/filemedia/file_ingest_authorization_fence.go,192,lockFileIngestAuthorizationTarget,"errs.Internal(fmt.Errorf(""lock File ingest %s target: %w"", target.resourceType, result.Error))",result.Error != nil
internal/filemedia/file_ingest_transcode_job.go,152,ensureStableFileIngestMediaGeneration,errs.Internal(err),err := db.WithContext(ctx).Clauses(clause.OnConflict{DoNothing: true}).Create(&row).Error; err != nil
internal/filemedia/file_ingest_transcode_job.go,155,ensureStableFileIngestMediaGeneration,errs.Internal(err),"err := db.WithContext(ctx).Where(""id = ?"", generationID).Take(&row).Error; err != nil"
internal/filemedia/file_ingest_transcode_job.go,197,ensureStableFileIngestPublicAsset,errs.Internal(err),err := db.WithContext(ctx).Clauses(clause.OnConflict{DoNothing: true}).Create(&row).Error; err != nil
internal/filemedia/file_ingest_transcode_job.go,200,ensureStableFileIngestPublicAsset,errs.Internal(err),"err := db.WithContext(ctx).Where(""id = ?"", assetID).Take(&row).Error; err != nil"
internal/filemedia/file_manager.go,45,fileManagerAuthority,errs.Internal(err),err != nil
internal/filemedia/file_manager.go,199,requireFileManagerFolder,errs.Internal(err),"err := s.db.WithContext(ctx).Table(""file_folder"").Where(""id = ?"", *folderID).Count(&count).Error; err != nil"
internal/filemedia/file_manager.go,377,listFileManagerItems,errs.Internal(err),err := queryResult.Error; err != nil
internal/filemedia/file_manager.go,396,listFileManagerItems,errs.Internal(err),err != nil
internal/filemedia/file_manager.go,400,listFileManagerItems,errs.Internal(err),err != nil
internal/filemedia/file_manager.go,404,listFileManagerItems,errs.Internal(err),err != nil
internal/filemedia/file_manager.go,417,listFileManagerItems,errs.Internal(pathErr),pathErr != nil
internal/filemedia/file_manager_deletion.go,37,GetFileDeletionImpact,errs.Internal(err),err != nil
internal/filemedia/file_manager_deletion.go,125,DeleteFiles,errs.Wrap(err),"err := s.db.WithContext(ctx).Transaction(func(tx *gorm.DB) error {
	if s.testBeforeFileMutationPrincipal != nil {
		s.testBeforeFileMutationPrincipal(tx, append([]string(nil), fileIDs...))
	}
	if err := identitystate.RequireFreshAdminCan(ctx, tx, s.spiceDB, can); err != nil {
		return err
	}
	if s.testAfterFileMutationPrincipal != nil {
		s.testAfterFileMutationPrincipal(append([]string(nil), fileIDs...))
	}
	files, err := lockFileManagerDeletionRows(ctx, tx, fileIDs)
	if err != nil {
		return err
	}
	activeReferences, err := ActiveFileReferenceIDs(ctx, tx, fileIDs)
	if err != nil {
		return err
	}
	usageRows, err := loadFileUsages(ctx, tx, fileIDs)
	if err != nil {
		return err
	}
	byFile := make(map[string][]fileUsageRow)
	for _, row := range usageRows {
		byFile[row.FileID] = append(byFile[row.FileID], row)
	}
	for _, fileID := range fileIDs {
		if _, referenced := activeReferences[fileID]; referenced {
			rejected = append(rejected, buildFileDeletionImpact(fileID, byFile[fileID]))
			continue
		}
		file := files[fileID]
		if file.DeleteRequestedAt != nil {
			mutations = append(mutations, &FileDeletionMutation{FileID: fileID, AlreadyPending: true})
			accepted = append(accepted, fileID)
			continue
		}
		mutation, markErr := markLockedFileDeletionRequestedWithDB(ctx, tx, file, now)
		if markErr != nil {
			return markErr
		}
		if mutation != nil {
			mutations = append(mutations, mutation)
			accepted = append(accepted, fileID)
			if !mutation.AlreadyPending {
				if err := appendFileDeletedAudit(ctx, tx, s.auditWriter, fileID); err != nil {
					return err
				}
			}
		}
	}
	for _, mutation := range mutations {
		if err := publishFileDeletionMutationWithDB(
			ctx,
			tx,
			fileDeleteAsyncPublisher{s.asyncPublisher},
			mutation,
			now,
		); err != nil {
			return err
		}
	}
	return nil
}); err != nil"
internal/filemedia/file_manager_deletion.go,190,DeleteFileFolder,errs.Wrap(err),"err := s.db.WithContext(ctx).Transaction(func(tx *gorm.DB) error {
	if err := identitystate.RequireFreshAdminCan(ctx, tx, s.spiceDB, can); err != nil {
		return err
	}
	prepared, err := prepareFileFolderDeletion(ctx, tx, *folderID, time.Now().UTC())
	if err == nil {
		for _, fileID := range prepared.fileIDs {
			if err := appendFileDeletedAudit(ctx, tx, s.auditWriter, fileID); err != nil {
				return err
			}
		}
		for _, deletedFolderID := range prepared.folderIDs {
			if err := appendFileFolderDeletedAudit(ctx, tx, s.auditWriter, deletedFolderID); err != nil {
				return err
			}
		}
	}
	plan = prepared
	if err != nil {
		return err
	}
	for _, mutation := range plan.mutations {
		if err := publishFileDeletionMutationWithDB(
			ctx,
			tx,
			fileDeleteAsyncPublisher{s.asyncPublisher},
			mutation,
			time.Now().UTC(),
		); err != nil {
			return err
		}
	}
	return nil
}); err != nil"
internal/filemedia/file_manager_folders.go,196,fileManagerMutationError,errs.Internal(err),
internal/filemedia/file_manager_folders.go,208,fileFolderProto,errs.Internal(err),err != nil
internal/filemedia/file_manager_mutations.go,47,RenameFile,errs.Internal(err),"err := tx.Clauses(clause.Locking{Strength: ""UPDATE""}).Select(""id"", ""file_name"", ""extension"", ""delete_requested_at"").Where(""id = ?"", *fileID).First(&file).Error; err != nil"
internal/filemedia/file_manager_mutations.go,59,RenameFile,errs.Internal(err),"err := tx.Table(""file"").Where(""id = ?"", *fileID).Updates(structured.Fields{""file_name"": name, ""updated_at"": gorm.Expr(""CURRENT_TIMESTAMP"")}).Error; err != nil"
internal/filemedia/file_manager_mutations.go,129,MoveFiles,errs.Wrap(err),"err := s.db.WithContext(ctx).Transaction(func(tx *gorm.DB) error {
	if s.testBeforeFileMutationPrincipal != nil {
		s.testBeforeFileMutationPrincipal(tx, append([]string(nil), fileIDs...))
	}
	if err := identitystate.RequireFreshAdminCan(ctx, tx, s.spiceDB, can); err != nil {
		return err
	}
	if s.testAfterFileMutationPrincipal != nil {
		s.testAfterFileMutationPrincipal(append([]string(nil), fileIDs...))
	}
	var files []model.File
	if err := tx.Clauses(clause.Locking{Strength: ""UPDATE""}).Select(""id"", ""folder_id"", ""delete_requested_at"").Where(""id IN ?"", fileIDs).Order(""id"").Find(&files).Error; err != nil {
		return err
	}
	if len(files) != len(fileIDs) {
		return errs.FailedPrecondition(""one or more files no longer exist"")
	}
	nextParentID := pointerValue(folderID)
	for _, file := range files {
		if file.DeleteRequestedAt != nil {
			return errs.FailedPrecondition(""file is pending deletion"")
		}
		previousParentID := pointerValue(file.FolderID)
		if previousParentID == nextParentID {
			continue
		}
		if err := tx.Table(""file"").Where(""id = ?"", file.ID).Updates(structured.Fields{""folder_id"": folderID, ""updated_at"": gorm.Expr(""CURRENT_TIMESTAMP"")}).Error; err != nil {
			return err
		}
		if err := appendFileMovedAudit(ctx, tx, s.auditWriter, file.ID, previousParentID, nextParentID); err != nil {
			return err
		}
	}
	return nil
}); err != nil"
internal/filemedia/file_manager_mutations.go,144,loadFileManagerFilesByIDs,errs.Internal(err),"err := s.db.WithContext(ctx).Raw(`SELECT 'file' AS item_type, id, folder_id AS parent_id, file_name AS name, extension, mime_type, file_size, duration_seconds, uploaded_by_member_id AS member_id, created_at, updated_at, 1 AS total FROM file WHERE id IN ? AND delete_requested_at IS NULL ORDER BY id`, fileIDs).Scan(&rows).Error; err != nil"
internal/filemedia/file_manager_mutations.go,161,loadFileManagerFilesByIDs,errs.Internal(err),err != nil
internal/filemedia/file_manager_mutations.go,165,loadFileManagerFilesByIDs,errs.Internal(err),err != nil
internal/filemedia/file_manager_mutations.go,169,loadFileManagerFilesByIDs,errs.Internal(err),err != nil
internal/filemedia/file_manager_mutations.go,225,validateFileManagerFileIDs,errs.Internal(err),"err := s.db.WithContext(ctx).Table(""file"").Where(""id IN ?"", fileIDs).Count(&count).Error; err != nil"
internal/filemedia/file_manager_read.go,29,GetFile,errs.Internal(err),"err := s.db.WithContext(ctx).Raw(`SELECT 'file' AS item_type, id, folder_id AS parent_id, file_name AS name, extension, mime_type, file_size, duration_seconds, uploaded_by_member_id AS member_id, created_at, updated_at, 1 AS total FROM file WHERE id = ? AND delete_requested_at IS NULL`, *fileID).Scan(&row).Error; err != nil"
internal/filemedia/file_manager_read.go,42,GetFile,errs.Internal(err),err != nil
internal/filemedia/file_manager_read.go,47,GetFile,errs.Internal(err),err != nil
internal/filemedia/file_manager_read.go,51,GetFile,errs.Internal(err),err != nil
internal/filemedia/file_manager_read.go,56,GetFile,errs.Internal(err),err != nil
internal/filemedia/file_manager_read.go,66,GetFile,errs.Internal(err),err != nil
internal/filemedia/file_manager_usage.go,357,ListFileUsages,errs.Internal(err),err != nil
internal/filemedia/file_manager_usage.go,361,ListFileUsages,errs.Internal(err),err != nil
internal/filemedia/file_manager_usage.go,382,requireFileManagerFile,errs.Internal(err),"err := s.db.WithContext(ctx).Table(""file"").Where(""id = ? AND delete_requested_at IS NULL"", fileID).Count(&count).Error; err != nil"
internal/filemedia/file_multipart_candidate.go,185,applyMultipartCandidateProjectionFilters,"errs.Internal(fmt.Errorf(""upload target classification is missing""))",
internal/filemedia/file_multipart_completion.go,149,loadAuthorizedMultipartCompletion,"errs.Internal(fmt.Errorf(""failed to load upload session: %w"", err))","err := s.db.WithContext(ctx).
	Where(""upload_id = ? AND file_id = ?"", request.GetUploadId(), request.GetFileId()).
	First(&session).Error; err != nil"
internal/filemedia/file_multipart_completion.go,157,loadAuthorizedMultipartCompletion,"errs.Internal(fmt.Errorf(""invalid upload session target: %w"", err))",err != nil
internal/filemedia/file_multipart_completion.go,166,loadAuthorizedMultipartCompletion,"errs.Internal(fmt.Errorf(""upload session contains unsupported upload type %q"", session.UploadType))",!ok
internal/filemedia/file_multipart_completion.go,178,loadAuthorizedMultipartCompletion,"errs.Internal(fmt.Errorf(""invalid upload session ingest target: %w"", err))",err != nil
internal/filemedia/file_multipart_completion.go,200,loadAuthorizedMultipartCompletion,errs.Internal(err),"err := s.bindUploadSessionIngestEmitter(completion.progressEmitter, session); err != nil"
internal/filemedia/file_multipart_completion.go,229,loadAuthorizedMultipartCompletion,"errs.Internal(fmt.Errorf(""failed to update upload session state: %w"", err))",err != nil
internal/filemedia/file_multipart_completion.go,266,recoverFinishedMultipartCompletion,"errs.Internal(fmt.Errorf(""inspect completed upload authority: %w"", err))","err := s.db.WithContext(ctx).
	Model(&model.UploadSession{}).
	Where(""file_id = ?"", fileID).
	Count(&activeSessionCount).Error; err != nil"
internal/filemedia/file_multipart_completion.go,277,recoverFinishedMultipartCompletion,"errs.Internal(fmt.Errorf(""load completed file: %w"", err))","err := s.db.WithContext(ctx).Where(""id = ?"", fileID).Take(&file).Error; err != nil"
internal/filemedia/file_multipart_completion.go,291,recoverFinishedMultipartCompletion,"errs.Internal(fmt.Errorf(""load completed file binding: %w"", err))","err := s.db.WithContext(ctx).Where(""file_id = ?"", fileID).Take(&binding).Error; err != nil"
internal/filemedia/file_multipart_completion.go,310,recoverFinishedMultipartCompletion,errs.Internal(err),err != nil
internal/filemedia/file_multipart_completion.go,322,recoverFinishedMultipartCompletion,"errs.Internal(fmt.Errorf(""verify completed file object: %w"", err))","err := s.verifyCompletedObjectContent(ctx, target.ObjectKey, file.FileSize, file.MimeType, uploadType); err != nil"
internal/filemedia/file_multipart_completion.go,361,recoverFinishedMultipartCompletion,"errs.Internal(fmt.Errorf(""sign completed file inline delivery: %w"", err))",err != nil
internal/filemedia/file_multipart_completion.go,375,recoverFinishedMultipartCompletion,"errs.Internal(fmt.Errorf(""sign completed file download delivery: %w"", err))",err != nil
internal/filemedia/file_multipart_completion.go,402,restoreFinishedMultipartPromotedAsset,"errs.Internal(fmt.Errorf(""restore completed favicon asset: %w"", err))",err != nil
internal/filemedia/file_multipart_completion.go,441,completeMultipartObject,"errs.Internal(fmt.Errorf(""failed to inspect completed file record: %w"", err))",err != nil
internal/filemedia/file_multipart_completion.go,476,completeMultipartObject,"errs.Internal(fmt.Errorf(""failed to reconcile multipart parts before completion: %w"", err))",err != nil
internal/filemedia/file_multipart_completion.go,547,handleMultipartCompletionStorageError,"errs.Internal(fmt.Errorf(""failed to complete multipart upload: %w"", completionErr))",!terminal
internal/filemedia/file_multipart_completion.go,554,handleMultipartCompletionStorageError,"errs.Internal(fmt.Errorf(""failed to complete multipart upload: %w"", completionErr))","err := s.deleteMultipartCompletionObject(ctx, completion.objectKey); err != nil"
internal/filemedia/file_multipart_completion.go,560,handleMultipartCompletionStorageError,"errs.Internal(fmt.Errorf(""failed to complete multipart upload: %w"", completionErr))",
internal/filemedia/file_multipart_completion.go,614,verifyMultipartCompletionObject,"errs.Internal(fmt.Errorf(""failed to verify previously completed upload: %w"", err))",completion.domainApplied
internal/filemedia/file_multipart_completion.go,626,verifyMultipartCompletionObject,"errs.Internal(fmt.Errorf(""failed to verify completed upload: %w"", err))",
internal/filemedia/file_multipart_completion.go,652,persistMultipartCompletion,"errs.Internal(fmt.Errorf(""failed to validate completed upload state: %w"", err))","err := s.validateCompletedFileRecord(
	ctx,
	completion.session,
	completion.uploadType,
	resolvedEntityType,
); err != nil"
internal/filemedia/file_multipart_completion.go,658,persistMultipartCompletion,errs.Internal(err),err != nil
internal/filemedia/file_multipart_completion.go,673,persistMultipartCompletion,"errs.Internal(fmt.Errorf(""failed to create verified file record: %w"", err))",err != nil
internal/filemedia/file_multipart_completion.go,725,attachOrProjectMultipartCompletion,errs.Internal(err),err != nil
internal/filemedia/file_multipart_completion.go,738,attachOrProjectMultipartCompletion,errs.Internal(err),err != nil
internal/filemedia/file_multipart_completion.go,767,attachOrProjectMultipartCompletion,"errs.Internal(fmt.Errorf(""failed to confirm durable file attachment: %w"", err))","err := completion.progressEmitter.publishAttachedConfirmed(
	completion.session.FileName,
	completion.verifiedMime,
	completion.session.FileSize,
); err != nil"
internal/filemedia/file_multipart_completion.go,813,finishMultipartCompletion,errs.Internal(err),"err := s.cleanupClientMediaStaging(ctx, completion.session); err != nil"
internal/filemedia/file_multipart_completion.go,816,finishMultipartCompletion,"errs.Internal(fmt.Errorf(""failed to delete completed upload session: %w"", err))","err := s.deleteCompletedUploadSession(ctx, completion.session.UploadID); err != nil"
internal/filemedia/file_multipart_initiate.go,238,resumeOrReplaceMultipartUpload,"errs.Internal(fmt.Errorf(""failed to cleanup superseded upload sessions: %w"", err))","err := s.cleanupSupersededUploadSessions(ctx, selection.activeSessions, ""Upload replaced""); err != nil"
internal/filemedia/file_multipart_initiate.go,259,createMultipartUploadSession,"errs.Internal(fmt.Errorf(""failed to create multipart upload: %w"", err))",err != nil
internal/filemedia/file_multipart_initiate.go,274,createMultipartUploadSession,errs.Internal(err),err != nil
internal/filemedia/file_multipart_initiate.go,283,multipartFileKeyError,"errs.Internal(fmt.Errorf(""failed to build file key: %w"", err))",
internal/filemedia/file_multipart_initiate.go,351,multipartSessionInsertError,"errs.Internal(fmt.Errorf(""failed to create upload session: %w"", err))",
internal/filemedia/file_multipart_initiate.go,369,publishMultipartUploadStarted,errs.Internal(err),"err := s.bindUploadSessionIngestEmitter(emitter, session); err != nil"
internal/filemedia/file_multipart_resume.go,46,prepareMultipartResumeResponse,errs.Internal(err),"err := s.publishMultipartResumeProgress(ctx, session, response); err != nil"
internal/filemedia/file_multipart_resume.go,64,reconcileMultipartResumeResponse,"errs.Internal(fmt.Errorf(""failed to reconcile multipart resume parts: %w"", err))",err != nil
internal/filemedia/file_remote_import_pipeline.go,165,newRemoteImportEmitter,"errs.InternalMsg(""durable remote file ingest emitter is required"")",request.identity.durable && request.requiresAttachment()
internal/filemedia/file_remote_import_pipeline.go,186,newRemoteImportEmitter,errs.Internal(err),err := emitter.setProjectionIdentity(request.projectionIdentity); err != nil
internal/filemedia/file_remote_import_pipeline.go,190,newRemoteImportEmitter,"errs.InternalMsg(""durable remote file ingest emitter is required"")",request.identity.durable && request.requiresAttachment() && emitter == nil
internal/filemedia/file_remote_import_pipeline.go,222,restoreRemoteImport,"errs.Internal(fmt.Errorf(""validate existing durable remote import: %w"", err))",err != nil
internal/filemedia/file_remote_import_pipeline.go,248,restoreRemoteImport,"errs.Internal(fmt.Errorf(""build existing durable remote import target: %w"", err))",err != nil
internal/filemedia/file_remote_import_pipeline.go,255,restoreRemoteImport,"errs.Internal(fmt.Errorf(""failed to reconfirm durable file attachment: %w"", err))","err := emitter.publishAttachedConfirmed(restored.fileName, restored.mimeType, restored.size); err != nil"
internal/filemedia/file_remote_import_pipeline.go,322,openRemoteImportSourceWithClient,"errs.Internal(fmt.Errorf(""failed to create request: %w"", err))",err != nil
internal/filemedia/file_remote_import_pipeline.go,327,openRemoteImportSourceWithClient,"errs.Internal(fmt.Errorf(""failed to download: %w"", remoteImportDownloadCause(err)))",err != nil
internal/filemedia/file_remote_import_pipeline.go,332,openRemoteImportSourceWithClient,"errs.Internal(fmt.Errorf(""download failed with status: %d"", response.StatusCode))",response.StatusCode != http.StatusOK
internal/filemedia/file_remote_import_pipeline.go,371,validateRemoteImportSource,"errs.Internal(fmt.Errorf(""failed to read response prefix: %w"", err))",err != nil
internal/filemedia/file_remote_import_pipeline.go,469,storeNormalizedRemoteImport,"errs.Internal(fmt.Errorf(""failed to build source file key: %w"", err))",err != nil
internal/filemedia/file_remote_import_pipeline.go,473,storeNormalizedRemoteImport,errs.Internal(err),"err := s.uploadRemoteImportObject(ctx, sourceKey, body, source.detectedMime); err != nil"
internal/filemedia/file_remote_import_pipeline.go,486,storeNormalizedRemoteImport,"errs.Internal(fmt.Errorf(""failed to build file key: %w"", err))",err != nil
internal/filemedia/file_remote_import_pipeline.go,497,storeNormalizedRemoteImport,errs.Internal(err),"err := s.uploadRemoteImportObject(ctx, objectKey, bytes.NewReader(normalizedBody), mimeType); err != nil"
internal/filemedia/file_remote_import_pipeline.go,519,storeRawRemoteImport,"errs.Internal(fmt.Errorf(""failed to build file key: %w"", err))",err != nil
internal/filemedia/file_remote_import_pipeline.go,522,storeRawRemoteImport,errs.Internal(err),"err := s.uploadRemoteImportObject(ctx, objectKey, body, source.detectedMime); err != nil"
internal/filemedia/file_remote_import_pipeline.go,577,finalizeRemoteImport,"errs.Internal(fmt.Errorf(""failed to sign imported inline delivery: %w"", err))",err != nil
internal/filemedia/file_remote_import_pipeline.go,591,finalizeRemoteImport,"errs.Internal(fmt.Errorf(""failed to sign imported file delivery: %w"", err))",err != nil
internal/filemedia/file_remote_import_pipeline.go,603,finalizeRemoteImport,"errs.Internal(fmt.Errorf(""failed to create file record: %w"", err))","err := s.createOrRestoreVerifiedRemoteImportRecord(
	ctx,
	file,
	request.entityID,
	request.slotID,
	request.identity,
	request.projectionIdentity,
	request.opts,
	stored.objectKey,
); err != nil"
internal/filemedia/file_remote_import_pipeline.go,624,finalizeRemoteImport,"errs.Internal(fmt.Errorf(""failed to confirm durable file attachment: %w"", err))","err := emitter.publishAttachedConfirmed(stored.fileName, stored.mimeType, stored.size); err != nil"
internal/filemedia/file_remote_source_handler.go,27,HandleUploadSource,"http.Error(w, ""Method not allowed"", http.StatusMethodNotAllowed)",r.Method != http.MethodGet
internal/filemedia/file_remote_source_handler.go,32,HandleUploadSource,"http.Error(w, err.Error(), http.StatusBadRequest)",err != nil
internal/filemedia/file_remote_source_handler.go,47,HandleUploadSource,"http.Error(w, ""Remote file exceeds maximum size"", http.StatusBadRequest)",int64(len(source.prefix)) > source.sourceMaxSize
internal/filemedia/file_remote_source_handler.go,52,HandleUploadSource,"http.Error(w, ""Remote file is below minimum size"", http.StatusBadRequest)","(source.response.ContentLength >= 0 && source.response.ContentLength < request.config.MinSize) ||
	(len(source.prefix) < remoteImportSniffBytes && int64(len(source.prefix)) < request.config.MinSize)"
internal/filemedia/file_remote_source_handler.go,159,writeUploadSourceError,"http.Error(w, http.StatusText(status), status)",
internal/filemedia/file_transcode.go,21,triggerFileScopedProcessingIfNeeded,"errs.Internal(fmt.Errorf(""load File processing source: %w"", err))","err := s.db.WithContext(ctx).Where(""id = ?"", fileID).Take(&file).Error; err != nil"
internal/filemedia/file_transcode.go,30,triggerFileScopedProcessingIfNeeded,errs.Internal(err),err != nil
internal/filemedia/file_transcode.go,40,triggerFileScopedProcessingIfNeeded,errs.Internal(err),err != nil
internal/filemedia/file_transcode.go,54,triggerFileScopedProcessingIfNeeded,"errs.Internal(fmt.Errorf(""enqueue File audio transcode job: %w"", err))",err != nil
internal/filemedia/file_transcode.go,68,triggerFileScopedProcessingIfNeeded,"errs.Internal(fmt.Errorf(""enqueue File video transcode job: %w"", err))",err != nil
internal/filemedia/file_upload_part_handler.go,79,rejectMultipartUploadPart,"http.Error(w, ""Upload session is finalizing"", http.StatusConflict)","errors.Is(err, mediaasset.ErrUploadSessionNotAbortable)"
internal/filemedia/file_upload_part_handler.go,83,rejectMultipartUploadPart,"http.Error(w, ""Failed to abort rejected upload"", http.StatusInternalServerError)","err := s.abortUploadSession(r.Context(), session, reason); err != nil"
internal/filemedia/file_upload_part_handler.go,273,HandleUploadPart,"http.Error(w, ""Upload type must use direct object storage"", http.StatusBadRequest)",uploadSessionUsesDirectS3(request.session)
internal/filemedia/file_upload_part_handler.go,333,validateRelayedMultipartUploadPart,"http.Error(w, ""Failed to refresh upload session"", http.StatusInternalServerError)",err != nil
internal/filemedia/file_upload_part_handler.go,337,validateRelayedMultipartUploadPart,"http.Error(w, ""Upload session is no longer writable"", http.StatusConflict)",!claimed
internal/filemedia/file_upload_part_handler.go,352,writeMultipartPartFailure,"http.Error(w, message, status)",
internal/filemedia/file_upload_part_handler.go,366,readMultipartPartBody,"http.Error(w, ""Upload interrupted"", http.StatusRequestTimeout)",err != nil
internal/filemedia/file_upload_part_handler.go,384,uploadRelayedMultipartPart,"http.Error(w, ""Upload session is no longer writable"", http.StatusConflict)","errors.Is(err, errMultipartUploadPartNotWritable)"
internal/filemedia/file_upload_part_handler.go,411,prepareMultipartFirstPart,"http.Error(w, ""Upload interrupted"", http.StatusRequestTimeout)",err != nil
internal/filemedia/file_upload_part_handler.go,447,HandleVerifyUploadPrefix,"http.Error(w, ""Upload type must use the authenticated API relay"", http.StatusBadRequest)",!uploadSessionUsesDirectS3(request.session)
internal/filemedia/file_upload_part_handler.go,453,HandleVerifyUploadPrefix,"http.Error(w, fmt.Sprintf(""Upload prefix must contain exactly %d bytes"", expectedPrefixSize), http.StatusBadRequest)",r.ContentLength != expectedPrefixSize
internal/filemedia/file_upload_part_handler.go,458,HandleVerifyUploadPrefix,"http.Error(w, ""Failed to read upload prefix"", http.StatusBadRequest)",err != nil || int64(len(prefix)) != expectedPrefixSize
internal/filemedia/file_upload_part_handler.go,465,HandleVerifyUploadPrefix,"http.Error(w, ""Invalid upload type"", http.StatusBadRequest)",config == nil
internal/filemedia/file_upload_part_handler.go,503,HandleVerifyUploadPrefix,"http.Error(w, ""Upload session is no longer writable"", http.StatusConflict)","errors.Is(err, errMultipartUploadPartNotWritable)"
internal/filemedia/file_upload_part_handler.go,507,HandleVerifyUploadPrefix,"http.Error(w, ""Failed to verify upload prefix"", http.StatusInternalServerError)",err != nil
internal/filemedia/file_upload_part_handler.go,520,HandlePresignUploadPart,"http.Error(w, ""Upload type must use the authenticated API relay"", http.StatusBadRequest)",!uploadSessionUsesDirectS3(request.session)
internal/filemedia/file_upload_part_handler.go,524,HandlePresignUploadPart,"http.Error(w, ""Upload prefix must be verified before uploading parts"", http.StatusPreconditionFailed)","request.session.DetectedMime == nil || strings.TrimSpace(*request.session.DetectedMime) == """""
internal/filemedia/file_upload_part_handler.go,531,HandlePresignUploadPart,"http.Error(w, ""Upload part is outside the expected multipart range"", http.StatusBadRequest)",expectedSize <= 0
internal/filemedia/file_upload_part_handler.go,555,HandlePresignUploadPart,"http.Error(w, ""Upload session is no longer writable"", http.StatusConflict)","errors.Is(err, errMultipartUploadPartNotWritable)"
internal/filemedia/file_upload_part_handler.go,559,HandlePresignUploadPart,"http.Error(w, ""Failed to prepare upload part"", http.StatusInternalServerError)",err != nil
internal/filemedia/file_upload_part_handler.go,576,HandlePresignUploadPart,"http.Error(w, ""Failed to sign upload part"", http.StatusInternalServerError)",err != nil
internal/filemedia/file_upload_part_handler.go,592,HandleConfirmUploadPart,"http.Error(w, ""Upload type must use the authenticated API relay"", http.StatusBadRequest)",!uploadSessionUsesDirectS3(request.session)
internal/filemedia/file_upload_part_handler.go,596,HandleConfirmUploadPart,"http.Error(w, ""Upload prefix must be verified before confirming parts"", http.StatusPreconditionFailed)","request.session.DetectedMime == nil || strings.TrimSpace(*request.session.DetectedMime) == """""
internal/filemedia/file_upload_part_handler.go,635,HandleConfirmUploadPart,"http.Error(w, ""Upload session is no longer writable"", http.StatusConflict)","errors.Is(err, errMultipartUploadPartNotWritable)"
internal/filemedia/file_upload_part_handler.go,639,HandleConfirmUploadPart,"http.Error(w, ""Uploaded part was not found in object storage"", http.StatusConflict)","errors.Is(err, errMultipartUploadedPartNotFound)"
internal/filemedia/file_upload_part_handler.go,644,HandleConfirmUploadPart,"http.Error(w, ""Failed to confirm upload part"", http.StatusInternalServerError)",err != nil
internal/filemedia/file_upload_part_handler.go,691,loadMultipartUploadPartRequest,"http.Error(w, ""Method not allowed"", http.StatusMethodNotAllowed)",r.Method != expectedMethod
internal/filemedia/file_upload_part_handler.go,696,loadMultipartUploadPartRequest,"http.Error(w, ""authentication required: sign in through the site login page and send the session cookie"", http.StatusUnauthorized)",!ok
internal/filemedia/file_upload_part_handler.go,704,loadMultipartUploadPartRequest,"http.Error(w, ""Invalid parameter length"", http.StatusBadRequest)",len(fileID) > 64 || len(request.uploadID) > 256 || len(request.correlationID) > 128
internal/filemedia/file_upload_part_handler.go,708,loadMultipartUploadPartRequest,"http.Error(w, ""Missing required parameters: fileId, uploadId"", http.StatusBadRequest)","fileID == """" || request.uploadID == """""
internal/filemedia/file_upload_part_handler.go,715,loadMultipartUploadPartRequest,"http.Error(w, ""Invalid partNumber (must be 1-10000)"", http.StatusBadRequest)",err != nil || parsedPartNumber < 1 || parsedPartNumber > 10000
internal/filemedia/file_upload_part_handler.go,729,loadMultipartUploadPartRequest,"http.Error(w, message, status)","err := s.db.WithContext(r.Context()).
	Where(""upload_id = ? AND file_id = ?"", request.uploadID, fileID).
	First(&request.session).Error; err != nil"
internal/filemedia/file_upload_part_handler.go,734,loadMultipartUploadPartRequest,"http.Error(w, ""Invalid upload session target"", http.StatusInternalServerError)",err != nil
internal/filemedia/file_upload_part_handler.go,754,validateMultipartUploadPartPermission,"http.Error(w, ""permission denied"", http.StatusForbidden)","err := s.checkPartUploadPermission(r.Context(), request.memberID, request.session); err != nil"
internal/filemedia/file_upload_part_handler.go,817,rejectMultipartFirstPart,"http.Error(w, reason, http.StatusBadRequest)","s.rejectMultipartUploadPart(w, r, session, reason)"
internal/filemedia/file_upload_resume.go,51,selectUnserializedMultipartResumeCandidate,"errs.Internal(
	fmt.Errorf(""failed to find active upload sessions: %w"", err),
)",err != nil
internal/filemedia/file_upload_resume.go,78,buildMultipartResumeResponse,"errs.Internal(fmt.Errorf(""failed to load uploaded parts: %w"", err))",err != nil
internal/filemedia/file_upload_resume.go,83,buildMultipartResumeResponse,errs.Internal(err),err != nil
internal/filemedia/file_urls.go,82,resolveContentFileDeliveries,"errs.Internal(fmt.Errorf(""load content file deliveries: %w"", err))","err := s.db.WithContext(ctx).
	Table(""file"").
	Select(""id"", ""extension"", ""mime_type"", ""file_size"", ""duration_seconds"", ""file_name"").
	Where(""id IN ? AND delete_requested_at IS NULL"", unique).
	Find(&files).Error; err != nil"
internal/filemedia/file_urls.go,96,resolveContentFileDeliveries,errs.Internal(err),err != nil
internal/filemedia/file_urls.go,149,getMediaDelivery,errs.Internal(err),err != nil
internal/filemedia/file_urls.go,194,GetBulkMediaDeliveries,errs.Internal(err),err != nil
internal/filemedia/file_urls.go,216,loadFileURLResponses,"errs.Internal(fmt.Errorf(""failed to query files: %w"", err))","err := s.db.WithContext(ctx).
	Table(""file"").
	Select(""id"", ""extension"", ""mime_type"", ""file_size"", ""duration_seconds"", ""file_name"", ""ingest_slot_id"", ""ingest_attempt_id"", ""client_media_bundle_id"").
	Where(""id IN ? AND delete_requested_at IS NULL"", fileIDs).
	Find(&files).Error; err != nil"
internal/filemedia/file_urls.go,228,loadFileURLResponses,"errs.Internal(fmt.Errorf(""failed to query file derivatives: %w"", err))",err != nil
internal/filemedia/file_urls.go,274,loadFileURLResponses,errs.Internal(err),err != nil
internal/filemedia/file_urls.go,289,loadFileURLResponses,errs.Internal(err),"err := s.attachFileDerivativeURLs(response, fileID, derivs); err != nil"
internal/filemedia/generated_file.go,66,CreateGeneratedGeneralFile,errs.Internal(err),err != nil
internal/filemedia/generated_file.go,73,CreateGeneratedGeneralFile,errs.Internal(err),err != nil
internal/filemedia/generated_file.go,81,CreateGeneratedGeneralFile,"errs.Internal(fmt.Errorf(""store generated File object: %w"", err))","_, err := s.s3Client.PutObject(ctx, &s3.PutObjectInput{
	Bucket:	aws.String(s.s3Bucket), Key: aws.String(objectKey),
	Body:	bytes.NewReader(input.Body), ContentLength: aws.Int64(int64(len(input.Body))),
	ContentType:	aws.String(mimeType),
}); err != nil"
internal/filemedia/generated_file.go,107,CreateGeneratedGeneralFile,"errs.Internal(errors.Join(createErr, fmt.Errorf(""verify generated File commit: %w"", existsErr)))",existsErr != nil
internal/filemedia/generated_file.go,110,CreateGeneratedGeneralFile,"errs.Internal(errors.Join(createErr, cleanupErr))",
internal/filemedia/generated_file.go,160,ReadVerifiedFileBody,"errs.Internal(fmt.Errorf(""load verified File metadata: %w"", result.Error))",result.Error != nil
internal/filemedia/generated_file.go,168,ReadVerifiedFileBody,errs.Internal(err),err != nil
internal/filemedia/generated_file.go,174,ReadVerifiedFileBody,"errs.Internal(fmt.Errorf(""read verified File object: %w"", err))",err != nil
internal/filemedia/generated_file.go,178,ReadVerifiedFileBody,"errs.Internal(fmt.Errorf(""close verified File object: %w"", closeErr))",closeErr := object.Body.Close(); closeErr != nil && retErr == nil
internal/filemedia/generated_file.go,183,ReadVerifiedFileBody,"errs.Internal(fmt.Errorf(""read verified File body: %w"", err))",err != nil
internal/filemedia/internal_file_ingest.go,163,attachTrackOriginalAudio,errs.Internal(err),err != nil
internal/filemedia/mesh_optimization.go,107,meshOptimizationJobFromCandidate,errs.Internal(err),err != nil
internal/filemedia/mesh_optimization.go,111,meshOptimizationJobFromCandidate,errs.Internal(err),err != nil
internal/filemedia/mesh_optimization.go,270,ListCandidates,errs.Internal(err),"err := s.db.WithContext(ctx).
	Where(""source_file_id = ? AND pipeline_version = ?"", input.SourceFileID, pipelineVersion).
	Order(""target_ratio_percent ASC, created_at DESC"").
	Find(&candidates).Error; err != nil"
internal/filemedia/mesh_optimization.go,340,GenerateCandidate,"errs.Internal(fmt.Errorf(""failed to enqueue mesh optimization: %w"", err))","err := s.db.WithContext(ctx).Transaction(func(tx *gorm.DB) error {
	var err error
	candidate, cacheHit, cleanupOutputID, err = s.findOrCreateCandidate(ctx, tx, input, cacheKey)
	if err != nil || (cacheHit && meshOptimizationCandidateCacheUsable(candidate.Status)) {
		return err
	}
	job, err := meshOptimizationJobFromCandidate(candidate, *source)
	if err != nil {
		return err
	}
	if asyncPublisher, ok := s.publisher.(AsyncPublisher); ok {
		if err := publishDurableProtoInTransaction(
			ctx,
			asyncPublisher,
			tx,
			eventpkg.QueueAssetOptimizerMesh,
			job.GetJobId(),
			job,
		); err != nil {
			return err
		}
	} else if err := s.publisher.PublishMeshOptimizationJob(ctx, job); err != nil {
		return err
	}
	enqueued = true
	return nil
}); err != nil"
internal/filemedia/mesh_optimization.go,390,UseCandidate,errs.Internal(err),"err := s.db.WithContext(ctx).
	Model(&model.MeshOptimizationCandidate{}).
	Where(""id = ?"", candidate.ID).
	Updates(structured.Fields{
		""selected_at"":	now,
		""expires_at"":	nil,
		""updated_at"":	now,
	}).Error; err != nil"
internal/filemedia/mesh_optimization.go,422,DiscardCandidate,errs.Internal(err),"err := s.db.WithContext(ctx).
	Model(&model.MeshOptimizationCandidate{}).
	Where(""id = ?"", candidate.ID).
	Updates(structured.Fields{
		""status"":	model.MeshOptimizationCandidateStatusCancelled,
		""cancelled_at"":	now,
		""expires_at"":	now.Add(meshOptimizationCandidateTTL),
		""updated_at"":	now,
	}).Error; err != nil"
internal/filemedia/mesh_optimization.go,445,HandleProgress,errs.Internal(err),"err := s.MarkCandidateProcessing(ctx, candidate.ID, unixMillisTime(event.GetTimestampMs())); err != nil"
internal/filemedia/mesh_optimization.go,468,HandleComplete,errs.Internal(err),err != nil
internal/filemedia/mesh_optimization.go,699,HandleFailed,errs.Internal(err),"err := s.db.WithContext(ctx).
	Model(&model.MeshOptimizationCandidate{}).
	Where(""id = ?"", candidate.ID).
	Updates(structured.Fields{
		""status"":		model.MeshOptimizationCandidateStatusFailed,
		""error_message"":	errText,
		""failed_at"":		failedAt,
		""expires_at"":		expiresAt,
		""updated_at"":		failedAt,
	}).Error; err != nil"
internal/filemedia/mesh_optimization.go,758,findOrCreateCandidate,errs.Internal(err),"!errors.Is(err, gorm.ErrRecordNotFound)"
internal/filemedia/mesh_optimization.go,766,findOrCreateCandidate,errs.Internal(err),"_, err := meshMediaObjectTarget(outputObjectID, ""glb"", ""model/gltf-binary""); err != nil"
internal/filemedia/mesh_optimization.go,791,findOrCreateCandidate,errs.Internal(err),err := db.WithContext(ctx).Create(&candidate).Error; err != nil
internal/filemedia/mesh_optimization.go,806,requeueCandidate,errs.Internal(err),"_, err := meshMediaObjectTarget(outputObjectID, ""glb"", ""model/gltf-binary""); err != nil"
internal/filemedia/mesh_optimization.go,834,requeueCandidate,errs.Internal(err),"err := db.WithContext(ctx).Model(&model.MeshOptimizationCandidate{}).
	Where(""id = ?"", candidate.ID).
	Updates(updates).Error; err != nil"
internal/filemedia/mesh_optimization.go,862,loadCandidate,errs.Internal(err),"err := s.db.WithContext(ctx).Where(""id = ?"", candidateID).Take(&candidate).Error; err != nil"
internal/filemedia/mesh_optimization.go,886,loadCandidateForMeshEvent,errs.Internal(err),"err := s.db.WithContext(ctx).
	Where(""id = ? AND job_id = ?"", correlationID, jobID).
	Take(&candidate).Error; err != nil"
internal/filemedia/mesh_optimization.go,961,ensureSourceFileOptimizable,errs.Internal(err),"err := s.db.WithContext(ctx).
	Where(""id = ? AND delete_requested_at IS NULL"", sourceFileID).
	Take(&file).Error; err != nil"
internal/filemedia/mesh_optimization.go,1007,ensureSourceFileLinkedToEntity,errs.Internal(err),"err := s.db.WithContext(ctx).
	Table(""content_block_attachment AS cbf"").
	Joins(""JOIN content_block AS cb ON cb.id = cbf.block_id"").
	Joins(""JOIN ""+ownerTable+"" AS owner ON owner.content_document_id = cb.document_id"").
	Where(""owner.id = ? AND cbf.selector_kind = 'active' AND cbf.file_id = ?"", entityID, sourceFileID).
	Count(&count).Error; err != nil"
internal/filemedia/public/content_block_media.go,64,hydrateAuthorizedContentBlockMedia,errs.Internal(ownerErr),ownerErr != nil
internal/filemedia/public/content_block_media.go,74,hydrateAuthorizedContentBlockMedia,errs.Internal(relationErr),relationErr != nil
internal/filemedia/public/content_block_media.go,78,hydrateAuthorizedContentBlockMedia,errs.Internal(loadErr),loadErr != nil
internal/filemedia/public/content_block_media.go,82,hydrateAuthorizedContentBlockMedia,errs.Internal(evaluateErr),evaluateErr != nil
internal/filemedia/public/content_block_media.go,97,hydrateAuthorizedContentBlockMedia,errs.Internal(presenceErr),presenceErr != nil
internal/filemedia/public/content_block_media.go,105,hydrateAuthorizedContentBlockMedia,errs.Internal(fingerprintErr),fingerprintErr != nil
internal/filemedia/public/content_block_media.go,109,hydrateAuthorizedContentBlockMedia,errs.Internal(viewerErr),viewerErr != nil
internal/filemedia/public/content_block_media.go,132,hydrateAuthorizedContentBlockMedia,errs.Internal(lockErr),"lockErr := mediaasset.LockFileDownloadPolicySegments(ctx, tx, evaluatedSources); lockErr != nil"
internal/filemedia/public/content_block_media.go,136,hydrateAuthorizedContentBlockMedia,errs.Internal(ownerErr),ownerErr != nil
internal/filemedia/public/content_block_media.go,146,hydrateAuthorizedContentBlockMedia,errs.Internal(lockErr),lockErr != nil
internal/filemedia/public/content_block_media.go,150,hydrateAuthorizedContentBlockMedia,errs.Internal(relationErr),relationErr != nil
internal/filemedia/public/content_block_media.go,154,hydrateAuthorizedContentBlockMedia,errs.Internal(loadErr),loadErr != nil
internal/filemedia/public/content_block_media.go,158,hydrateAuthorizedContentBlockMedia,errs.Internal(fingerprintErr),fingerprintErr != nil
internal/filemedia/public/content_block_media.go,162,hydrateAuthorizedContentBlockMedia,errs.Internal(viewerErr),viewerErr != nil
internal/filemedia/public/content_block_media.go,229,hydrateAuthorizedContentBlockMedia,errs.Internal(downloadErr),downloadErr != nil
internal/filemedia/public/file_download.go,97,AuthorizeDownload,errs.Internal(fingerprintErr),fingerprintErr != nil
internal/filemedia/public/file_download.go,101,AuthorizeDownload,errs.Internal(viewerErr),viewerErr != nil
internal/filemedia/public/file_download.go,118,AuthorizeDownload,errs.Internal(lockErr),"lockErr := mediaasset.LockFileDownloadPolicySegments(ctx, tx, evaluatedSources); lockErr != nil"
internal/filemedia/public/file_download.go,131,AuthorizeDownload,errs.Internal(err),err != nil
internal/filemedia/public/file_download.go,140,AuthorizeDownload,errs.Internal(principalErr),principalErr != nil
internal/filemedia/public/file_download.go,148,AuthorizeDownload,errs.Internal(lockErr),lockErr != nil
internal/filemedia/public/file_download.go,166,AuthorizeDownload,errs.Internal(fingerprintErr),fingerprintErr != nil
internal/filemedia/public/file_download.go,170,AuthorizeDownload,errs.Internal(viewerErr),viewerErr != nil
internal/filemedia/public/file_download.go,214,authorizeReleaseTrackDownload,errs.Internal(viewErr),viewErr != nil
internal/filemedia/public/file_download.go,232,authorizeReleaseTrackDownload,errs.Internal(fingerprintErr),fingerprintErr != nil
internal/filemedia/public/file_download.go,236,authorizeReleaseTrackDownload,errs.Internal(viewerErr),viewerErr != nil
internal/filemedia/public/file_download.go,253,authorizeReleaseTrackDownload,errs.Internal(lockErr),"lockErr := mediaasset.LockFileDownloadPolicySegments(ctx, tx, evaluatedSources); lockErr != nil"
internal/filemedia/public/file_download.go,265,authorizeReleaseTrackDownload,errs.Internal(principalErr),principalErr != nil
internal/filemedia/public/file_download.go,273,authorizeReleaseTrackDownload,errs.Internal(lockErr),lockErr != nil
internal/filemedia/public/file_download.go,289,authorizeReleaseTrackDownload,errs.Internal(fingerprintErr),fingerprintErr != nil
internal/filemedia/public/file_download.go,293,authorizeReleaseTrackDownload,errs.Internal(viewerErr),viewerErr != nil
internal/filemedia/public/file_download.go,329,lockContentDownloadOwner,errs.Internal(result.Error),result.Error != nil
internal/filemedia/public/file_download.go,349,lockReleaseDownloadOwner,errs.Internal(result.Error),result.Error != nil
internal/filemedia/public/file_download.go,400,resolveContentBlockDownloadSource,errs.Internal(result.Error),result.Error != nil
internal/filemedia/public/file_download.go,406,resolveContentBlockDownloadSource,errs.Internal(err),err != nil
internal/filemedia/public/file_download.go,435,resolveReleaseTrackDownloadSource,errs.Internal(result.Error),result.Error != nil
internal/filemedia/public/file_download.go,439,resolveReleaseTrackDownloadSource,errs.Internal(err),err != nil
internal/filemedia/public/file_download.go,517,evaluateReferencedFileDownload,errs.Internal(err),err != nil
internal/filemedia/public/file_download.go,524,evaluateReferencedFileDownload,errs.Internal(err),err != nil
internal/filemedia/public/file_download.go,561,signReferencedFileDownload,errs.Internal(err),err != nil
internal/filemedia/public/scoped_media_delivery.go,62,buildScopedMediaURLsWithDB,errs.Internal(err),"err := db.WithContext(ctx).
	Table(""file"").
	Select(""id, extension, mime_type, file_size, file_name"").
	Where(""id IN ? AND delete_requested_at IS NULL"", allowedFileIDs).
	Find(&files).Error; err != nil"
internal/filemedia/public/scoped_media_delivery.go,76,buildScopedMediaURLsWithDB,errs.Internal(err),"err := db.WithContext(ctx).
	Table(""file_derivative"").
	Select(""file_id, type, asset_id, media_generation_id"").
	Where(""file_id IN ?"", allowedFileIDs).
	Find(&derivatives).Error; err != nil"
internal/filemedia/public/scoped_media_delivery.go,90,buildScopedMediaURLsWithDB,errs.Internal(err),err != nil
internal/filemedia/public/scoped_media_delivery.go,94,buildScopedMediaURLsWithDB,errs.Internal(err),err != nil
internal/filemedia/public/scoped_media_delivery.go,103,buildScopedMediaURLsWithDB,errs.Internal(err),err != nil
internal/filemedia/public/scoped_media_delivery.go,133,buildScopedMediaURLsWithDB,errs.Internal(err),err != nil
internal/filemedia/public/scoped_media_delivery.go,167,ResolvePublicDisplayMedia,errs.Internal(err),"err := s.db.WithContext(ctx).Table(""file"").
	Select(""id, extension, mime_type, file_size, file_name"").
	Where(""id IN ? AND delete_requested_at IS NULL"", requested).
	Find(&files).Error; err != nil"
internal/filemedia/public/scoped_media_delivery.go,173,ResolvePublicDisplayMedia,errs.Internal(err),err != nil
internal/filemedia/public/scoped_media_delivery.go,185,ResolvePublicDisplayMedia,errs.Internal(projectErr),projectErr != nil
internal/filemedia/scoped_content_delivery.go,107,resolveAuthorizedFeaturedImage,"errs.InternalMsg(""featured image authorization is required"")",authorize == nil
internal/filemedia/scoped_content_delivery.go,126,resolveAuthorizedFeaturedImage,errs.Internal(err),"err := tx.WithContext(ctx).
	Table(string(owner)).
	Select(""featured_image_file_id"").
	Where(""id = ?"", ownerID).
	Take(&slot).Error; err != nil"
internal/filemedia/scoped_content_delivery.go,209,hydrateAuthorizedContentBlockMediaWithDB,"errs.InternalMsg(""scoped content media transaction is required"")",s == nil || tx == nil
internal/filemedia/scoped_content_delivery.go,328,lockScopedDeliveryFiles,"errs.Internal(fmt.Errorf(""lock scoped delivery Files: %w"", err))",err := query.Find(&files).Error; err != nil
internal/filemedia/scoped_content_delivery.go,352,lockScopedContentAttachments,"errs.InternalMsg(""unsupported scoped content owner"")",
internal/filemedia/scoped_content_delivery.go,366,lockScopedContentAttachments,"errs.Internal(fmt.Errorf(""lock exact scoped content attachments: %w"", err))",err := query.Find(&rows).Error; err != nil
internal/filemedia/scoped_content_delivery.go,390,buildLockedInlineDelivery,errs.Internal(err),err != nil
internal/filemedia/source_asset_promotion.go,139,prepareSourceAssetPromotion,errs.Internal(err),"err := tx.
	Select(""id"", ""mime_type"", ""file_size"", ""extension"").
	Where(""id = ?"", sourceFileID).
	Take(&file).Error; err != nil"
internal/filemedia/source_asset_promotion.go,181,streamSourceAssetPromotion,errs.Internal(err),err != nil
internal/filemedia/source_asset_promotion.go,188,streamSourceAssetPromotion,"errs.Internal(fmt.Errorf(""read source for public asset: %w"", err))",err != nil
internal/filemedia/source_asset_promotion.go,209,streamSourceAssetPromotion,"errs.Internal(fmt.Errorf(""stream source to public asset: %w"", err))","_, err := uploader.UploadObject(ctx, &transfermanager.UploadObjectInput{
	Bucket:		aws.String(s.s3Bucket),
	Key:		aws.String(targetObjectKey),
	Body:		body,
	ContentType:	aws.String(file.MimeType),
}); err != nil"
internal/filemedia/source_asset_promotion.go,256,prepareSourceAssetPromotion,errs.Internal(err),err != nil
internal/filemedia/source_asset_promotion.go,283,prepareSourceAssetPromotion,errs.Internal(result.Error),result.Error != nil
internal/filemedia/upload_stream_timeout.go,24,withUploadIdleTimeout,"http.Error(w, ""Upload streaming unavailable"", http.StatusInternalServerError)",err := controller.SetWriteDeadline(time.Time{}); err != nil
internal/filemedia/upload_stream_timeout.go,29,withUploadIdleTimeout,"http.Error(w, ""Upload streaming unavailable"", http.StatusInternalServerError)",err := controller.SetReadDeadline(time.Time{}); err != nil
internal/form/ai_document_load.go,43,LoadAIDocumentState,"errs.Internal(errors.New(""form AI document dependencies are not configured""))",s == nil || s.db == nil || s.spiceDB == nil || s.translation == nil
internal/form/ai_document_load.go,64,LoadAIDocumentState,"errs.InternalMsg(""Form has an unsupported lifecycle status"")",!valid
internal/form/ai_document_load.go,100,loadFormAIDocumentRoot,errs.Internal(result.Error),result.Error != nil
internal/form/ai_document_load.go,139,loadAIDocumentStateAfterAuthorization,errs.Internal(err),err != nil
internal/form/ai_document_load.go,169,loadFormAIDocumentLocale,errs.Internal(result.Error),result.Error != nil
internal/form/ai_document_mutation.go,39,ExecuteAIDocumentMutation,"errs.Internal(errors.New(""form AI document dependencies are not configured""))",s == nil || s.db == nil || s.spiceDB == nil || s.translation == nil || s.og == nil
internal/form/ai_document_mutation.go,52,ExecuteAIDocumentMutation,"errs.Internal(errors.New(""form AI document compiler is not configured""))",compiler == nil
internal/form/ai_document_mutation.go,63,ExecuteAIDocumentMutation,"errs.InternalMsg(""Form has an unsupported lifecycle status"")","_, valid := formAIDocumentLifecycle(root.Status); !valid"
internal/form/ai_document_mutation.go,203,persistAIDocumentMutation,errs.Internal(err),err != nil
internal/form/ai_document_mutation.go,253,persistAIDocumentMutation,errs.Internal(result.Error),result.Error != nil
internal/form/ai_document_mutation.go,317,appendAIDocumentAudit,"errs.InternalMsg(""Form AI document audit writer is not configured"")",s.auditWriter == nil
internal/form/authorization.go,67,requireFormAction,"errs.Internal(fmt.Errorf(""form authorization is not configured""))",checker == nil
internal/form/authorization.go,71,requireFormAction,errs.Internal(err),err != nil
internal/form/authorization.go,109,requireFreshFormAction,errs.Internal(err),err != nil
internal/form/authorization.go,114,requireFreshFormAction,errs.Internal(resourceErr),resourceErr != nil
internal/form/authorization.go,131,requireFreshFormCreation,errs.Internal(err),err != nil
internal/form/authorization.go,138,requireFreshFormCreation,errs.Internal(err),err != nil
internal/form/form_create.go,70,CreateForm,errs.Wrap(err),err != nil
internal/form/form_create.go,113,newFormFromRequest,errs.Internal(err),err != nil
internal/form/form_delete.go,24,DeleteForm,errs.Internal(err),"err := s.db.WithContext(ctx).First(&form, ""id = ?"", req.Msg.Id).Error; err != nil"
internal/form/form_delete.go,46,DeleteForm,errs.Internal(err),"err := tx.
	Where(""entity_id = ? AND entity_type IN ?"", form.ID, []string{
		managev1.ShareLinkEntityType_SHARE_LINK_ENTITY_TYPE_FORM.String(),
		managev1.ShareLinkEntityType_SHARE_LINK_ENTITY_TYPE_FORM_DASHBOARD.String(),
	}).
	Delete(&model.ShareLink{}).Error; err != nil"
internal/form/form_delete.go,72,DeleteForm,errs.Wrap(err),err != nil
internal/form/form_featured_image.go,92,SetFormFeaturedImage,errs.Wrap(err),err != nil
internal/form/form_featured_image.go,150,DeleteFormFeaturedImage,errs.Wrap(err),err != nil
internal/form/form_query.go,32,GetForm,errs.Internal(err),err := query.First(&form).Error; err != nil
internal/form/form_query.go,87,authorizeFormSlugCheck,errs.Internal(err),err != nil
internal/form/form_query.go,96,authorizeFormSlugCheck,errs.Internal(err),"err := s.db.WithContext(ctx).
	Model(&model.Form{}).
	Where(""id = ?"", excludeID).
	Count(&count).Error; err != nil"
internal/form/form_query.go,118,ListFormsAdmin,errs.Internal(err),err != nil
internal/form/form_query.go,137,ListFormsAdmin,errs.Internal(err),err := query.Count(&total).Error; err != nil
internal/form/form_query.go,157,ListFormsAdmin,errs.Internal(err),err := query.Limit(int(limit)).Offset(int(offset)).Find(&forms).Error; err != nil
internal/form/form_source_locale_document.go,82,loadFormTranslationStoredSnapshot,errs.Internal(result.Error),result.Error != nil
internal/form/form_source_locale_document.go,123,loadFormResolvedSourceLocale,errs.Internal(result.Error),result.Error != nil
internal/form/form_source_locale_document.go,237,PrepareSourceLocaleSwitch,errs.Internal(result.Error),result.Error != nil
internal/form/form_source_locale_document.go,294,saveFormSourceLocaleDocumentState,errs.Internal(err),"err := db.WithContext(ctx).Exec(
	`INSERT INTO form_translation (
			entity_id, locale, title, content_json, content_text,
			created_at, updated_at
		) VALUES (?, ?, ?, ?, ?, ?, ?)
		ON CONFLICT (entity_id, locale) DO UPDATE SET
			title = COALESCE(EXCLUDED.title, form_translation.title),
			content_json = COALESCE(EXCLUDED.content_json, form_translation.content_json),
			content_text = EXCLUDED.content_text,
			updated_at = EXCLUDED.updated_at`,
	formID,
	locale,
	titleValue,
	schemaJSONValue,
	contentText,
	now,
	now,
).Error; err != nil"
internal/form/form_source_locale_document.go,353,loadFormSourceTitles,errs.Internal(result.Error),result.Error != nil
internal/form/form_update.go,62,UpdateForm,errs.Wrap(err),err != nil
internal/form/form_update.go,65,UpdateForm,errs.Internal(err),"err := s.db.WithContext(ctx).First(&form, ""id = ?"", req.Msg.Id).Error; err != nil"
internal/form/form_update.go,230,applyFormPasswordUpdate,errs.Internal(err),err != nil
internal/form/form_update.go,238,applyFormPasswordUpdate,errs.Internal(err),err != nil
internal/form/form_update.go,330,applyFormUpdate,errs.Internal(err),"err := tx.WithContext(ctx).Table(""content_document"").Select(""revision"").Where(""id = ?"", documentID).Take(&documentRevision).Error; err != nil"
internal/form/internal_form_source.go,95,SaveDocument,errs.Internal(err),err != nil
internal/form/internal_form_source.go,193,SaveDocument,errs.Internal(err),err != nil
internal/form/internal_form_source.go,205,SaveDocument,errs.Wrap(err),err != nil
internal/form/internal_form_source.go,300,applyFormCollaborativeLocaleUpdates,errs.Internal(result.Error),result.Error != nil
internal/form/internal_form_source.go,307,applyFormCollaborativeLocaleUpdates,errs.Internal(err),"err := tx.WithContext(ctx).Table(""form"").Where(""id = ?::uuid"", formID).
	Update(""updated_at"", now).Error; err != nil"
internal/form/internal_form_source.go,377,LoadDocument,errs.Internal(err),err != nil
internal/form/projection.go,79,loadFormSubmissionCounts,errs.Internal(err),"err := db.WithContext(ctx).
	Table(""form_submission"").
	Select(""form_id, COUNT(*) AS submission_count"").
	Where(""form_id IN ?"", formIDs).
	Group(""form_id"").
	Scan(&rows).Error; err != nil"
internal/form/public/form_access.go,84,findFormBySlugOrID,errs.Internal(err),err != nil
internal/form/public/form_access.go,147,evaluateFormAccess,errs.Internal(err),err != nil
internal/form/public/form_access.go,182,evaluateDuplicateFormSubmission,errs.Internal(err),err != nil
internal/form/public/form_access.go,251,evaluateFormSubmissionLimit,errs.Internal(err),err != nil
internal/form/public/form_access.go,332,mapFormAccessReasonToError,"errs.InternalMsg(""failed to evaluate form access"")",
internal/form/public/form_dashboard.go,99,buildFormDashboard,errs.Internal(err),"err := s.db.WithContext(ctx).
	Where(""form_id = ?"", form.ID).
	Order(""created_at DESC"").
	Find(&submissions).Error; err != nil"
internal/form/public/form_submission.go,141,loadFormMemberPreferredLocale,errs.Internal(err),err != nil
internal/form/public/form_submission.go,269,normalizeFormSubmissionError,errs.Internal(err),
internal/form/service.go,33,securityAccessUnavailable,"connect.NewError(connect.CodeUnavailable, errors.New(""personal data access record is temporarily unavailable""))",
internal/form/submission_delete.go,22,DeleteFormSubmission,errs.Internal(err),"err := s.db.WithContext(ctx).First(&submission, ""id = ?"", req.Msg.Id).Error; err != nil"
internal/form/submission_delete.go,44,DeleteFormSubmission,errs.Wrap(err),"err := s.db.WithContext(ctx).Transaction(func(tx *gorm.DB) error {
	var form model.Form
	if err := tx.WithContext(ctx).
		Clauses(clause.Locking{Strength: ""UPDATE""}).
		Select(""id"").
		First(&form, ""id = ?"", submission.FormID).Error; err != nil {
		return err
	}
	if err := s.requireFreshFormAction(ctx, tx, submission.FormID, formActionManage); err != nil {
		return err
	}
	result := tx.Delete(&model.FormSubmission{}, ""id = ?"", submission.ID)
	if result.Error != nil {
		return result.Error
	}
	if result.RowsAffected == 0 {
		return errs.NotFoundMsg(""submission not found"")
	}
	return s.appendFormSubmissionDeletedAudit(ctx, tx, submission.ID)
}); err != nil"
internal/form/submission_query.go,26,ListFormSubmissions,errs.Internal(err),"err := s.db.WithContext(ctx).
	Model(&model.Form{}).
	Where(""id = ?"", req.Msg.FormId).
	Count(&formCount).Error; err != nil"
internal/form/submission_query.go,53,ListFormSubmissions,errs.Internal(err),err := query.Count(&total).Error; err != nil
internal/form/submission_query.go,65,ListFormSubmissions,errs.Internal(err),"err := pageQuery.
	Limit(int(pagination.Limit)).
	Offset(int(pagination.Offset)).
	Find(&submissions).Error; err != nil"
internal/form/submission_query.go,99,GetFormSubmissionWithSchema,errs.Internal(err),"err := s.db.WithContext(ctx).First(&submission, ""id = ?"", req.Msg.Id).Error; err != nil"
internal/form/submission_query.go,108,GetFormSubmissionWithSchema,errs.Internal(err),"err := s.db.WithContext(ctx).First(&form, ""id = ?"", submission.FormID).Error; err != nil"
internal/form/submission_stats.go,33,GetFormSubmissionStats,errs.Internal(err),"err := s.db.WithContext(ctx).Select(""id"").First(&form, ""id = ?"", formID).Error; err != nil"
internal/form/submission_stats.go,54,GetFormSubmissionStats,errs.Internal(err),"err := s.db.WithContext(ctx).
	Table(""form_submission"").
	Select(""created_at, data"").
	Where(""form_id = ?"", formID).
	Order(""created_at DESC"").
	Find(&submissions).Error; err != nil"
internal/form/translation_interchange.go,63,LoadTranslationInterchangeTarget,"errs.InternalMsg(""Form has an unsupported lifecycle status"")","_, valid := formAIDocumentLifecycle(root.Status); !valid"
internal/form/translation_interchange.go,80,LoadTranslationInterchangeTarget,errs.Internal(err),err != nil
internal/form/translation_interchange.go,112,ApplyTranslationInterchange,"errs.InternalMsg(""Form has an unsupported lifecycle status"")","_, valid := formAIDocumentLifecycle(root.Status); !valid"
internal/form/translation_interchange.go,129,ApplyTranslationInterchange,errs.Internal(err),err != nil
internal/form/translation_interchange.go,152,ApplyTranslationInterchange,errs.Internal(err),err != nil
internal/form/translation_interchange.go,182,ApplyTranslationInterchange,errs.Internal(result.Error),result.Error != nil
internal/form/translation_interchange.go,195,ApplyTranslationInterchange,errs.Internal(err),"err := tx.WithContext(ctx).Exec(
	`INSERT INTO form_translation (
				entity_id, locale, title, content_json, content_text, created_at, updated_at
			) VALUES (?::uuid, ?, ?, ?, ?, ?, ?)`,
	mutation.FormID, mutation.TargetLocale, candidate.Title,
	formJSONValueOrNil(candidate.ContentJSON), candidate.ContentText, now, now,
).Error; err != nil"
internal/form/translation_interchange.go,220,ApplyTranslationInterchange,errs.Internal(err),err != nil
internal/form/translation_interchange.go,223,ApplyTranslationInterchange,"errs.InternalMsg(""Form XLIFF mutation did not advance target revision"")","!exists || reloaded.Revision == """" || nextRevision == currentRevision"
internal/form/translation_interchange.go,304,projectFormInterchangeTargets,errs.Internal(err),"err := json.Unmarshal(row.Schema, &schema); err != nil"
internal/form/translation_interchange.go,323,projectFormInterchangeTargets,"errs.InternalMsg(""Form translation contains a non-text locale value"")",invalidLocaleValue
internal/form/translation_runtime.go,57,LockTranslationRoot,errs.Internal(result.Error),result.Error != nil
internal/form/validation.go,40,isSlugAvailable,errs.Internal(err),err := query.Count(&count).Error; err != nil
internal/identitystate/fence.go,174,RequireFreshCan,errs.Internal(err),err != nil
internal/label/ai_document.go,105,LoadAIDocumentState,errs.Internal(err),err := s.ValidateAIDocumentDependencies(); err != nil
internal/label/ai_document.go,127,LoadAIDocumentState,"errs.InternalMsg(""Label has an unsupported lifecycle status"")",!labelAIDocumentLifecycleValid(root.Status)
internal/label/ai_document.go,164,loadLabelAIDocumentRoot,errs.Internal(err),err := query.Take(&root).Error; err != nil
internal/label/ai_document.go,197,loadAIDocumentStateAfterAuthorization,"errs.InternalMsg(""Label AI document requires the compact content profile"")",snapshot.Document.Profile != creativeContentProfile
internal/label/ai_document.go,204,loadAIDocumentStateAfterAuthorization,"errs.InternalMsg(""Label source locale metadata is missing"")",locale == source.SourceLocale && !localeExists
internal/label/ai_document.go,211,loadAIDocumentStateAfterAuthorization,"errs.InternalMsg(""Label locale overlay exists without translation metadata"")",!localeExists && localized.GetLocaleOverlay() != nil && len(localized.GetLocaleOverlay().GetBlocks()) != 0
internal/label/ai_document.go,242,ExecuteAIDocumentMutation,errs.Internal(err),err := s.ValidateAIDocumentDependencies(); err != nil
internal/label/ai_document.go,266,ExecuteAIDocumentMutation,"errs.InternalMsg(""Label has an unsupported lifecycle status"")",!labelAIDocumentLifecycleValid(root.Status)
internal/label/ai_document.go,513,labelAuthorizedAIDocumentFence,errs.Internal(err),"err := tx.WithContext(ctx).Table(""content_document"").Select(""revision"").Where(""id = ?"", documentID).Take(&current).Error; err != nil"
internal/label/authorization.go,67,requireLabelCreate,errs.Internal(err),err != nil
internal/label/authorization.go,75,requireLabelList,errs.Internal(err),err != nil
internal/label/authorization.go,113,lockLabelParticipantRoot,errs.Internal(err),"err := tx.WithContext(ctx).Table(""label"").Clauses(clause.Locking{Strength: ""UPDATE""}).Select(""id"").Where(""id = ?::uuid"", labelID).Take(&row).Error; err != nil"
internal/label/authorization.go,122,lockActiveLabelPrincipal,"errs.Internal(fmt.Errorf(""lock Label mutation principal: %w"", err))",err != nil
internal/label/authorization.go,190,mapLabelParticipantMutationError,errs.Internal(err),
internal/label/content_mutation.go,28,applyLabelBlockBatch,"errs.Internal(errors.New(""label content Block store is not configured""))",s.contentBlocks == nil
internal/label/content_mutation.go,201,updateLabelLocaleTitle,"errs.Internal(errors.New(""label content Block store is not configured""))",s.contentBlocks == nil
internal/label/content_projection.go,40,loadLabelSourceAuthority,errs.Internal(err),err := query.Take(&state).Error; err != nil
internal/label/content_projection.go,48,loadLabelLocaleTitles,errs.Internal(err),"err := db.WithContext(ctx).Table(""label_translation"").Select(""locale"", ""title"", ""updated_at"").Where(""entity_id = ?"", labelID).Order(""locale ASC"").Scan(&rows).Error; err != nil"
internal/label/content_projection.go,55,loadLabelContentSnapshot,"errs.Internal(errors.New(""label content Block store is not configured""))",store == nil
internal/label/content_projection.go,61,loadLabelContentSnapshot,errs.Internal(err),"err := tx.WithContext(ctx).Table(""label"").Clauses(clause.Locking{Strength: ""SHARE""}).Select(""content_document_id"").Where(""id = ?"", labelID).Take(&row).Error; err != nil"
internal/label/content_projection.go,75,loadLabelContentSnapshot,"errs.Internal(errors.New(""label content document source locale does not match label source locale""))",strings.TrimSpace(snapshot.SourceLocale) != source.SourceLocale
internal/label/content_projection.go,90,loadLabelContentBlockBootstrap,"errs.Internal(errors.New(""label content Block store is not configured""))",store == nil
internal/label/content_projection.go,99,loadLabelContentBlockBootstrap,"errs.Internal(fmt.Errorf(""resolve Label collaboration principal: %w"", err))",err != nil
internal/label/contentblock_fence.go,28,loadLabelContentDocumentID,errs.Internal(result.Error),result.Error != nil
internal/label/contentblock_fence.go,45,lockLabelContentDocumentRoot,errs.Internal(result.Error),result.Error != nil
internal/label/contentblock_fence.go,62,lockLabelTranslationSourceContext,errs.Internal(result.Error),result.Error != nil
internal/label/contentblock_fence.go,90,internalLabelCollaborationContentFence,errs.Internal(err),"err := tx.WithContext(ctx).Table(""label"").
	Select(""id::text AS id"", ""status"", ""content_document_id"").
	Where(""id = ?::uuid"", labelID).
	Take(&root).Error; err != nil"
internal/label/contentblock_fence.go,126,labelContentDocumentFence,"errs.Internal(errors.New(""label content document authorization is required""))",authorize == nil
internal/label/contentblock_fence.go,141,labelContentCreationFence,"errs.Internal(errors.New(""label content document authorization is required""))",authorize == nil
internal/label/contentblock_fence.go,175,normalizeLabelContentBlockError,"errs.Internal(fmt.Errorf(""label content document: %w"", err))",
internal/label/document_metadata.go,118,UpdateLabelDocumentMetadata,"errs.InternalMsg(""Label content Block store is not configured"")",s.contentBlocks == nil
internal/label/document_metadata.go,214,UpdateLabelDocumentMetadata,errs.Internal(err),err != nil
internal/label/document_metadata.go,228,loadLabelDocumentParent,errs.Internal(result.Error),result.Error != nil
internal/label/images.go,161,SetLabelImage,errs.Internal(err),err != nil
internal/label/images.go,248,DeleteLabelImage,errs.Internal(err),err != nil
internal/label/internal_service.go,179,LoadLabelBlockDocument,"errs.InternalMsg(""Label source locale metadata is missing"")",requestedLocale == bootstrap.Source.SourceLocale && !localeExists
internal/label/internal_service.go,186,LoadLabelBlockDocument,errs.Internal(err),err != nil
internal/label/internal_service.go,281,loadLabelDocumentMetadata,errs.Internal(err),"err := db.WithContext(ctx).
	Select(""id"", ""slug"", ""country_code"", ""website"", ""social_links"", ""parent_label_id"").
	Where(""id = ?"", labelID).
	Take(&label).Error; err != nil"
internal/label/manage_content.go,57,loadCreativeManageContentProjection,errs.Internal(err),"err := tx.WithContext(ctx).Table(""label_translation"").Select(""title"").
	Where(""entity_id = ? AND locale = ?"", entityID, source.SourceLocale).Take(&row).Error; err != nil"
internal/label/participant_store.go,127,loadEntityParticipantViews,errs.Internal(err),err != nil
internal/label/participant_store.go,131,loadEntityParticipantViews,errs.Internal(err),err != nil
internal/label/participant_store.go,135,loadEntityParticipantViews,errs.Internal(err),err != nil
internal/label/participant_store.go,141,loadEntityParticipantViews,"errs.InternalMsg(spec.entityTitle + "" participant Member was not found"")",summary == nil
internal/label/participant_store.go,147,loadEntityParticipantViews,errs.Internal(actorErr),actorErr != nil
internal/label/participant_store.go,446,requireParticipantPermission,errs.Internal(err),err != nil
internal/label/projection.go,55,CheckLabelSlugAvailable,errs.Internal(err),err := query.Count(&count).Error; err != nil
internal/label/projection.go,105,loadReadyLabelLogoAssets,errs.Internal(err),err != nil
internal/label/projection.go,268,checkSlugAvailable,errs.Internal(err),err := query.Count(&count).Error; err != nil
internal/label/public/service.go,91,List,errs.Internal(err),err := query.Count(&total).Error; err != nil
internal/label/public/service.go,111,List,errs.Internal(err),err := query.Find(&labels).Error; err != nil
internal/label/public/service.go,115,List,errs.Internal(err),err != nil
internal/label/public/service.go,134,List,errs.Internal(err),err != nil
internal/label/public/service.go,138,List,errs.Internal(err),err != nil
internal/label/public/service.go,208,Get,errs.Internal(err),err != nil
internal/label/public/service.go,265,buildLabelResponseInTransaction,errs.Internal(err),"err := s.db.WithContext(ctx).
	Clauses(clause.Locking{Strength: ""SHARE""}).
	Where(""id = ?"", labelID).
	Take(&current).Error; err != nil"
internal/label/public/service.go,309,buildLabelResponseInTransaction,errs.Internal(err),err != nil
internal/label/public/service.go,316,buildLabelResponseInTransaction,errs.Internal(err),err != nil
internal/label/public/service.go,329,buildLabelResponseInTransaction,errs.Internal(err),err != nil
internal/label/public/service.go,333,buildLabelResponseInTransaction,errs.Internal(err),err != nil
internal/label/service.go,202,GetLabelEditorData,errs.Internal(err),"err := s.db.WithContext(ctx).
	Where(""id = ?"", req.Msg.Id).
	First(&label).Error; err != nil"
internal/label/service.go,251,ListLabels,errs.Internal(err),err := query.Count(&total).Error; err != nil
internal/label/service.go,271,ListLabels,errs.Internal(err),err := query.Limit(int(limit)).Offset(int(offset)).Find(&labels).Error; err != nil
internal/label/service.go,330,ListLabelsAdmin,errs.Internal(err),err := query.Count(&total).Error; err != nil
internal/label/service.go,350,ListLabelsAdmin,errs.Internal(err),err := query.Limit(int(limit)).Offset(int(offset)).Find(&labels).Error; err != nil
internal/label/service.go,383,ListLabelsAdmin,"errs.Internal(fmt.Errorf(""failed to fetch artist counts: %w"", err))","err := s.db.WithContext(ctx).
	Table(""artist_label"").
	Select(""label_id, COUNT(*) as count"").
	Where(""label_id IN ?"", labelIDs).
	Group(""label_id"").
	Scan(&artistStats).Error; err != nil"
internal/label/service.go,403,ListLabelsAdmin,"errs.Internal(fmt.Errorf(""failed to fetch release counts: %w"", err))","err := s.db.WithContext(ctx).
	Table(""release_label"").
	Select(""label_id, COUNT(*) as count"").
	Where(""label_id IN ?"", labelIDs).
	Group(""label_id"").
	Scan(&releaseStats).Error; err != nil"
internal/label/service.go,438,CreateLabel,"errs.InternalMsg(""Label content Block store is not configured"")",s.contentBlocks == nil
internal/label/service.go,467,CreateLabel,errs.Internal(err),err != nil
internal/label/service.go,515,createLabelWithDB,errs.Internal(err),err != nil
internal/label/service.go,582,createLabelWithDB,errs.Internal(err),err != nil
internal/label/service.go,627,PreviewDeleteLabel,errs.Internal(err),"err := s.db.WithContext(ctx).Select(""id"").First(&label, ""id = ?"", req.Msg.Id).Error; err != nil"
internal/label/service.go,634,PreviewDeleteLabel,errs.Internal(err),err != nil
internal/label/service.go,645,DeleteLabel,"errs.InternalMsg(""Label content Block store is not configured"")",s.contentBlocks == nil
internal/label/service.go,658,DeleteLabel,errs.Internal(err),"err := s.db.WithContext(ctx).
	Select(""id"").
	First(&label, ""id = ?"", req.Msg.Id).Error; err != nil"
internal/label/service.go,704,DeleteLabel,errs.Internal(err),"err := tx.
	Where(""entity_type = ? AND entity_id = ?"", managev1.ShareLinkEntityType_SHARE_LINK_ENTITY_TYPE_LABEL.String(), req.Msg.Id).
	Delete(&model.ShareLink{}).Error; err != nil"
internal/label/service.go,728,DeleteLabel,errs.Internal(result.Error),result.Error != nil
internal/label/source_locale_document.go,90,touchLabelRootUpdatedAt,errs.Internal(result.Error),result.Error != nil
internal/label/target_locale_document.go,71,loadLabelTargetLocaleState,"errs.InternalMsg(""Label target locale dependencies are required"")",tx == nil || store == nil || documentID == uuid.Nil
internal/label/target_locale_document.go,109,loadLabelTargetLocaleState,"errs.InternalMsg(""Label source locale metadata is missing"")",!exists
internal/label/target_locale_document.go,154,loadOptionalLabelLocaleMetadata,errs.Internal(err),err := query.Take(&row).Error; err != nil
internal/label/target_locale_document.go,164,deriveLabelTargetRevision,errs.Internal(err),err != nil
internal/label/target_locale_document.go,233,applyLabelTargetLocaleMutation,errs.Internal(created.Error),created.Error != nil
internal/label/target_locale_document.go,236,applyLabelTargetLocaleMutation,"errs.InternalMsg(""Label target locale could not be created"")",created.RowsAffected != 1
internal/label/target_locale_document.go,250,applyLabelTargetLocaleMutation,errs.Internal(updated.Error),updated.Error != nil
internal/label/target_locale_document.go,253,applyLabelTargetLocaleMutation,"errs.InternalMsg(""Label target locale disappeared while saving"")",updated.RowsAffected != 1
internal/label/target_locale_document.go,327,deleteLabelTargetLocale,errs.Internal(deleted.Error),deleted.Error != nil
internal/label/target_locale_document.go,330,deleteLabelTargetLocale,"errs.InternalMsg(""Label target locale disappeared while deleting"")",deleted.RowsAffected != 1
internal/label/translation_adapter.go,149,applyTypedTranslationCandidateWithTargetRevision,"errs.InternalMsg(""provider source Label translation did not advance source state"")",!result.TranslationSourceChanged
internal/label/translation_adapter.go,196,applyTypedTranslationCandidateWithTargetRevision,"errs.InternalMsg(""target Label translation changed the source-owned Block view"")",result.Content.TranslationSourceChanged
internal/label/translation_interchange.go,28,LoadTypedTranslationInterchangeTarget,"errs.Internal(errors.New(""label translation interchange dependencies are not configured""))",tx == nil || store == nil
internal/label/values.go,38,ensureSlugAvailable,errs.Internal(err),err := query.Count(&count).Error; err != nil
internal/legal/ai_document.go,548,aiMetadataMutation,errs.Internal(result.Error),result.Error != nil
internal/legal/content_block_translation.go,66,loadLegalTypedTranslationContentForLocale,"errs.InternalMsg(kind + "" translation Content Block store is not configured"")",store == nil
internal/legal/content_block_translation.go,88,loadLegalTypedTranslationContentForLocale,errs.Internal(err),"err := db.WithContext(ctx).Table(kind+""_translation"").
	Select(""title"").
	Where(""entity_id = ? AND locale = ?"", entityID, locale).
	Take(&target).Error; err != nil"
internal/legal/content_block_translation.go,116,ApplyTypedTranslationCandidateWithDB,"errs.Internal(errors.New(""legal typed translation candidate and Content Block transaction are required""))",tx == nil || store == nil || job == nil || candidate == nil || candidate.ContentBlockLocaleOverlay == nil
internal/legal/content_block_translation.go,217,ApplyTypedTranslationCandidateWithDB,"errs.InternalMsg(""legal translation audit requires canonical requester Member"")",parseErr != nil || memberID == uuid.Nil || memberID.String() != strings.TrimSpace(job.RequestedByMemberID)
internal/legal/content_block_translation.go,227,ApplyTypedTranslationCandidateWithDB,errs.Internal(updated.Error),updated.Error != nil
internal/legal/content_block_translation.go,243,ApplyTypedTranslationCandidateWithDB,"errs.InternalMsg(""provider source legal translation did not advance source state"")",!result.TranslationSourceChanged
internal/legal/content_block_translation.go,289,ApplyTypedTranslationCandidateWithDB,"errs.InternalMsg(""legal translation audit requires requester Member"")","strings.TrimSpace(job.RequestedByMemberID) == """""
internal/legal/content_document.go,59,loadLegalContentDocumentRoot,errs.Internal(err),err := query.Take(&root).Error; err != nil
internal/legal/content_document.go,152,requireLegalTargetTranslationRows,errs.Internal(err),"err := tx.WithContext(ctx).Table(kind+""_translation"").
	Where(""entity_id = ? AND locale = ?"", entityID, locale).
	Count(&count).Error; err != nil"
internal/legal/content_document.go,238,authorizeLegalBlockBootstrap,"errs.Internal(fmt.Errorf(""resolve %s collaboration principal: %w"", kind, err))",err != nil
internal/legal/content_document.go,297,normalizeLegalContentBlockError,"errs.Internal(fmt.Errorf(""%s content document: %w"", kind, err))",
internal/legal/content_document.go,331,verifyLegalExpectedRevisionWithDB,"errs.InternalMsg(kind + "" content Block store is not configured"")",store == nil
internal/legal/content_document.go,380,regenerateLegalDerivedContent,"errs.InternalMsg(kind + "" content Block store is not configured"")",store == nil
internal/legal/document_policy.go,39,legalDocumentPolicyForType,"errs.InternalMsg(""unsupported legal document type"")",
internal/legal/document_policy.go,71,requireActiveLegalPrincipal,errs.Internal(err),err != nil
internal/legal/document_policy.go,152,RequireEditableTranslationMutationWithDB,errs.Internal(err),"err := db.WithContext(ctx).Table(policy.table).
	Clauses(clause.Locking{Strength: ""UPDATE""}).
	Select(""status"").Where(""id = ?"", entityID).Take(&row).Error; err != nil"
internal/legal/document_policy.go,222,RequireLockedSourceLocaleEdit,errs.Internal(err),"err := tx.WithContext(ctx).Table(policy.table).
	Clauses(clause.Locking{Strength: ""UPDATE""}).
	Select(""status"").Where(""id = ?"", entityID).Take(&row).Error; err != nil"
internal/legal/internal_document.go,67,requireBlockStore,"errs.InternalMsg(s.kind + "" content Block store is not configured"")",s.contentBlocks == nil
internal/legal/internal_document.go,70,requireBlockStore,"errs.InternalMsg(s.kind + "" collaboration permission checker is not configured"")",s.spiceDB == nil
internal/legal/internal_document.go,298,refreshDerivedContentProjectionsWithDB,errs.Internal(err),"err := tx.WithContext(ctx).Table(s.kind+""_translation"").
	Where(""entity_id = ?"", entityID).
	Pluck(""locale"", &persistedLocales).Error; err != nil"
internal/legal/internal_document.go,326,refreshDerivedContentProjectionsWithDB,errs.Internal(err),"err := tx.WithContext(ctx).Table(s.kind+""_history"").Where(""id = ?"", entityID).
	Updates(structured.Fields{
		""content"":	projection.HTML,
		""content_text"":	projection.Text,
		""content_hash"":	snapshot.SnapshotDigest,
		""view_hash"":	snapshot.SnapshotDigest,
		""updated_at"":	now,
	}).Error; err != nil"
internal/legal/internal_document.go,336,refreshDerivedContentProjectionsWithDB,errs.Internal(err),"err := tx.WithContext(ctx).Table(s.kind+""_translation"").
	Where(""entity_id = ? AND locale = ?"", entityID, locale).
	Updates(structured.Fields{
		""content_html"":	projection.HTML,
		""content_text"":	projection.Text,
	}).Error; err != nil"
internal/legal/internal_document.go,484,requestSavedOG,"errs.InternalMsg(s.kind + "" OG runtime is not configured"")",s.legalOG == nil
internal/legal/internal_document.go,515,updateLocaleTitle,errs.Internal(err),"err := tx.WithContext(ctx).Table(s.kind+""_history"").Where(""id = ?"", entityID).
	Updates(structured.Fields{""title"": normalized, ""updated_at"": now}).Error; err != nil"
internal/legal/internal_privacy.go,80,LoadPrivacyBlockDocument,errs.Internal(err),err != nil
internal/legal/internal_terms.go,80,LoadTermsBlockDocument,errs.Internal(err),err != nil
internal/legal/privacy.go,121,GetPrivacyVersion,errs.Internal(err),"err := tx.Clauses(clause.Locking{Strength: ""SHARE""}).First(&privacy, ""id = ?"", req.Msg.Id).Error; err != nil"
internal/legal/privacy.go,142,ListPrivacyVersions,errs.Internal(err),err != nil
internal/legal/privacy.go,159,ListPrivacyVersions,errs.Internal(err),err := query.Count(&total).Error; err != nil
internal/legal/privacy.go,177,ListPrivacyVersions,errs.Internal(err),"err := query.
	Order(""version DESC"").
	Limit(int(limit)).
	Offset(int(offset)).
	Find(&versions).Error; err != nil"
internal/legal/privacy.go,207,CreatePrivacyVersion,errs.Internal(err),err != nil
internal/legal/privacy.go,220,CreatePrivacyVersion,"errs.InternalMsg(""privacy content Block store is not configured"")",s.contentBlocks == nil
internal/legal/privacy.go,286,CreatePrivacyVersion,errs.Wrap(err),err != nil
internal/legal/privacy.go,309,SchedulePrivacy,errs.Internal(err),err != nil
internal/legal/privacy.go,391,SchedulePrivacy,errs.Internal(err),"err := s.db.WithContext(ctx).Transaction(func(tx *gorm.DB) error {
	if err := s.legalOG.LockActivation(ctx, tx, ""privacy""); err != nil {
		return err
	}
	if err := tx.Clauses(clause.Locking{Strength: ""UPDATE""}).
		First(&privacy, ""id = ?"", req.Msg.Id).Error; err != nil {
		if err == gorm.ErrRecordNotFound {
			return errs.NotFound(""privacy policy"", req.Msg.Id)
		}
		return err
	}
	policy, err := legalDocumentPolicyForType(""privacy"")
	if err != nil {
		return err
	}
	if err := requireActiveLegalPrincipal(ctx, tx, ""publish"", false); err != nil {
		return err
	}
	if err := requireLegalPermission(
		ctx, s.spiceDB, ""privacy"", privacy.ID,
		legalMutationAction(policy, privacy.Status, legalActionPublish),
	); err != nil {
		return err
	}
	if err := verifyLegalExpectedRevisionWithDB(
		ctx, tx, s.contentBlocks, ""privacy"", privacy.ID, req.Msg.ExpectedRevision,
	); err != nil {
		return err
	}
	if privacy.Status != managev1.PrivacyStatus_PRIVACY_STATUS_DRAFT.String() {
		return errs.FailedPrecondition(""can only schedule draft privacy policies"")
	}
	if err := EnsureLegalNoticeScheduleSlotWithDB(
		ctx,
		tx,
		EmailDeliveryReferenceTypePrivacy,
		privacy.ID,
	); err != nil {
		return err
	}
	mutationNow := time.Now()
	if err := tx.Model(&privacy).Updates(structured.Fields{
		""status"":		managev1.PrivacyStatus_PRIVACY_STATUS_SCHEDULED.String(),
		""effective_from"":	effectiveFrom, ""updated_at"": mutationNow,
	}).Error; err != nil {
		return err
	}
	privacy.Status = managev1.PrivacyStatus_PRIVACY_STATUS_SCHEDULED.String()
	privacy.EffectiveFrom = &effectiveFrom
	privacy.UpdatedAt = mutationNow
	if err := s.legalOG.RequestSaved(
		ctx, tx, ""privacy"", req.Msg.Id, """", true, ""privacy_scheduled"",
	); err != nil {
		return err
	}
	run, err = s.notice.CreateRun(
		ctx,
		tx,
		EmailDeliveryReferenceTypePrivacy,
		privacy.ID,
		email.EventPrivacyUpdate.String(),
		map[string]string{
			""policy_title"":		privacy.Title,
			""effective_date"":	effectiveFrom.Format(""2006-01-02""),
			""preview_url"":		previewURL,
		},
		legalNoticeDispatchAt(now, effectiveFrom),
	)
	if err != nil {
		return err
	}
	return appendLegalPolicyLifecycleAudit(
		ctx, tx, s.auditWriter, ""privacy"", privacy.ID, privacy.Version,
		[]string{""effective_at"", ""status""}, sharedtelemetry.AuditStateDraft, sharedtelemetry.AuditStateScheduled,
		&effectiveFrom, nil,
	)
}); err != nil"
internal/legal/privacy.go,513,CancelPrivacySchedule,errs.Internal(err),err != nil
internal/legal/privacy.go,593,ActivatePrivacyNow,errs.Internal(err),err != nil
internal/legal/privacy.go,700,DeletePrivacy,errs.Internal(err),err != nil
internal/legal/privacy.go,724,RegeneratePrivacyDerivedContent,errs.Internal(err),err != nil
internal/legal/privacy.go,772,toProtoPrivacyWithDocument,"errs.InternalMsg(""privacy content Block store is not configured"")",s.contentBlocks == nil
internal/legal/public/get.go,88,loadPublicLegalHistory,errs.Internal(err),err != nil
internal/legal/public/get.go,110,loadSharedPublicLegalDocument,errs.Internal(err),err != nil
internal/legal/public/get.go,123,loadSharedPublicLegalDocument,errs.Internal(err),err != nil
internal/legal/public/get.go,152,loadCurrentPublicLegalDocuments,errs.Internal(err),err != nil && err != gorm.ErrRecordNotFound
internal/legal/public/get.go,197,projectPublicLegalDocument,errs.Internal(err),err != nil
internal/legal/public/get.go,219,resolvePublicLegalOgConsistency,"errs.InternalMsg(entityType + "" public media is not configured"")",media == nil
internal/legal/public/get.go,264,loadPublicLegalContentProjection,"errs.InternalMsg(entityType + "" content Block store is not configured"")",contentBlocks == nil
internal/legal/public/get.go,283,loadPublicLegalContentProjection,errs.Internal(err),"err := tx.Table(entityType+""_history"").
	Clauses(clause.Locking{Strength: ""SHARE""}).
	Select(""content_document_id"", ""source_locale"").
	Where(""id = ?"", entityID).
	Take(&root).Error; err != nil"
internal/legal/public/get.go,302,loadPublicLegalContentProjection,errs.Wrap(err),err != nil
internal/legal/public/get.go,310,loadPublicLegalContentProjection,errs.Internal(err),err != nil
internal/legal/public/privacy.go,123,List,errs.Internal(err),err != nil
internal/legal/public/terms.go,123,List,errs.Internal(err),err != nil
internal/legal/target_locale_document.go,93,loadLegalTargetLocaleState,"errs.InternalMsg(""legal target locale dependencies are required"")",tx == nil || store == nil
internal/legal/target_locale_document.go,145,loadLegalTargetLocaleState,errs.Internal(err),"!errors.Is(err, gorm.ErrRecordNotFound)"
internal/legal/target_locale_document.go,171,deriveLegalTargetRevision,errs.Internal(err),err != nil
internal/legal/target_locale_document.go,327,applyLegalTargetLocaleMutation,errs.Internal(insert.Error),insert.Error != nil
internal/legal/target_locale_document.go,330,applyLegalTargetLocaleMutation,"errs.InternalMsg(""legal target locale could not be created"")",insert.RowsAffected != 1
internal/legal/target_locale_document.go,343,applyLegalTargetLocaleMutation,errs.Internal(updated.Error),updated.Error != nil
internal/legal/target_locale_document.go,346,applyLegalTargetLocaleMutation,"errs.InternalMsg(""legal target locale disappeared while saving"")",updated.RowsAffected != 1
internal/legal/target_locale_document.go,451,deleteLegalTargetLocale,errs.Internal(deleted.Error),deleted.Error != nil
internal/legal/target_locale_document.go,454,deleteLegalTargetLocale,"errs.InternalMsg(""legal target locale disappeared while deleting"")",deleted.RowsAffected != 1
internal/legal/terms.go,121,GetTermsVersion,errs.Internal(err),"err := tx.Clauses(clause.Locking{Strength: ""SHARE""}).First(&terms, ""id = ?"", req.Msg.Id).Error; err != nil"
internal/legal/terms.go,142,ListTermsVersions,errs.Internal(err),err != nil
internal/legal/terms.go,157,ListTermsVersions,errs.Internal(err),err := query.Count(&total).Error; err != nil
internal/legal/terms.go,174,ListTermsVersions,errs.Internal(err),"err := query.
	Order(""version DESC"").
	Limit(int(limit)).
	Offset(int(offset)).
	Find(&versions).Error; err != nil"
internal/legal/terms.go,204,CreateTermsVersion,errs.Internal(err),err != nil
internal/legal/terms.go,217,CreateTermsVersion,"errs.InternalMsg(""terms content Block store is not configured"")",s.contentBlocks == nil
internal/legal/terms.go,283,CreateTermsVersion,errs.Wrap(err),err != nil
internal/legal/terms.go,308,ScheduleTerms,errs.Internal(err),err != nil
internal/legal/terms.go,390,ScheduleTerms,errs.Internal(err),"err := s.db.WithContext(ctx).Transaction(func(tx *gorm.DB) error {
	if err := s.legalOG.LockActivation(ctx, tx, ""terms""); err != nil {
		return err
	}
	if err := tx.Clauses(clause.Locking{Strength: ""UPDATE""}).
		First(&terms, ""id = ?"", req.Msg.Id).Error; err != nil {
		if err == gorm.ErrRecordNotFound {
			return errs.NotFound(""terms"", req.Msg.Id)
		}
		return err
	}
	policy, err := legalDocumentPolicyForType(""terms"")
	if err != nil {
		return err
	}
	if err := requireActiveLegalPrincipal(ctx, tx, ""publish"", false); err != nil {
		return err
	}
	if err := requireLegalPermission(
		ctx, s.spiceDB, ""terms"", terms.ID,
		legalMutationAction(policy, terms.Status, legalActionPublish),
	); err != nil {
		return err
	}
	if err := verifyLegalExpectedRevisionWithDB(
		ctx, tx, s.contentBlocks, ""terms"", terms.ID, req.Msg.ExpectedRevision,
	); err != nil {
		return err
	}
	if terms.Status != managev1.TermsStatus_TERMS_STATUS_DRAFT.String() {
		return errs.FailedPrecondition(errs.MsgOnlyScheduleDraft)
	}
	if err := EnsureLegalNoticeScheduleSlotWithDB(
		ctx,
		tx,
		EmailDeliveryReferenceTypeTerms,
		terms.ID,
	); err != nil {
		return err
	}
	mutationNow := time.Now()
	if err := tx.Model(&terms).Updates(structured.Fields{
		""status"":		managev1.TermsStatus_TERMS_STATUS_SCHEDULED.String(),
		""effective_from"":	effectiveFrom, ""updated_at"": mutationNow,
	}).Error; err != nil {
		return err
	}
	terms.Status = managev1.TermsStatus_TERMS_STATUS_SCHEDULED.String()
	terms.EffectiveFrom = &effectiveFrom
	terms.UpdatedAt = mutationNow
	if err := s.legalOG.RequestSaved(
		ctx, tx, ""terms"", req.Msg.Id, """", true, ""terms_scheduled"",
	); err != nil {
		return err
	}
	run, err = s.notice.CreateRun(
		ctx,
		tx,
		EmailDeliveryReferenceTypeTerms,
		terms.ID,
		email.EventTermsUpdate.String(),
		map[string]string{
			""policy_title"":		terms.Title,
			""effective_date"":	effectiveFrom.Format(""2006-01-02""),
			""preview_url"":		previewURL,
		},
		legalNoticeDispatchAt(now, effectiveFrom),
	)
	if err != nil {
		return err
	}
	return appendLegalPolicyLifecycleAudit(
		ctx, tx, s.auditWriter, ""terms"", terms.ID, terms.Version,
		[]string{""effective_at"", ""status""}, sharedtelemetry.AuditStateDraft, sharedtelemetry.AuditStateScheduled,
		&effectiveFrom, nil,
	)
}); err != nil"
internal/legal/terms.go,512,CancelTermsSchedule,errs.Internal(err),err != nil
internal/legal/terms.go,592,ActivateTermsNow,errs.Internal(err),err != nil
internal/legal/terms.go,699,DeleteTerms,errs.Internal(err),err != nil
internal/legal/terms.go,723,RegenerateTermsDerivedContent,errs.Internal(err),err != nil
internal/legal/terms.go,771,toProtoTermsWithDocument,"errs.InternalMsg(""terms content Block store is not configured"")",s.contentBlocks == nil
internal/legal/translation_interchange.go,102,executeAIDocumentMutationWithDB,errs.Internal(err),err != nil
internal/maptheme/admin_snapshot.go,93,UpdateMapThemeSnapshot,errs.Internal(err),err != nil
internal/maptheme/admin_snapshot.go,97,UpdateMapThemeSnapshot,errs.Internal(err),err != nil
internal/maptheme/internal_map.go,307,SaveMapThemeSnapshot,errs.Internal(err),err != nil
internal/maptheme/internal_map.go,328,LoadMapThemeSnapshot,errs.Internal(err),err != nil
internal/maptheme/internal_map.go,332,LoadMapThemeSnapshot,errs.Internal(err),err != nil
internal/maptheme/public/map_theme.go,127,ResolveByIds,"errs.Internal(fmt.Errorf(""resolve map themes: %w"", err))",err != nil
internal/maptheme/public/map_theme.go,138,ResolveByIds,errs.Internal(err),err != nil
internal/maptheme/public/map_theme.go,166,Resolve,"errs.Internal(fmt.Errorf(""resolve map theme: %w"", err))",err != nil
internal/maptheme/queries.go,38,ListMapThemes,errs.Internal(err),err != nil
internal/maptheme/queries.go,46,ListMapThemes,errs.Internal(err),err != nil
internal/maptheme/queries.go,51,ListMapThemes,"errs.Internal(fmt.Errorf(""default map theme %s is missing"", defaultID))",!defaultIncluded
internal/maptheme/queries.go,79,ResolveMapTheme,"errs.Internal(fmt.Errorf(""resolve map theme: %w"", err))",err != nil
internal/maptheme/queries.go,115,GetMapTheme,errs.Internal(err),err != nil
internal/maptheme/queries.go,119,GetMapTheme,errs.Internal(err),err != nil
internal/maptheme/queries.go,146,CreateMapTheme,errs.Internal(err),err != nil
internal/maptheme/queries.go,183,CreateMapTheme,errs.Internal(err),err != nil
internal/maptheme/queries.go,187,CreateMapTheme,errs.Internal(err),err != nil
internal/maptheme/queries.go,252,DeleteMapTheme,errs.Internal(err),err != nil
internal/maptheme/queries.go,265,CopyMapTheme,errs.Internal(err),err != nil
internal/maptheme/queries.go,317,CopyMapTheme,errs.Internal(err),err != nil
internal/maptheme/queries.go,321,CopyMapTheme,errs.Internal(err),err != nil
internal/maptheme/queries.go,365,SetDefaultMapTheme,errs.Internal(err),err != nil
internal/mcp/handler.go,808,writeHTTPError,"http.Error(response, message, status)",
internal/mediaasset/download_policy.go,932,resolveRestrictedFileDownloadPermissions,errs.Internal(err),err != nil
internal/mediaasset/file_lock.go,34,LockAttachableFilesForUpdate,errs.Internal(err),"err := tx.WithContext(ctx).
	Clauses(clause.Locking{Strength: ""UPDATE""}).
	Select(""id"", ""delete_requested_at"").
	Where(""id IN ?"", ids).
	Order(""id ASC"").
	Find(&files).Error; err != nil"
internal/mediaasset/lifecycle.go,119,AllocatePublicAsset,errs.Internal(err),err := s.db.WithContext(ctx).Transaction(createAsset); err != nil
internal/mediaasset/lifecycle.go,282,bindPublicAssetWithDB,errs.Internal(err),err != nil
internal/mediaasset/lifecycle.go,290,bindPublicAssetWithDB,errs.Internal(err),err != nil
internal/mediaasset/lifecycle.go,301,bindPublicAssetWithDB,errs.Internal(err),err != nil
internal/mediaasset/lifecycle.go,331,storePublicAssetBinding,errs.Internal(err),err := tx.Create(&binding).Error; err != nil
internal/mediaasset/lifecycle.go,349,storePublicAssetBinding,errs.Internal(result.Error),result.Error != nil
internal/mediaasset/lifecycle.go,358,storePublicAssetBinding,errs.Internal(err),"err := transitionUnboundPublicAssetsToDeletePending(ctx, tx, []string{current.AssetID}, now); err != nil"
internal/mediaasset/lifecycle.go,430,ReadyAssetRefForSourceFile,errs.Internal(err),"err := s.db.WithContext(ctx).
	Where(
		""source_file_id = ? AND kind = ? AND status = ?"",
		strings.TrimSpace(sourceFileID),
		expectedKind,
		model.PublicAssetStatusReady,
	).
	Order(""created_at DESC"").
	Take(&asset).Error; err != nil"
internal/mediaasset/lifecycle.go,468,LoadReadyPublicAssetRefsForSourceFiles,errs.Internal(err),"err := db.WithContext(ctx).
	Where(""source_file_id IN ? AND kind = ? AND status = ?"", sourceFileIDs, expectedKind, model.PublicAssetStatusReady).
	Order(""source_file_id ASC, created_at DESC, id DESC"").
	Find(&assets).Error; err != nil"
internal/mediaasset/lifecycle.go,494,AssetRef,errs.Internal(err),err != nil
internal/mediaasset/lifecycle.go,518,RequestPublicAssetDeletion,errs.Internal(err),"err := tx.Clauses(clause.Locking{Strength: ""UPDATE""}).
	Select(""id"", ""status"").
	Where(""id = ?"", assetID).
	Take(&asset).Error; err != nil"
internal/mediaasset/lifecycle.go,529,RequestPublicAssetDeletion,errs.Internal(err),err != nil
internal/mediaasset/lifecycle.go,543,RequestPublicAssetDeletion,errs.Internal(result.Error),result.Error != nil
internal/mediaasset/lifecycle.go,571,ReleasePublicAssetBindings,errs.Internal(err),"err := tx.Model(&model.PublicAssetBinding{}).
	Where(""owner_type = ? AND owner_id = ?"", ownerType, ownerID).
	Where(""binding_key = ? OR binding_key LIKE ?"", bindingPrefix, bindingPrefix+"":%"").
	Order(""binding_key ASC"").
	Pluck(""binding_key"", &bindingKeys).Error; err != nil"
internal/mediaasset/lifecycle.go,610,releaseExactPublicAssetBindings,errs.Internal(err),"err := tx.WithContext(ctx).
	Where(""owner_type = ? AND owner_id = ? AND binding_key IN ?"", ownerType, ownerID, bindingKeys).
	Order(""binding_key ASC"").
	Find(&snapshot).Error; err != nil"
internal/mediaasset/lifecycle.go,621,releaseExactPublicAssetBindings,errs.Internal(err),"_, err := lockPublicAssetsForUpdate(ctx, tx, assetIDs); err != nil"
internal/mediaasset/lifecycle.go,630,releaseExactPublicAssetBindings,errs.Internal(err),"err := tx.WithContext(ctx).
	Clauses(clause.Locking{Strength: ""UPDATE""}).
	Where(""owner_type = ? AND owner_id = ? AND binding_key IN ?"", ownerType, ownerID, bindingKeys).
	Order(""binding_key ASC"").
	Find(&current).Error; err != nil"
internal/mediaasset/lifecycle.go,644,releaseExactPublicAssetBindings,errs.Internal(result.Error),result.Error != nil
internal/mediaasset/lifecycle.go,650,releaseExactPublicAssetBindings,errs.Internal(err),"err := transitionUnboundPublicAssetsToDeletePending(ctx, tx, assetIDs, now); err != nil"
internal/mediaasset/lifecycle.go,855,CompleteMediaGeneration,errs.Internal(err),"err := s.db.WithContext(ctx).Where(""id = ?"", generationID).Take(&generation).Error; err != nil"
internal/mediaasset/lifecycle.go,866,loadPublicAsset,errs.Internal(err),"err := s.db.WithContext(ctx).Where(""id = ?"", assetID).Take(&asset).Error; err != nil"
internal/mediadelivery/http_handler.go,32,NewHandler,"http.Error(w, ""Not found"", http.StatusNotFound)",
internal/mediadelivery/proxy/font.go,34,ServeHTTP,"http.Error(w, ""Not found"", http.StatusNotFound)","path == """""
internal/mediadelivery/proxy/font.go,52,ServeHTTP,"http.Error(w, ""Failed to fetch font"", http.StatusBadGateway)",err != nil
internal/mediadelivery/proxy/font_css.go,52,ServeHTTP,"http.Error(w, ""Missing query parameters"", http.StatusBadRequest)","query == """""
internal/mediadelivery/proxy/font_css.go,75,ServeHTTP,"http.Error(w, ""Internal error"", http.StatusInternalServerError)",err != nil
internal/mediadelivery/proxy/font_css.go,86,ServeHTTP,"http.Error(w, ""Failed to fetch font CSS"", http.StatusBadGateway)",err != nil
internal/mediadelivery/proxy/font_css.go,93,ServeHTTP,"http.Error(w, ""Upstream error"", resp.StatusCode)",resp.StatusCode != http.StatusOK
internal/mediadelivery/proxy/font_css.go,100,ServeHTTP,"http.Error(w, ""Failed to read response"", http.StatusInternalServerError)",err != nil
internal/mediadelivery/proxy/image.go,24,ServeHTTP,"http.Error(w, ""Not found"", http.StatusNotFound)",err != nil
internal/mediadelivery/proxy/image.go,30,ServeHTTP,"http.Error(w, ""Invalid image options"", http.StatusBadRequest)",err != nil
internal/mediadelivery/proxy/image.go,36,ServeHTTP,"http.Error(w, ""Internal error"", http.StatusInternalServerError)",err != nil
internal/mediadelivery/proxy/image.go,43,ServeHTTP,"http.Error(w, ""Internal error"", http.StatusInternalServerError)",err != nil
internal/mediadelivery/proxy/image.go,53,ServeHTTP,"http.Error(w, ""Bad gateway"", http.StatusBadGateway)",err != nil
internal/mediadelivery/proxy/image.go,74,writeImgproxyResponse,"http.Error(w, ""Image not found"", resp.StatusCode)",resp.StatusCode != http.StatusOK
internal/mediadelivery/proxy/media.go,45,ServeHTTP,"http.Error(w, ""Bad gateway"", http.StatusBadGateway)",err != nil
internal/mediadelivery/proxy/media.go,67,serveRange,"http.Error(w, ""Range not satisfiable"", http.StatusRequestedRangeNotSatisfiable)",!ok
internal/mediadelivery/proxy/media.go,77,serveRange,"http.Error(w, ""Bad gateway"", http.StatusBadGateway)",err != nil
internal/mediadelivery/proxy/media_router.go,47,ServeHTTP,"http.Error(w, ""Method not allowed"", http.StatusMethodNotAllowed)",!isDeliveryMethod(r.Method)
internal/mediadelivery/proxy/media_router.go,83,resolveDelivery,"http.Error(w, ""Forbidden"", http.StatusForbidden)",err != nil
internal/mediadelivery/proxy/media_router.go,96,resolveDelivery,"http.Error(w, ""Forbidden"", http.StatusForbidden)",deliveryPath.Kind == mediaauth.PathAsset && hasForbiddenPublicAssetDownloadMetadata(stat)
internal/mediadelivery/proxy/media_router.go,113,serveResolvedDelivery,"http.Error(w, ""Invalid asset options"", http.StatusBadRequest)",hasAssetOptions && !hasTransform
internal/mediadelivery/proxy/media_router.go,117,serveResolvedDelivery,"http.Error(w, ""Asset options are supported only for images"", http.StatusBadRequest)",hasAssetOptions && !isImage
internal/mediadelivery/proxy/media_router.go,125,serveResolvedDelivery,"http.Error(w, ""Forbidden"", http.StatusForbidden)",resolved.claims != nil && resolved.claims.Purpose != mediaauth.PurposeInline
internal/member/member_admin.go,41,SearchMembers,"errs.Internal(fmt.Errorf(""lookup author candidates: %w"", err))",err != nil
internal/member/member_admin.go,60,SearchMembers,errs.Internal(err),"err := query.Order(""nickname ASC, id ASC"").Limit(limit).Find(&members).Error; err != nil"
internal/member/member_admin.go,68,SearchMembers,errs.Internal(err),err != nil
internal/member/member_admin.go,94,GetMember,errs.Internal(err),err != nil
internal/member/member_admin.go,102,GetMember,errs.Internal(err),err != nil
internal/member/member_admin.go,132,kratosIdentityWithOIDCCredentials,"errs.InternalMsg(""member service identity manager is required"")",s.identity == nil
internal/member/member_admin.go,136,kratosIdentityWithOIDCCredentials,"errs.Internal(fmt.Errorf(""read member account details: %w"", err))",err != nil || identity == nil
internal/member/member_admin.go,196,ListMembersAdmin,errs.Internal(err),err := query.Session(&gorm.Session{}).Count(&total).Error; err != nil
internal/member/member_admin.go,207,ListMembersAdmin,errs.Internal(err),"err := query.Select(""m.*"").Limit(limit).Offset(offset).Scan(&members).Error; err != nil"
internal/member/member_admin.go,215,ListMembersAdmin,errs.Internal(err),err != nil
internal/member/member_admin.go,223,ListMembersAdmin,errs.Internal(err),err != nil
internal/member/member_admin.go,227,ListMembersAdmin,errs.Internal(err),err != nil
internal/member/member_avatar.go,38,setAvatar,errs.Internal(err),err != nil
internal/member/member_avatar.go,49,setAvatar,errs.Internal(err),err := query.Count(&count).Error; err != nil
internal/member/member_avatar.go,56,setAvatar,"errs.Internal(fmt.Errorf(""file service does not support avatar promotion""))",!ok
internal/member/member_avatar.go,64,setAvatar,errs.Internal(err),err != nil
internal/member/member_avatar.go,89,setAvatar,errs.Wrap(err),"err := identitystate.WithMutation(ctx, s.db, target.IdentityID, func(mutationCtx context.Context, connection *gorm.DB) error {
	return connection.WithContext(mutationCtx).Transaction(func(tx *gorm.DB) error {
		current, err := authorizationtarget.LinkedMemberForMember(tx, memberID, !admin)
		if err != nil {
			if errors.Is(err, authorizationtarget.ErrIneligible) {
				return errs.NotFound(""member"", memberID)
			}
			return errs.Internal(err)
		}
		if current.IdentityID != target.IdentityID {
			return errs.NotFound(""member"", memberID)
		}
		query := tx.Model(&model.FileIngestBinding{}).Where(""file_id = ? AND upload_type = ?"", fileID, managev1.UploadType_UPLOAD_TYPE_USER_AVATAR.String())
		if !admin {
			query = query.Where(""entity_id = ?"", memberID)
		}
		var count int64
		if err := query.Count(&count).Error; err != nil {
			return errs.Internal(err)
		}
		if count != 1 {
			return errs.PermissionDenied(""avatar source does not belong to this member"")
		}
		promoter, ok := s.fileService.(UserAvatarAssetPromoter)
		if !ok {
			return errs.Internal(fmt.Errorf(""file service does not support avatar promotion""))
		}
		promoted, err := promoter.PromoteUserAvatarAsset(mutationCtx, fileID)
		if err != nil {
			return err
		}
		binding, found, err := mediaasset.LoadPublicAssetBindingForUpdate(mutationCtx, tx, ""member"", memberID, ""avatar"")
		if err != nil {
			return errs.Internal(err)
		}
		asset = promoted
		if found && binding.AssetID == promoted.AssetId {
			return nil
		}
		if err := mediaasset.NewLifecycle(tx, s.cdnDomain).BindPublicAsset(mutationCtx, mediaasset.Binding{AssetID: promoted.AssetId, OwnerType: ""member"", OwnerID: memberID, BindingKey: ""avatar"", SourceFileID: &fileID}); err != nil {
			return err
		}
		return domainaudit.AppendRequest(
			mutationCtx,
			tx,
			s.auditWriter,
			sharedtelemetry.AuditMemberUpdated,
			func(metadata sharedtelemetry.AuditMetadata) (sharedtelemetry.AuditRecord, error) {
				return sharedtelemetry.NewMemberAvatarUpdatedAuditRecord(
					metadata,
					memberID,
					sharedtelemetry.AuditCollectionOperationAdded,
					promoted.AssetId,
				)
			},
		)
	})
}); err != nil"
internal/member/member_avatar.go,110,deleteAvatar,errs.Internal(err),err != nil
internal/member/member_avatar.go,117,deleteAvatar,errs.Internal(err),err != nil
internal/member/member_avatar.go,141,deleteAvatar,errs.Wrap(err),"err := identitystate.WithMutation(ctx, s.db, target.IdentityID, func(mutationCtx context.Context, connection *gorm.DB) error {
	return connection.WithContext(mutationCtx).Transaction(func(tx *gorm.DB) error {
		current, err := authorizationtarget.LinkedMemberForMember(tx, memberID, !admin)
		if err != nil {
			if errors.Is(err, authorizationtarget.ErrIneligible) {
				return errs.NotFound(""member"", memberID)
			}
			return errs.Internal(err)
		}
		if current.IdentityID != target.IdentityID {
			return errs.NotFound(""member"", memberID)
		}
		binding, found, err := mediaasset.LoadPublicAssetBindingForUpdate(mutationCtx, tx, ""member"", memberID, ""avatar"")
		if err != nil {
			return errs.Internal(err)
		}
		if !found {
			return nil
		}
		if err := mediaasset.NewLifecycle(tx, s.cdnDomain).ReleaseExactPublicAssetBindings(mutationCtx, ""member"", memberID, []string{""avatar""}); err != nil {
			return err
		}
		return domainaudit.AppendRequest(
			mutationCtx,
			tx,
			s.auditWriter,
			sharedtelemetry.AuditMemberUpdated,
			func(metadata sharedtelemetry.AuditMetadata) (sharedtelemetry.AuditRecord, error) {
				return sharedtelemetry.NewMemberAvatarUpdatedAuditRecord(
					metadata,
					memberID,
					sharedtelemetry.AuditCollectionOperationRemoved,
					binding.AssetID,
				)
			},
		)
	})
}); err != nil"
internal/member/member_onboarding.go,45,CompleteMyOnboarding,errs.Internal(err),"err := identitystate.Lock(tx, principal.IdentityID.String()); err != nil"
internal/member/member_onboarding.go,61,CompleteMyOnboarding,errs.Internal(result.Error),result.Error != nil
internal/member/member_onboarding.go,72,CompleteMyOnboarding,errs.Internal(err),"err := tx.Where(""id = ?::uuid"", principal.MemberID.String()).Take(&member).Error; err != nil"
internal/member/member_onboarding.go,90,CompleteMyOnboarding,errs.Wrap(err),err != nil
internal/member/member_onboarding.go,117,resolveUnchangedMemberOnboarding,errs.Internal(err),err != nil
internal/member/member_onboarding.go,358,UpdateMyPreferences,errs.Internal(err),err != nil
internal/member/member_projection.go,38,loadCurrentSessionMember,errs.Internal(err),"err := s.db.WithContext(ctx).
	Select(""id"", ""account_identity_id"", ""nickname"", ""onboarded"", ""preferred_locale"", ""deleted_at"").
	Where(""id = ?"", memberID).
	Take(&member).Error; err != nil"
internal/member/member_projection.go,129,loadAuthorizationEligibleMemberSummary,errs.Internal(err),err != nil
internal/member/member_projection.go,193,memberProfileByID,errs.Internal(err),err != nil
internal/member/member_projection.go,200,memberProfileByID,errs.Internal(err),err != nil
internal/member/member_self_profile.go,36,GetMySettings,errs.Internal(err),"err := s.db.WithContext(ctx).Where(""id = ? AND deleted_at IS NULL AND account_identity_id IS NOT NULL"", memberID).First(&member).Error; err != nil"
internal/member/member_self_profile.go,40,GetMySettings,errs.Internal(err),err != nil
internal/member/member_self_profile.go,45,GetMySettings,errs.Internal(consentErr),consentErr != nil && consentErr != gorm.ErrRecordNotFound
internal/member/member_self_profile.go,146,updateProfile,errs.Internal(err),"err := authorizationtarget.WithMutation(ctx, s.db, memberID, func(mutationCtx context.Context, connection *gorm.DB) error {
	return connection.WithContext(mutationCtx).Transaction(func(tx *gorm.DB) error {
		var current model.Member
		if err := tx.Where(""id = ? AND deleted_at IS NULL AND account_identity_id IS NOT NULL AND onboarded = TRUE"", memberID).Take(&current).Error; err != nil {
			return err
		}
		changedFields, auditNickname := memberProfileChangedFields(current, updates)
		if len(changedFields) == 0 {
			return nil
		}
		if err := tx.Model(&model.Member{}).Where(""id = ?"", memberID).Updates(updates).Error; err != nil {
			return err
		}
		return domainaudit.AppendRequest(
			mutationCtx,
			tx,
			s.auditWriter,
			sharedtelemetry.AuditMemberUpdated,
			func(metadata sharedtelemetry.AuditMetadata) (sharedtelemetry.AuditRecord, error) {
				return sharedtelemetry.NewMemberProfileUpdatedAuditRecord(metadata, memberID, changedFields, auditNickname)
			},
		)
	})
}); err != nil"
internal/member/member_self_profile.go,173,updateMemberProfileAsAdmin,errs.Internal(err),err != nil
internal/member/member_self_profile.go,210,updateMemberProfileAsAdmin,errs.Internal(err),err != nil
internal/member/member_self_profile.go,283,CheckNicknameAvailability,errs.Internal(err),"err := s.db.WithContext(ctx).Raw(`
		SELECT EXISTS (
			SELECT 1
			FROM member
			WHERE nickname = ?
			  AND id <> ?::uuid
		)
	`, nickname, principal.MemberID.String()).Scan(&claimed).Error; err != nil"
internal/member/member_service.go,220,isGlobalAuthor,errs.Internal(err),err != nil
internal/member/member_tags.go,72,ListMemberTagsAdmin,errs.Internal(err),err := query.Session(&gorm.Session{}).Count(&total).Error; err != nil
internal/member/member_tags.go,90,ListMemberTagsAdmin,errs.Internal(err),err := query.Limit(limit).Offset(offset).Scan(&rows).Error; err != nil
internal/member/member_tags.go,112,CreateMemberTag,errs.Internal(err),err := tx.Create(&tag).Error; err != nil
internal/member/member_tags.go,124,CreateMemberTag,errs.Wrap(err),"err := s.db.WithContext(ctx).Transaction(func(tx *gorm.DB) error {
	if err := tx.Create(&tag).Error; err != nil {
		return errs.Internal(err)
	}
	return domainaudit.AppendOptionalRequest(
		ctx,
		tx,
		s.auditWriter,
		sharedtelemetry.AuditMemberTagCreated,
		func(metadata sharedtelemetry.AuditMetadata) (sharedtelemetry.AuditRecord, error) {
			return sharedtelemetry.NewMemberTagCreatedAuditRecord(metadata, tag.ID, tag.Name)
		},
	)
}); err != nil"
internal/member/member_tags.go,141,DeleteMemberTag,errs.Internal(err),"err := tx.Clauses(clause.Locking{Strength: ""UPDATE""}).First(&tag, ""id = ?"", req.Msg.Id).Error; err != nil"
internal/member/member_tags.go,152,DeleteMemberTag,errs.Internal(err),"err := tx.Raw(`
			SELECT EXISTS (
				SELECT 1
				FROM audience_segment_user_tag
				WHERE user_tag_id = ?
			)
		`, tag.ID).Scan(&referenced).Error; err != nil"
internal/member/member_tags.go,158,DeleteMemberTag,errs.Internal(err),"err := tx.Where(""tag_id = ?"", req.Msg.Id).Delete(&model.UserTagMapping{}).Error; err != nil"
internal/member/member_tags.go,161,DeleteMemberTag,errs.Internal(err),err := tx.Delete(&tag).Error; err != nil
internal/member/member_tags.go,174,DeleteMemberTag,errs.Wrap(err),err != nil
internal/member/member_tags.go,203,replaceMemberTags,errs.Internal(err),"err := identitystate.Lock(tx, target.IdentityID); err != nil"
internal/member/member_tags.go,219,replaceMemberTags,errs.Internal(err),"err := tx.Model(&model.UserTag{}).Where(""id IN ?"", tagIDs).Count(&count).Error; err != nil"
internal/member/member_tags.go,230,replaceMemberTags,errs.Internal(err),"err := tx.Model(&model.UserTagMapping{}).
	Where(""member_id = ?"", memberID).
	Order(""tag_id ASC"").
	Pluck(""tag_id"", &currentTagIDs).Error; err != nil"
internal/member/member_tags.go,236,replaceMemberTags,errs.Internal(err),"err := tx.Where(""member_id = ?"", memberID).Delete(&model.UserTagMapping{}).Error; err != nil"
internal/member/member_tags.go,240,replaceMemberTags,errs.Internal(err),"err := tx.Create(&model.UserTagMapping{MemberID: memberID, TagID: tagID}).Error; err != nil"
internal/member/member_viewer.go,98,GetCurrentSession,errs.Internal(err),err != nil
internal/member/public/member.go,69,GetPublicMember,"errs.Internal(fmt.Errorf(""load public member: %w"", err))","err := s.db.WithContext(ctx).
	Table(""member AS m"").
	Select(""m.*, FALSE AS can_expose_extended_profile"").
	Where(""m.id = ? AND m.onboarded = TRUE"", memberID.String()).
	Take(&row).Error; err != nil"
internal/member/public/member.go,75,GetPublicMember,"errs.Internal(fmt.Errorf(""parse public member account identity: %w"", err))",err != nil
internal/member/public/member.go,79,GetPublicMember,"errs.Internal(fmt.Errorf(""build public member visibility permission: %w"", err))",err != nil
internal/member/public/member.go,83,GetPublicMember,"errs.Internal(fmt.Errorf(""check public member visibility permission: %w"", err))",err != nil
internal/member/public/member.go,89,GetPublicMember,errs.Internal(err),err != nil
internal/member/public/member.go,93,GetPublicMember,errs.Internal(err),err != nil
internal/member/public/member.go,135,ListAuthors,"errs.Internal(fmt.Errorf(""lookup public author identities: %w"", err))",err != nil
internal/member/public/member.go,157,ListAuthors,"errs.Internal(fmt.Errorf(""list top post contributors: %w"", err))","err := s.db.WithContext(ctx).Raw(`
		SELECT
			pa.member_id,
			COUNT(*) AS post_count,
			m.account_identity_id::text AS account_identity_id,
			m.bio
		FROM post_author AS pa
		JOIN post AS p ON p.id = pa.post_id
		JOIN member AS m ON m.id = pa.member_id
		WHERE p.status IN (?, ?)
		  AND m.onboarded = TRUE
		GROUP BY pa.member_id, m.account_identity_id, m.bio
		ORDER BY post_count DESC, pa.member_id ASC
		LIMIT ?
	`, ""POST_STATUS_PUBLISHED"", ""POST_STATUS_ARCHIVED"", limit).Scan(&rows).Error; err != nil"
internal/member/public/member.go,166,ListAuthors,errs.Internal(err),err != nil
internal/member/public/member.go,230,listSelectedAuthors,"errs.Internal(fmt.Errorf(""load selected authors: %w"", err))","err := s.db.WithContext(ctx).Raw(`
		SELECT
			m.id::text AS member_id,
			m.account_identity_id::text AS account_identity_id,
			COUNT(pa.post_id) FILTER (WHERE p.status IN (?, ?)) AS post_count,
			m.bio
		FROM member AS m
		LEFT JOIN post_author AS pa ON pa.member_id = m.id
		LEFT JOIN post AS p ON p.id = pa.post_id
		WHERE m.id IN ?
		  AND m.onboarded = TRUE
		  AND m.deleted_at IS NULL
		  AND m.account_identity_id IS NOT NULL
		GROUP BY m.id, m.account_identity_id, m.bio
	`, ""POST_STATUS_PUBLISHED"", ""POST_STATUS_ARCHIVED"", memberIDs).Scan(&rows).Error; err != nil"
internal/member/public/member.go,235,listSelectedAuthors,"errs.Internal(fmt.Errorf(""lookup selected author identities: %w"", err))",err != nil
internal/member/public/member.go,253,listSelectedAuthors,errs.Internal(err),err != nil
internal/member/public/newsletter.go,57,Unsubscribe,errs.Internal(err),"err := s.unsubscribeWithAudit(ctx, identityID); err != nil"
internal/menu/ai_document.go,316,persistAIDocumentSource,errs.Internal(err),err != nil
internal/menu/ai_document.go,353,persistMenuAIDocumentSourceValues,errs.Internal(err),err != nil
internal/menu/ai_document.go,362,persistMenuAIDocumentSourceValues,errs.Internal(result.Error),result.Error != nil
internal/menu/ai_document.go,384,persistMenuAIDocumentTarget,errs.Internal(result.Error),result.Error != nil
internal/menu/ai_document.go,394,persistMenuAIDocumentTarget,errs.Internal(err),err != nil
internal/menu/ai_document.go,403,persistMenuAIDocumentTarget,errs.Internal(err),"err := tx.WithContext(ctx).Table(""menu_translation"").Select(""updated_at"").
	Where(""entity_id = ? AND locale = ?"", previous.ID, previous.Locale).Take(&row).Error; err != nil"
internal/menu/ai_document.go,415,persistMenuAIDocumentTarget,errs.Internal(result.Error),result.Error != nil
internal/menu/ai_document.go,503,loadMenuAIDocumentSnapshot,errs.Internal(err),"err := query.First(&root, ""id = ?"", menuID).Error; err != nil"
internal/menu/ai_document.go,527,loadMenuAIDocumentSnapshotFromRoot,errs.Internal(err),err != nil
internal/menu/ai_document.go,566,loadMenuAIDocumentSnapshotFromRoot,errs.Internal(err),err != nil
internal/menu/ai_document.go,598,loadMenuAIDocumentLocaleRow,errs.Internal(err),err := query.Take(&stored).Error; err != nil
internal/menu/ai_document.go,602,loadMenuAIDocumentLocaleRow,errs.Internal(err),err != nil
internal/menu/ai_document_execution.go,194,ExecuteAIDocumentMutation,errs.Internal(err),err != nil
internal/menu/ai_document_execution.go,303,ExecuteAIDocumentMutation,"errs.Internal(errors.New(""menu AI document mutation did not advance its authoritative revision""))","next.DocumentRevision == locked.DocumentRevision && equalMenuRevision(next.TargetRevision, locked.TargetRevision)"
internal/menu/authorization.go,75,requireMenuPermissionOrNotFound,errs.Internal(dbErr),"dbErr := s.db.WithContext(ctx).Table(""menu"").Where(""id = ?"", menuID).Count(&count).Error; dbErr != nil"
internal/menu/authorization.go,96,requireFreshMenuPermission,errs.Internal(err),err != nil
internal/menu/authorization.go,150,requireMenuPermissionAndLock,errs.Internal(err),"_, err := lockMenuForUpdate(ctx, tx, menuID); err != nil"
internal/menu/content_document.go,32,loadMenuContentDocumentStateFromRoot,"errs.Internal(errors.New(""menu content document database is required""))",db == nil
internal/menu/content_document.go,56,loadMenuContentDocumentStateFromRoot,errs.Internal(err),err := query.Take(&document).Error; err != nil
internal/menu/content_document.go,72,parseMenuContentDocumentUUID,"errs.Internal(fmt.Errorf(""invalid Menu %s: %s"", field, normalized))",err != nil || parsed == uuid.Nil || parsed.String() != normalized
internal/menu/content_document.go,79,createMenuContentDocument,"errs.Internal(errors.New(""menu content document transaction is required""))",tx == nil
internal/menu/content_document.go,88,createMenuContentDocument,errs.Internal(err),"err := tx.WithContext(ctx).Exec(
	`INSERT INTO content_document (id, profile, revision, created_at, updated_at)
		 VALUES (?, ?, ?, ?, ?)`,
	documentID, menuContentDocumentProfile, revision, now.UTC(), now.UTC(),
).Error; err != nil"
internal/menu/content_document.go,119,advanceMenuContentDocument,errs.Internal(updated.Error),updated.Error != nil
internal/menu/content_document.go,133,deleteMenuContentDocument,errs.Internal(result.Error),result.Error != nil
internal/menu/internal_collaboration.go,85,LoadDocument,errs.Wrap(err),err != nil
internal/menu/internal_collaboration.go,241,SaveDocument,errs.Wrap(err),err != nil
internal/menu/service.go,118,GetMenuById,"errs.Internal(fmt.Errorf(""failed to get menu: %w"", err))","err := s.db.WithContext(ctx).First(&menu, ""id = ?"", id).Error; err != nil"
internal/menu/service.go,126,GetMenuById,"errs.Internal(fmt.Errorf(""failed to convert menu: %w"", err))",err != nil
internal/menu/service.go,139,ListMenus,errs.Internal(err),err != nil
internal/menu/service.go,151,ListMenus,errs.Internal(err),err := query.Count(&total).Error; err != nil
internal/menu/service.go,169,ListMenus,errs.Internal(err),"err := query.
	Order(""name ASC"").
	Limit(int(limit)).
	Offset(int(offset)).
	Find(&menus).Error; err != nil"
internal/menu/service.go,205,CreateMenu,errs.Internal(err),err != nil
internal/menu/service.go,215,CreateMenu,"errs.Internal(fmt.Errorf(""failed to check menu name uniqueness: %w"", err))","err := s.db.WithContext(ctx).Model(&model.Menu{}).Where(""name = ?"", req.Msg.Name).Count(&existingCount).Error; err != nil"
internal/menu/service.go,288,CreateMenu,"errs.Internal(fmt.Errorf(""failed to create menu: %w"", err))",err != nil
internal/menu/service.go,292,CreateMenu,"errs.Internal(fmt.Errorf(""failed to convert menu: %w"", err))",err != nil
internal/menu/service.go,319,UpdateMenu,"errs.Internal(fmt.Errorf(""failed to update menu: %w"", err))",err != nil
internal/menu/service.go,324,UpdateMenu,"errs.Internal(fmt.Errorf(""failed to convert menu: %w"", err))",err != nil
internal/menu/service.go,349,DeleteMenu,errs.Internal(err),err != nil
internal/menu/service.go,360,DeleteMenu,errs.Internal(err),err := tx.Delete(menu).Error; err != nil
internal/menu/service.go,393,DeleteMenu,"errs.Internal(fmt.Errorf(""failed to delete menu: %w"", err))",err != nil
internal/menu/service_update.go,108,applyMenuUpdate,"errs.Internal(fmt.Errorf(""failed to reload menu: %w"", err))","err := tx.First(&menu, ""id = ?"", menuID).Error; err != nil"
internal/menu/service_update.go,193,ensureUpdatedMenuNameAvailable,"errs.Internal(fmt.Errorf(""failed to check menu name uniqueness: %w"", err))","err := tx.Model(&model.Menu{}).Where(""name = ? AND id != ?"", normalized, menuID).Count(&existingCount).Error; err != nil"
internal/menu/service_update.go,207,updateMenuRow,"errs.Internal(fmt.Errorf(""failed to update menu: %w"", result.Error))",result.Error != nil
internal/menu/target_lifecycle.go,90,rewriteMenusForTarget,errs.Internal(err),"err := tx.WithContext(ctx).Clauses(clause.Locking{Strength: ""UPDATE""}).
	Order(""id ASC"").
	Find(&menus).Error; err != nil"
internal/menu/target_lifecycle.go,100,rewriteMenusForTarget,errs.Internal(err),"err := json.Unmarshal(menus[index].Items, &items); err != nil"
internal/menu/target_lifecycle.go,110,rewriteMenusForTarget,errs.Internal(err),err != nil
internal/menu/target_lifecycle.go,122,rewriteMenusForTarget,errs.Internal(err),"err := tx.WithContext(ctx).Model(&model.Menu{}).
	Where(""id = ?"", menus[index].ID).
	Updates(structured.Fields{
		""items"":	nextJSON,
		""updated_at"":	now,
	}).Error; err != nil"
internal/menu/translation_content.go,92,LoadTranslationSourceDocument,errs.Internal(err),err != nil
internal/menu/translation_content.go,97,LoadTranslationSourceDocument,errs.Internal(err),err != nil
internal/menu/translation_interchange.go,73,LoadTranslationInterchangeTarget,errs.Internal(err),err != nil
internal/menu/translation_interchange.go,100,ApplyTranslationInterchange,errs.Internal(err),err != nil
internal/menu/translation_interchange.go,115,ApplyTranslationInterchange,errs.Internal(err),err != nil
internal/menu/translation_interchange.go,174,ApplyTranslationInterchange,errs.Internal(err),err != nil
internal/menu/translation_interchange.go,177,ApplyTranslationInterchange,"errs.InternalMsg(""Menu XLIFF mutation did not advance target revision"")",revision == currentRevision
internal/menu/translation_persistence.go,37,ApplyProviderTranslationCandidateWithDB,"errs.Internal(errors.New(""menu provider translation candidate is required""))","tx == nil || job == nil || job.EntityType != ""menu"" || candidate == nil || !candidate.HasProviderUnitPatch()"
internal/menu/translation_persistence.go,40,ApplyProviderTranslationCandidateWithDB,"errs.Internal(errors.New(""menu provider translation Audit writer is required""))",auditWriter == nil
internal/menu/translation_persistence.go,44,ApplyProviderTranslationCandidateWithDB,"errs.InternalMsg(""Menu provider translation requires canonical requester Member"")",err != nil || memberID == uuid.Nil || memberID.String() != strings.TrimSpace(job.RequestedByMemberID)
internal/menu/translation_persistence.go,48,ApplyProviderTranslationCandidateWithDB,"errs.InternalMsg(""Menu provider translation time is required"")",now.IsZero()
internal/menu/translation_persistence.go,55,ApplyProviderTranslationCandidateWithDB,errs.Internal(err),err != nil
internal/menu/translation_persistence.go,121,decodeSourceItems,errs.Internal(err),"err := json.Unmarshal(body, &items); err != nil"
internal/menu/translation_persistence.go,208,initializeCurrentSourceLabelValues,errs.Internal(err),"err := db.WithContext(ctx).Table(""menu"").Select(""source_locale"").
	Where(""id = ?"", menuID).Take(&root).Error; err != nil"
internal/menu/translation_persistence.go,222,initializeCurrentSourceLabelValues,errs.Internal(err),err != nil
internal/menu/translation_persistence.go,233,initializeCurrentSourceLabelValues,errs.Internal(err),"err := db.WithContext(ctx).Exec(
	`INSERT INTO menu_translation (entity_id, locale, items_json, created_at, updated_at)
		 VALUES (?, ?, ?, ?, ?)`,
	menuID, root.SourceLocale, string(body), now, now,
).Error; err != nil"
internal/menu/translation_persistence.go,255,SyncCurrentSourceLabelValues,errs.Internal(err),"err := db.WithContext(ctx).Table(""menu"").Select(""source_locale"").Where(""id = ?"", menuID).Take(&root).Error; err != nil"
internal/menu/translation_persistence.go,271,SyncCurrentSourceLabelValues,errs.Internal(err),"err := db.WithContext(ctx).Table(""menu_translation"").Clauses(clause.Locking{Strength: ""UPDATE""}).Select(""items_json, updated_at"").
	Where(""entity_id = ? AND locale = ?"", menuID, root.SourceLocale).Take(&row).Error; err != nil"
internal/menu/translation_persistence.go,275,SyncCurrentSourceLabelValues,errs.Internal(err),err != nil
internal/menu/translation_persistence.go,284,SyncCurrentSourceLabelValues,errs.Internal(err),err != nil
internal/menu/translation_persistence.go,291,SyncCurrentSourceLabelValues,errs.Internal(err),"err := db.WithContext(ctx).Exec(
	`UPDATE menu_translation SET items_json = ?, updated_at = ?
		 WHERE entity_id = ? AND locale = ?`,
	string(body), translation.NextTargetUpdatedAt(now, row.UpdatedAt), menuID, root.SourceLocale,
).Error; err != nil"
internal/menu/translation_persistence.go,346,ReconcileTranslationRowsWithSourceItems,errs.Internal(err),"err := db.WithContext(ctx).
	Table(""menu_translation"").
	Select(""locale, items_json, updated_at"").
	Where(""entity_id = ?"", menuID).
	Find(&rows).Error; err != nil"
internal/menu/translation_persistence.go,352,ReconcileTranslationRowsWithSourceItems,errs.Internal(err),err != nil
internal/menu/translation_persistence.go,367,ReconcileTranslationRowsWithSourceItems,errs.Internal(err),err != nil
internal/menu/translation_persistence.go,375,ReconcileTranslationRowsWithSourceItems,errs.Internal(err),"err := db.WithContext(ctx).Exec(
	`UPDATE menu_translation
			 SET items_json = ?, updated_at = ?
			 WHERE entity_id = ? AND locale = ?`,
	string(nextJSON), translation.NextTargetUpdatedAt(now, row.UpdatedAt), menuID, row.Locale,
).Error; err != nil"
internal/og/admin_query.go,69,GetLatestOgGeneration,errs.Internal(err),err := query.Take(&target).Error; err != nil
internal/og/admin_query.go,101,GetOgGenerationRun,errs.Internal(err),"err := s.db.WithContext(ctx).First(&run, ""id = ?"", runID).Error; err != nil"
internal/og/admin_query.go,105,GetOgGenerationRun,errs.Internal(err),"err := s.db.WithContext(ctx).Where(""run_id = ?"", runID).Order(""request_sequence"").Find(&generations).Error; err != nil"
internal/og/admin_query.go,133,GetOgGenerationRun,errs.Internal(err),"err := s.db.WithContext(ctx).First(&target, ""id = ?"", generation.TargetID).Error; err != nil"
internal/og/admin_query.go,137,GetOgGenerationRun,errs.Internal(err),err != nil
internal/og/admin_query.go,158,loadOgGenerationView,errs.Internal(err),"err := db.WithContext(ctx).First(&generation, ""id = ?"", generationID).Error; err != nil"
internal/og/admin_query.go,162,loadOgGenerationView,errs.Internal(err),"err := db.WithContext(ctx).First(&target, ""id = ?"", generation.TargetID).Error; err != nil"
internal/og/admin_query.go,170,ogGenerationToProto,errs.Internal(err),err != nil
internal/og/admin_query.go,199,loadReadyOgGenerationAsset,errs.Internal(err),"err := s.db.WithContext(ctx).First(&storedAsset, ""id = ?"", generationID).Error; err != nil"
internal/og/admin_service.go,94,RegenerateOgImage,errs.Internal(err),err != nil
internal/og/admin_service.go,128,RegenerateAllOgImages,errs.Internal(err),err != nil
internal/og/handler.go,66,ClaimOgGeneration,errs.Internal(err),err != nil
internal/og/handler.go,73,ClaimOgGeneration,errs.Internal(err),err != nil
internal/og/handler.go,95,CompleteOgGeneration,errs.Internal(err),err != nil
internal/og/handler.go,118,FailOgGeneration,errs.Internal(err),"err := s.db.WithContext(ctx).First(&generation, ""id = ?"", req.Msg.GetGenerationId()).Error; err != nil"
internal/og/handler.go,133,mapOgLifecycleError,errs.Internal(err),
internal/page/ai_document.go,274,loadPageAIDocumentRoot,errs.Internal(err),err := query.Take(&root).Error; err != nil
internal/page/ai_document.go,281,loadPageAIDocumentRoot,"errs.InternalMsg(""Page content document ID is invalid"")",err != nil || documentID == uuid.Nil
internal/page/ai_document.go,306,loadPageAIDocumentLocale,errs.Internal(result.Error),result.Error != nil
internal/page/ai_document.go,357,applyPageAIDocumentMetadata,errs.Internal(err),"err := tx.WithContext(ctx).Exec(`
		INSERT INTO page_translation (entity_id, locale, title, summary, created_at, updated_at)
		VALUES (?, ?, ?, ?, ?, ?)
		ON CONFLICT (entity_id, locale) DO UPDATE SET
			title = EXCLUDED.title, summary = EXCLUDED.summary, updated_at = EXCLUDED.updated_at
	`, pageID, locale, nextTitle, nextSummary, now, now).Error; err != nil"
internal/page/assets.go,37,SetPageFeaturedImage,errs.Internal(err),"err := tx.Clauses(clause.Locking{Strength: ""UPDATE""}).
	First(&page, ""id = ?"", req.Msg.PageId).Error; err != nil"
internal/page/assets.go,54,SetPageFeaturedImage,errs.Internal(err),"err := tx.First(&file, ""id = ?"", req.Msg.FileId).Error; err != nil"
internal/page/assets.go,62,SetPageFeaturedImage,errs.Internal(err),"err := tx.Model(&page).Updates(structured.Fields{
	""featured_image_file_id"":	req.Msg.FileId,
	""updated_at"":			time.Now(),
}).Error; err != nil"
internal/page/assets.go,130,DeletePageFeaturedImage,errs.Internal(err),"err := tx.Clauses(clause.Locking{Strength: ""UPDATE""}).
	First(&page, ""id = ?"", req.Msg.PageId).Error; err != nil"
internal/page/assets.go,145,DeletePageFeaturedImage,errs.Internal(err),"err := tx.Model(&page).Updates(structured.Fields{
	""featured_image_file_id"":	nil,
	""updated_at"":			time.Now(),
}).Error; err != nil"
internal/page/authorization.go,40,RequireLockedView,errs.Internal(err),err != nil
internal/page/authorization.go,115,requirePageCreate,errs.Internal(err),err != nil
internal/page/authorization.go,123,requirePageList,errs.Internal(err),err != nil
internal/page/authorization.go,131,requireLockedPageCreate,errs.Internal(err),err != nil
internal/page/authorization.go,152,lockPageAuthorizationRoot,errs.Internal(err),"err := tx.WithContext(ctx).Table(""page"").
	Clauses(clause.Locking{Strength: ""UPDATE""}).
	Select(""id"").Where(""id = ?"", pageID).Take(&row).Error; err != nil"
internal/page/authorization_relationships.go,19,pageAuthorizationDeletionBatches,errs.Internal(err),err != nil
internal/page/collaboration.go,75,requireDocumentContributors,"errs.Internal(fmt.Errorf(""lock Page save contributor Members: %w"", err))","err := db.WithContext(ctx).
	Table(""member"").
	Clauses(clause.Locking{Strength: ""KEY SHARE""}).
	Select(""id::text"").
	Where(""id IN ?"", unique).
	Find(&members).Error; err != nil"
internal/page/collaboration.go,113,requirePageContributorsPermission,"errs.Internal(fmt.Errorf(""load Page collaboration contributors: %w"", err))","err := tx.WithContext(ctx).
	Table(""member AS member"").
	Joins(""JOIN kratos.identities AS identity ON identity.id = member.account_identity_id AND identity.external_id = member.id::text AND identity.state = ?"", ""active"").
	Select(""member.id::text AS member_id, member.account_identity_id::text AS identity_id"").
	Where(""member.id IN ? AND member.deleted_at IS NULL AND member.onboarded = TRUE AND member.account_identity_id IS NOT NULL AND COALESCE((identity.metadata_admin ->> 'banned')::boolean, false) = FALSE"", memberIDs).
	Find(&rows).Error; err != nil"
internal/page/content_document.go,57,loadPageContentDocumentID,errs.Internal(err),"err := db.WithContext(ctx).
	Table(""page"").
	Select(""id"", ""content_document_id"").
	Where(""id = ?"", pageID).
	Take(&root).Error; err != nil"
internal/page/content_document.go,80,loadPageContentDocumentIDForRead,errs.Internal(err),"err := tx.WithContext(ctx).
	Table(""page"").
	Clauses(clause.Locking{Strength: ""SHARE""}).
	Select(""id"", ""content_document_id"").
	Where(""id = ?"", pageID).
	Take(&root).Error; err != nil"
internal/page/content_document.go,115,authorizePageBlockBootstrap,"errs.Internal(fmt.Errorf(""resolve Page collaboration principal: %w"", err))",err != nil
internal/page/content_document.go,128,authorizePageBlockBootstrap,errs.Internal(err),err != nil
internal/page/content_document.go,146,authorizePageBlockBootstrap,"errs.Internal(fmt.Errorf(""lock Page collaboration session: %w"", err))","err := auth.LockAuthenticatedSessionForPrincipal(ctx, db, principalMessage.GetSessionId(), principal); err != nil"
internal/page/content_document.go,167,lockPageContentDocumentRoot,errs.Internal(err),"err := tx.WithContext(ctx).
	Clauses(clause.Locking{Strength: ""UPDATE""}).
	Table(""page"").
	Select(""id"", ""content_document_id"").
	Where(""id = ?"", pageID).
	Take(&root).Error; err != nil"
internal/page/content_document.go,220,loadPageContentDomainContext,errs.Internal(err),"err := db.WithContext(ctx).
	Table(""page"").
	Select(""source_locale"").
	Where(""id = ?"", pageID).
	Take(&source).Error; err != nil"
internal/page/content_document.go,264,normalizePageContentBlockError,"errs.Internal(fmt.Errorf(""page content document: %w"", err))",
internal/page/content_media.go,109,RequireIndexedContentBlockAttachmentsReadyForPublication,errs.Internal(err),"err := tx.WithContext(ctx).Clauses(clause.Locking{Strength: ""SHARE""}).
	Table(""file"").Select(""id, mime_type, duration_seconds, delete_requested_at"").
	Where(""id IN ?"", fileIDs).Order(""id ASC"").Find(&files).Error; err != nil"
internal/page/content_media.go,119,RequireIndexedContentBlockAttachmentsReadyForPublication,errs.Internal(err),"err := tx.WithContext(ctx).Table(""public_asset"").
	Select(""source_file_id, kind, file_size, sha256"").
	Where(""source_file_id IN ? AND kind IN ? AND status = ?"", fileIDs, []string{""image"", ""mesh""}, model.PublicAssetStatusReady).
	Find(&sourceAssets).Error; err != nil"
internal/page/content_media.go,135,RequireIndexedContentBlockAttachmentsReadyForPublication,errs.Internal(err),"err := tx.WithContext(ctx).Table(""file_derivative AS fd"").Select(`
		fd.file_id, fd.type, pa.status AS asset_status, pa.file_size AS asset_file_size,
		pa.sha256 AS asset_sha256, mg.file_id AS media_generation_file_id,
		mg.status AS media_generation_status, mg.manifest_name AS media_generation_manifest`).
	Joins(""LEFT JOIN public_asset AS pa ON pa.id = fd.asset_id"").
	Joins(""LEFT JOIN media_generation AS mg ON mg.id = fd.media_generation_id"").
	Where(""fd.file_id IN ?"", fileIDs).Find(&derivatives).Error; err != nil"
internal/page/helpers.go,84,readyManageOgAssetRef,errs.Internal(err),err != nil
internal/page/internal_service.go,97,requireContentBlockStore,"errs.InternalMsg(""Page content Block store is not configured"")",s.contentBlocks == nil
internal/page/internal_service.go,110,LoadPageBlockDocument,"errs.InternalMsg(""Page content Block media hydrator is not configured"")",s.mediaHydrator == nil
internal/page/internal_service.go,574,applyPageLocaleMetadataMutation,errs.Internal(result.Error),result.Error != nil
internal/page/internal_service.go,617,applyPageLocaleMetadataMutation,errs.Internal(update.Error),update.Error != nil
internal/page/media_delivery.go,18,loadPageFeaturedImageDeliveries,"errs.InternalMsg(""Page file delivery resolver is not configured"")",!ok
internal/page/projection.go,49,pageResponseWithReadyOg,"errs.InternalMsg(""Page is required"")",page == nil
internal/page/projection.go,64,pageResponseByWithReadyOg,"errs.InternalMsg(""Page Block media hydrator is not configured"")",s.mediaHydrator == nil
internal/page/projection.go,98,loadPageContentProjection,"errs.InternalMsg(""Page read locator is invalid"")","column != ""id"" && column != ""slug"""
internal/page/projection.go,101,loadPageContentProjection,"errs.InternalMsg(""Page content Block store is not configured"")",s.contentBlocks == nil
internal/page/projection.go,118,loadPageContentProjection,errs.Internal(err),"err := tx.WithContext(ctx).
	Clauses(clause.Locking{Strength: ""SHARE""}).
	Where(column+"" = ?"", value).
	Take(&page).Error; err != nil"
internal/page/projection.go,144,loadPageContentProjection,"errs.Internal(fmt.Errorf(""load Page content document: %w"", err))",err != nil
internal/page/projection.go,148,loadPageContentProjection,"errs.Internal(fmt.Errorf(""materialize Page content document: %w"", err))",err != nil
internal/page/projection.go,152,loadPageContentProjection,"errs.Internal(fmt.Errorf(""load Page Block media: %w"", err))",err != nil
internal/page/projection.go,158,loadPageContentProjection,"errs.Internal(fmt.Errorf(""hydrate Page Block media: %w"", err))",err != nil
internal/page/projection.go,175,toProtoPage,errs.Internal(err),err != nil
internal/page/projection.go,206,toProtoPageSummary,errs.Internal(err),err != nil
internal/page/public/service.go,208,handleHomepage,errs.Internal(err),err != nil
internal/page/public/service.go,251,buildPageResponse,"errs.InternalMsg(""Page read locator is invalid"")","read.column != ""id"" && read.column != ""slug"""
internal/page/public/service.go,254,buildPageResponse,"errs.InternalMsg(""Page content Block store is not configured"")",s.blocks == nil
internal/page/public/service.go,282,buildPageResponse,errs.Internal(err),"err := tx.WithContext(ctx).
	Clauses(clause.Locking{Strength: ""SHARE""}).
	Where(read.column+"" = ?"", read.value).
	Take(&page).Error; err != nil"
internal/page/public/service.go,290,buildPageResponse,"errs.Internal(fmt.Errorf(""check page draft view permission: %w"", permissionErr))",permissionErr != nil
internal/page/public/service.go,315,buildPageResponse,errs.Internal(err),err != nil
internal/page/public/service.go,335,buildPageResponse,"errs.Internal(fmt.Errorf(""load Page source locale metadata: %w"", err))",err != nil
internal/page/public/service.go,338,buildPageResponse,"errs.InternalMsg(""Page source locale metadata is not initialized"")",sourceMetadata == nil
internal/page/public/service.go,347,buildPageResponse,"errs.Internal(fmt.Errorf(""load Page content document: %w"", err))",err != nil
internal/page/public/service.go,358,buildPageResponse,"errs.Internal(fmt.Errorf(""select Page locale: %w"", err))",err != nil
internal/page/public/service.go,368,buildPageResponse,"errs.Internal(fmt.Errorf(""select Page OG locale: %w"", err))",err != nil
internal/page/public/service.go,375,buildPageResponse,"errs.Internal(fmt.Errorf(""materialize Page content document: %w"", err))",err != nil
internal/page/public/service.go,379,buildPageResponse,errs.Internal(err),err != nil
internal/page/public/service.go,391,buildPageResponse,errs.Internal(err),err != nil
internal/page/public/service.go,425,buildPageResponse,errs.Internal(err),err != nil
internal/page/public/service.go,431,buildPageResponse,"errs.InternalMsg(""Page media resolver is not configured"")",s.media == nil
internal/page/query.go,43,isSlugAvailable,errs.Internal(err),err := query.Count(&count).Error; err != nil
internal/page/service.go,125,lockPageMenuTargetStateForUpdate,errs.Internal(err),"err := db.WithContext(ctx).
	Clauses(clause.Locking{Strength: ""UPDATE""}).
	Table(""page"").
	Select(""slug"", ""show_title"", ""content_document_id"", ""updated_at"", ""access_policy"").
	Where(""id = ?"", pageID).
	Take(&state).Error; err != nil"
internal/page/service.go,212,ListPagesAdmin,errs.Internal(err),err := query.Count(&total).Error; err != nil
internal/page/service.go,233,ListPagesAdmin,errs.Internal(err),err := query.Limit(int(limit)).Offset(int(offset)).Find(&pages).Error; err != nil
internal/page/service.go,265,CreatePage,"errs.InternalMsg(""Page content Block store is not configured"")",s.contentBlocks == nil
internal/page/service.go,280,CreatePage,errs.Internal(err),err != nil
internal/page/service.go,403,CreatePage,errs.Internal(err),err != nil
internal/page/service.go,428,UpdatePage,errs.Internal(err),err != nil
internal/page/service.go,446,DeletePage,"errs.InternalMsg(""Page content Block store is not configured"")",s.contentBlocks == nil
internal/page/service.go,455,DeletePage,errs.Internal(err),"err := s.db.WithContext(ctx).First(&page, ""id = ?"", req.Msg.Id).Error; err != nil"
internal/page/service.go,481,DeletePage,"errs.InternalMsg(""page authorization relationships are missing"")",len(deleteRelationships) == 0
internal/page/service.go,489,DeletePage,errs.Internal(err),"err := tx.
	Where(""entity_id = ? AND entity_type IN ?"", page.ID, []string{
		""page"",
		managev1.ShareLinkEntityType_SHARE_LINK_ENTITY_TYPE_PAGE.String(),
	}).
	Delete(&model.ShareLink{}).Error; err != nil"
internal/page/service.go,504,DeletePage,"errs.InternalMsg(""Page Menu target remover is not configured"")",s.menuTargets == nil
internal/page/service.go,550,DeletePage,errs.Internal(err),err != nil
internal/page/service.go,561,PublishPage,"errs.InternalMsg(""Page content Block store is not configured"")",s.contentBlocks == nil
internal/page/service.go,571,PublishPage,errs.Internal(err),"err := tx.Clauses(clause.Locking{Strength: ""UPDATE""}).
	First(&page, ""id = ?"", req.Msg.Id).Error; err != nil"
internal/page/service.go,620,PublishPage,errs.Internal(err),"err := s.db.WithContext(ctx).Transaction(func(tx *gorm.DB) error {
	if err := tx.Clauses(clause.Locking{Strength: ""UPDATE""}).
		First(&page, ""id = ?"", req.Msg.Id).Error; err != nil {
		if err == gorm.ErrRecordNotFound {
			return errs.NotFound(""page"", req.Msg.Id)
		}
		return errs.Internal(err)
	}
	if err := requireLockedPagePermission(ctx, tx, s.spiceDB, page.ID, policyv1.Page.Publish); err != nil {
		return err
	}
	if page.Status == model.PageStatus(managev1.PageStatus_PAGE_STATUS_PUBLISHED.String()) {
		return nil
	}
	if page.ContentDocumentID == nil {
		return errs.FailedPrecondition(""page content document has not been populated"")
	}
	documentID, err := uuid.Parse(*page.ContentDocumentID)
	if err != nil || documentID == uuid.Nil {
		return errs.FailedPrecondition(""page content document has not been populated"")
	}
	attachments, err := s.contentBlocks.LoadPublicationAttachments(ctx, tx, documentID)
	if err != nil {
		return normalizePageContentBlockError(err)
	}
	if err := RequireIndexedContentBlockAttachmentsReadyForPublication(ctx, tx, attachments); err != nil {
		return err
	}
	now := time.Now()
	updates := structured.Fields{
		""status"":	managev1.PageStatus_PAGE_STATUS_PUBLISHED.String(),
		""updated_at"":	now,
	}
	if page.PublishedAt == nil {
		updates[""published_at""] = now
	}
	if err := tx.Model(&page).Updates(updates).Error; err != nil {
		return err
	}
	page.Status = model.PageStatus(managev1.PageStatus_PAGE_STATUS_PUBLISHED.String())
	page.UpdatedAt = now
	if page.PublishedAt == nil {
		page.PublishedAt = &now
	}
	lifecycleChanged = true
	if s.auditWriter == nil {
		return nil
	}
	return domainaudit.AppendRequest(ctx, tx, s.auditWriter, sharedtelemetry.AuditPageUpdated, func(metadata sharedtelemetry.AuditMetadata) (sharedtelemetry.AuditRecord, error) {
		return sharedtelemetry.NewPageLifecycleAuditRecord(metadata, page.ID, sharedtelemetry.AuditStateDraft, sharedtelemetry.AuditStatePublished)
	})
}); err != nil"
internal/page/service.go,659,UnpublishPage,errs.Internal(err),"err := tx.Clauses(clause.Locking{Strength: ""UPDATE""}).First(&page, ""id = ?"", req.Msg.Id).Error; err != nil"
internal/page/service.go,685,UnpublishPage,errs.Internal(err),"err := s.db.WithContext(ctx).Transaction(func(tx *gorm.DB) error {
	if err := tx.Clauses(clause.Locking{Strength: ""UPDATE""}).First(&page, ""id = ?"", req.Msg.Id).Error; err != nil {
		if err == gorm.ErrRecordNotFound {
			return errs.NotFound(""page"", req.Msg.Id)
		}
		return errs.Internal(err)
	}
	if err := requireLockedPagePermission(ctx, tx, s.spiceDB, page.ID, policyv1.Page.Publish); err != nil {
		return err
	}
	if page.Status == model.PageStatus(managev1.PageStatus_PAGE_STATUS_DRAFT.String()) {
		return nil
	}
	now := time.Now()
	updates := structured.Fields{""status"": managev1.PageStatus_PAGE_STATUS_DRAFT.String(), ""updated_at"": now}
	if err := tx.Model(&page).Updates(updates).Error; err != nil {
		return err
	}
	page.Status = model.PageStatus(managev1.PageStatus_PAGE_STATUS_DRAFT.String())
	page.UpdatedAt = now
	lifecycleChanged = true
	if s.auditWriter == nil {
		return nil
	}
	return domainaudit.AppendRequest(ctx, tx, s.auditWriter, sharedtelemetry.AuditPageUpdated, func(metadata sharedtelemetry.AuditMetadata) (sharedtelemetry.AuditRecord, error) {
		return sharedtelemetry.NewPageLifecycleAuditRecord(metadata, page.ID, sharedtelemetry.AuditStatePublished, sharedtelemetry.AuditStateDraft)
	})
}); err != nil"
internal/page/source_locale_document.go,76,loadPageSourceLocaleMetadataByPageID,errs.Internal(result.Error),result.Error != nil
internal/page/source_locale_document.go,82,loadPageSourceLocaleMetadataByPageID,"errs.Internal(fmt.Errorf(""page %s has an empty source locale"", row.EntityID))","strings.TrimSpace(row.Locale) == """""
internal/page/source_locale_document.go,139,createInitialPageSourceLocaleMetadata,"errs.Internal(fmt.Errorf(""invalid initial Page source locale""))","strings.TrimSpace(sourceLocale) == """""
internal/page/source_locale_document.go,159,createInitialPageSourceLocaleMetadata,errs.Internal(err),"err := db.WithContext(ctx).Exec(`
		INSERT INTO page_translation (
			entity_id,
			locale,
			title,
			summary,
			created_at,
			updated_at
			) VALUES (?, ?, ?, ?, ?, ?)
	`,
	pageID,
	sourceLocale,
	title,
	summary,
	now,
	now,
).Error; err != nil"
internal/page/target_locale_document.go,85,loadOptionalPageLocaleMetadataRow,errs.Internal(err),err := query.Take(&row).Error; err != nil
internal/page/target_locale_document.go,174,loadPageTargetLocaleState,errs.Internal(err),err != nil
internal/page/target_locale_document.go,322,applyPageTargetLocaleBatchWithRevisionPolicy,errs.Internal(deleted.Error),deleted.Error != nil
internal/page/target_locale_document.go,325,applyPageTargetLocaleBatchWithRevisionPolicy,"errs.InternalMsg(""Page target locale disappeared while deleting"")",deleted.RowsAffected != 1
internal/page/target_locale_document.go,338,applyPageTargetLocaleBatchWithRevisionPolicy,errs.Internal(created.Error),created.Error != nil
internal/page/target_locale_document.go,341,applyPageTargetLocaleBatchWithRevisionPolicy,"errs.InternalMsg(""Page target locale could not be created"")",created.RowsAffected != 1 || inserted.IncarnationID == uuid.Nil
internal/page/target_locale_document.go,366,applyPageTargetLocaleBatchWithRevisionPolicy,errs.Internal(updated.Error),updated.Error != nil
internal/page/target_locale_document.go,369,applyPageTargetLocaleBatchWithRevisionPolicy,"errs.InternalMsg(""Page target locale disappeared while saving"")",updated.RowsAffected != 1
internal/page/translation_adapter.go,24,LoadTranslationSourceDocument,"errs.Internal(fmt.Errorf(""page translation Content Block store is not configured""))",store == nil
internal/page/translation_adapter.go,59,validatePageSourceLocaleMutations,"errs.Internal(fmt.Errorf(""invalid Page source locale""))","strings.TrimSpace(pageID) == """" || strings.TrimSpace(sourceLocale) == """""
internal/page/translation_adapter.go,65,validatePageSourceLocaleMutations,"errs.Internal(fmt.Errorf(""page target locale is empty""))","locale == """""
internal/page/translation_adapter.go,97,UpsertTranslationMetadataEntry,errs.Internal(err),"err := db.WithContext(ctx).Exec(
	`INSERT INTO page_translation (
			entity_id, locale, title, summary, created_at, updated_at
		) VALUES (?, ?, ?, ?, ?, ?)
		ON CONFLICT (entity_id, locale) DO UPDATE SET
			title = EXCLUDED.title,
			summary = EXCLUDED.summary,
			updated_at = EXCLUDED.updated_at`,
	pageID, locale, input.Title, input.Summary, now, now,
).Error; err != nil"
internal/page/translation_interchange.go,132,ApplyTranslationInterchange,errs.Internal(err),"err := translation.ValidateExpectedTargetRevision(
	mutation.ExpectedRevision, state.targetRevision, state.exists,
); err != nil"
internal/page/translation_interchange.go,215,ApplyTranslationInterchange,"errs.InternalMsg(""target Page interchange changed the source-owned Block view"")",result.TranslationSourceChanged
internal/page/translation_interchange.go,221,ApplyTranslationInterchange,errs.Internal(err),"err := tx.WithContext(ctx).Model(&model.Page{}).
	Where(""id = ?"", mutation.PageID).
	UpdateColumn(""updated_at"", mutation.Now.UTC()).Error; err != nil"
internal/page/translation_interchange.go,225,ApplyTranslationInterchange,"errs.InternalMsg(""Page interchange apply did not create its target locale"")",targetRevision == nil
internal/page/translation_interchange.go,241,validatePageInterchangeMutation,"errs.InternalMsg(""Page translation interchange mutation is incomplete"")","mutation.PageID == """" || mutation.Source == nil || mutation.Plan == nil || mutation.Targets == nil ||
	mutation.ProjectTargets == nil || mutation.BuildPatch == nil || mutation.PathPresent == nil ||
	mutation.CloneResult == nil || mutation.EmptyInline == nil || mutation.CopyPath == nil"
internal/page/translation_interchange.go,301,loadPageInterchangeState,"errs.InternalMsg(""Page translation interchange load identity is invalid"")","tx == nil || store == nil || plan == nil || plan.EntityType != ""page"" ||
	plan.EntityID != pageID || plan.TargetLocale != locale || project == nil ||
	pathPresent == nil || cloneResult == nil || emptyInline == nil"
internal/page/translation_interchange.go,439,projectPageRichTextInterchangeTargets,"errs.InternalMsg(""Page Rich Text target has no matching source graph"")",baseSection == nil || baseSection.GetRichText() == nil || baseSection.GetRichText().GetBlocks() == nil
internal/page/translation_interchange.go,831,pageInterchangeTargetRevision,errs.Internal(result.Error),result.Error != nil
internal/page/translation_interchange.go,837,pageInterchangeTargetRevision,errs.Internal(err),err != nil
internal/page/typed_translation.go,499,ApplyTranslationCandidateWithDB,errs.Internal(err),"err := tx.WithContext(ctx).Model(&model.Page{}).
	Where(""id = ?"", job.EntityID).UpdateColumn(""updated_at"", entry.Now).Error; err != nil"
internal/page/typed_translation.go,526,ApplyTranslationCandidateWithDB,"errs.InternalMsg(""target Page translation changed the source-owned Block view"")",result.TranslationSourceChanged
internal/page/typed_translation.go,539,ApplyTranslationCandidateWithDB,errs.Internal(loaded.Error),"loaded.Error != nil && !errors.Is(loaded.Error, gorm.ErrRecordNotFound)"
internal/page/typed_translation.go,632,applyPageProviderSourceCandidate,"errs.InternalMsg(""provider source Page translation did not advance source state"")",!result.TranslationSourceChanged
internal/page/typed_translation.go,636,applyPageProviderSourceCandidate,errs.Internal(err),"err := tx.WithContext(ctx).Model(&model.Page{}).
	Where(""id = ?"", job.EntityID).UpdateColumn(""updated_at"", entry.Now).Error; err != nil"
internal/page/update.go,63,preparePageUpdate,errs.Internal(err),err != nil
internal/page/update.go,89,applyPageUpdate,errs.Internal(err),err != nil
internal/page/update.go,121,applyPageUpdate,errs.Internal(err),err != nil
internal/page/update.go,157,validatePageAccessPolicyTags,errs.Internal(err),"err := tx.WithContext(ctx).Model(&model.UserTag{}).
	Clauses(clause.Locking{Strength: ""SHARE""}).
	Where(""id IN ?"", policy.UserTagIds).Pluck(""id"", &ids).Error; err != nil"
internal/page/update.go,201,updatePageMenuTargetAfterSlugChange,"errs.InternalMsg(""Page Menu target slug updater is not configured"")",s.menuTargets == nil
internal/page/update.go,213,normalizePageUpdateError,errs.Internal(err),
internal/page/version_source_locale.go,46,switchBlockVersionRestoreSourceLocale,errs.Internal(err),"err := tx.WithContext(ctx).Table(""page"").
	Select(""content_document_id"", ""source_locale"").Where(""id = ?"", pageID).Take(&root).Error; err != nil"
internal/page/version_source_locale.go,70,switchBlockVersionRestoreSourceLocale,errs.Internal(updated.Error),updated.Error != nil
internal/page/versions.go,48,ListPageVersions,errs.Internal(err),"err := s.db.WithContext(ctx).
	Model(&model.PageVersion{}).
	Where(""page_id = ?"", req.Msg.PageId).
	Count(&total).Error; err != nil"
internal/page/versions.go,58,ListPageVersions,errs.Internal(err),"err := s.db.WithContext(ctx).
	Where(""page_id = ?"", req.Msg.PageId).
	Order(""version DESC"").
	Limit(int(limit)).
	Offset(int(offset)).
	Find(&versions).Error; err != nil"
internal/page/versions.go,68,ListPageVersions,errs.Internal(err),err != nil
internal/page/versions.go,73,ListPageVersions,errs.Wrap(err),err != nil
internal/page/versions.go,97,RestorePageVersion,"errs.InternalMsg(""Page content Block store is not configured"")",s.contentBlocks == nil
internal/page/versions.go,105,RestorePageVersion,errs.Internal(err),"err := s.db.WithContext(ctx).First(&version, ""id = ?"", req.Msg.VersionId).Error; err != nil"
internal/page/versions.go,284,RestorePageVersion,errs.Internal(err),"err := s.db.WithContext(ctx).Transaction(func(tx *gorm.DB) error {
	root, documentID, err := loadPageAIDocumentRoot(ctx, tx, version.PageID, ""UPDATE"")
	if err != nil {
		return err
	}
	if err := requireLockedPagePermission(ctx, tx, s.spiceDB, version.PageID, policyv1.Page.Edit); err != nil {
		return err
	}
	currentSource, err := loadRequiredPageSourceLocaleMetadata(ctx, tx, version.PageID)
	if err != nil {
		return err
	}
	titleChanged = !nullableStringEqual(currentSource.Title, versionSnapshot.Title)
	summaryChanged = !nullableStringEqual(currentSource.Summary, versionSnapshot.Summary)

	currentSnapshot, err := s.contentBlocks.LoadSnapshotInTransaction(
		ctx,
		tx,
		documentID,
		root.SourceLocale,
	)
	if err != nil {
		return normalizePageContentBlockError(err)
	}
	if root.SourceLocale != versionSnapshot.SourceLocale {
		switchErr := switchBlockVersionRestoreSourceLocale(
			ctx, tx, s.contentBlocks, ""page"", version.PageID, versionSnapshot.SourceLocale,
			currentSnapshot.Document.Revision, root.SourceLocale, now,
		)
		if switchErr != nil {
			return switchErr
		}
		sourceLocaleSwitched = true
		root.SourceLocale = versionSnapshot.SourceLocale
		currentSource, err = loadRequiredPageSourceLocaleMetadata(ctx, tx, version.PageID)
		if err != nil {
			return err
		}
		titleChanged = !nullableStringEqual(currentSource.Title, versionSnapshot.Title)
		summaryChanged = !nullableStringEqual(currentSource.Summary, versionSnapshot.Summary)
		currentSnapshot, err = s.contentBlocks.LoadSnapshotInTransaction(
			ctx, tx, documentID, versionSnapshot.SourceLocale,
		)
		if err != nil {
			return normalizePageContentBlockError(err)
		}
	}
	unavailable, err := s.runtime.LoadUnavailableVersionAttachmentKinds(ctx, tx, versionSnapshot.Document)
	if err != nil {
		return normalizePageContentBlockError(err)
	}
	replaceInput, err := contentblock.ReplaceFromLocalizedPageProtoWithUnavailableAttachments(
		documentID,
		currentSnapshot.Document.Revision,
		versionSnapshot.Document,
		unavailable,
	)
	if err != nil {
		return normalizePageContentBlockError(err)
	}
	replaceResult, err := s.contentBlocks.ReplaceSnapshot(
		ctx,
		tx,
		replaceInput,
		lockedPageContentFence(version.PageID),
	)
	if err != nil {
		return normalizePageContentBlockError(err)
	}
	blocksChanged = replaceResult.Changed
	finalRevision := replaceResult.DocumentRevision

	metadataChanged := titleChanged || summaryChanged
	if metadataChanged && !replaceResult.Changed {
		advanceResult, err := s.contentBlocks.AdvanceRevision(
			ctx,
			tx,
			contentblock.AdvanceInput{
				DocumentID:		documentID,
				ExpectedRevision:	finalRevision,
			},
			lockedPageContentFence(version.PageID),
			func(ctx context.Context, tx *gorm.DB) (contentblock.MetadataEffect, error) {
				if err := updatePageVersionSourceMetadata(
					ctx,
					tx,
					version.PageID,
					versionSnapshot.SourceLocale,
					versionSnapshot.Title,
					versionSnapshot.Summary,
					now,
				); err != nil {
					return contentblock.MetadataEffect{}, err
				}
				return contentblock.MetadataEffect{Changed: true, AffectsTranslationSource: true}, nil
			},
		)
		if err != nil {
			return normalizePageContentBlockError(err)
		}
		finalRevision = advanceResult.DocumentRevision
	} else if metadataChanged {
		if err := updatePageVersionSourceMetadata(
			ctx,
			tx,
			version.PageID,
			versionSnapshot.SourceLocale,
			versionSnapshot.Title,
			versionSnapshot.Summary,
			now,
		); err != nil {
			return err
		}
	}
	restoredChanged = sourceLocaleSwitched || blocksChanged || metadataChanged
	restoredRevision = finalRevision.String()
	if !restoredChanged {
		return nil
	}

	if err := tx.WithContext(ctx).Model(&model.Page{}).
		Where(""id = ?"", version.PageID).
		Updates(structured.Fields{
			""updated_at"": now,
		}).Error; err != nil {
		return err
	}

	_, err = s.runtime.RequestCurrentWithDB(
		ctx,
		tx,
		managev1.OgEntityType_OG_ENTITY_TYPE_PAGE,
		version.PageID,
		versionSnapshot.SourceLocale,
		false,
		""page_version_restored"",
	)
	if err != nil {
		return err
	}
	if s.auditWriter == nil {
		return nil
	}
	return domainaudit.AppendRequest(
		ctx,
		tx,
		s.auditWriter,
		sharedtelemetry.AuditPageUpdated,
		func(metadata sharedtelemetry.AuditMetadata) (sharedtelemetry.AuditRecord, error) {
			return sharedtelemetry.NewPageVersionRestoreAuditRecord(metadata, version.PageID, version.ID)
		},
	)
}); err != nil"
internal/page/versions.go,314,RestorePageVersion,errs.Internal(err),"err := s.db.WithContext(ctx).First(&page, ""id = ?"", version.PageID).Error; err != nil"
internal/page/versions.go,337,updatePageVersionSourceMetadata,errs.Internal(result.Error),result.Error != nil
internal/pageaccess/read.go,145,Require,errs.Internal(err),err != nil
internal/post/ai_document.go,134,loadPostAIDocumentRoot,"errs.Internal(fmt.Errorf(""load Post AI document root: %w"", err))",err := query.Take(&root).Error; err != nil
internal/post/ai_document.go,205,loadAIDocumentStateAfterAuthorization,"errs.Internal(fmt.Errorf(""load Post AI document taxonomy: %w"", err))",err != nil
internal/post/ai_document.go,230,loadAIDocumentMetadata,"errs.Internal(fmt.Errorf(""load Post AI document locale metadata: %w"", err))",err != nil
internal/post/ai_document_list.go,93,ListAIDocuments,errs.Internal(err),err := query.Count(&total).Error; err != nil
internal/post/ai_document_list.go,120,ListAIDocuments,errs.Internal(err),"err := query.
	Select(
		""post.id::text AS id"",
		PostSourceTitleSQL+"" AS title"",
		""post.slug"",
		""post.source_locale"",
		""post.status"",
		""post.updated_at"",
		""post.configuration_revision::text AS configuration_revision"",
	).
	Order(""post.updated_at DESC, post.id ASC"").
	Limit(limit).
	Offset(input.Offset).
	Find(&rows).Error; err != nil"
internal/post/ai_document_mutation.go,387,applyAIDocumentMutationInTransaction,errs.Internal(parseErr),parseErr != nil
internal/post/authorization.go,74,requirePostList,errs.Internal(err),err != nil
internal/post/authorization.go,145,requirePostContributorsExist,"errs.Internal(fmt.Errorf(""lock Post save contributor Members: %w"", err))","err := db.WithContext(ctx).
	Table(""member"").
	Clauses(clause.Locking{Strength: ""KEY SHARE""}).
	Select(""id::text"").
	Where(""id IN ?"", unique).
	Find(&lockedMembers).Error; err != nil"
internal/post/authorization.go,184,requirePostContributorsPermission,"errs.Internal(fmt.Errorf(""load Post collaboration contributors: %w"", err))","err := tx.WithContext(ctx).
	Table(""member AS member"").
	Joins(""JOIN kratos.identities AS identity ON identity.id = member.account_identity_id AND identity.external_id = member.id::text AND identity.state = ?"", ""active"").
	Select(""member.id::text AS member_id, member.account_identity_id::text AS identity_id"").
	Where(""member.id IN ? AND member.deleted_at IS NULL AND member.onboarded = TRUE AND member.account_identity_id IS NOT NULL AND COALESCE((identity.metadata_admin ->> 'banned')::boolean, false) = FALSE"", memberIDs).
	Find(&rows).Error; err != nil"
internal/post/authorization.go,309,requireLockedPostCreator,errs.Internal(err),err != nil
internal/post/authorization.go,378,lockPostAuthorizationRoot,errs.Internal(err),"err := tx.WithContext(ctx).
	Table(""post"").
	Clauses(clause.Locking{Strength: ""UPDATE""}).
	Select(""status"").
	Where(""id = ?::uuid"", postID).
	Take(&row).Error; err != nil"
internal/post/authorization.go,520,mapPostParticipantMutationError,errs.Internal(err),
internal/post/comment.go,69,ListCommentsByPost,errs.Internal(err),"err := s.db.WithContext(ctx).Select(""id, status"").Where(""id = ?"", req.Msg.PostId).First(&post).Error; err != nil"
internal/post/comment.go,99,ListCommentsByPost,errs.Internal(err),"err := s.db.WithContext(ctx).
	Model(&model.Comment{}).
	Where(""post_id = ? AND parent_id IS NULL"", req.Msg.PostId).
	Count(&totalCount).Error; err != nil"
internal/post/comment.go,118,ListCommentsByPost,errs.Internal(err),err := query.Limit(limit + 1).Find(&topLevelComments).Error; err != nil
internal/post/comment.go,164,ListCommentsByPost,errs.Internal(err),err != nil
internal/post/comment.go,170,ListCommentsByPost,errs.Internal(err),err != nil
internal/post/comment.go,201,applyCommentCursor,errs.Internal(err),err != nil
internal/post/comment.go,233,LoadMoreReplies,errs.Internal(err),"err := s.db.WithContext(ctx).Where(""id = ?"", req.Msg.CommentId).First(&parentComment).Error; err != nil"
internal/post/comment.go,242,LoadMoreReplies,errs.Internal(err),"err := s.db.WithContext(ctx).Select(""id, status"").Where(""id = ?"", parentComment.PostID).First(&post).Error; err != nil"
internal/post/comment.go,267,LoadMoreReplies,errs.Internal(err),"err := s.db.WithContext(ctx).
	Model(&model.Comment{}).
	Where(""post_id = ? AND parent_id = ?"", parentComment.PostID, req.Msg.CommentId).
	Count(&totalCount).Error; err != nil"
internal/post/comment.go,293,LoadMoreReplies,errs.Internal(err),err := query.Limit(limit + 1).Find(&replies).Error; err != nil
internal/post/comment.go,335,LoadMoreReplies,errs.Internal(err),"err := s.db.WithContext(ctx).Raw(`
			WITH RECURSIVE comment_tree AS (
				SELECT id, parent_id, 1 as depth
				FROM comment
				WHERE post_id = ? AND parent_id IN (?)

				UNION ALL

				SELECT c.id, c.parent_id, ct.depth + 1
				FROM comment c
				INNER JOIN comment_tree ct ON c.parent_id = ct.id
				WHERE c.post_id = ? AND ct.depth < ?
			)
			SELECT c.id, c.post_id, c.member_id, c.parent_id, c.content, c.is_deleted,
				   c.created_at, c.updated_at
			FROM comment c
			WHERE c.id IN (SELECT id FROM comment_tree)
			ORDER BY c.created_at ASC, c.id ASC
		`, parentComment.PostID, replyIDs, parentComment.PostID, maxCommentDepth).Scan(&nestedReplies).Error; err != nil"
internal/post/comment.go,341,LoadMoreReplies,errs.Internal(err),err != nil
internal/post/comment.go,375,CreateComment,errs.Internal(err),err != nil
internal/post/comment.go,379,CreateComment,errs.Internal(err),err != nil
internal/post/comment.go,420,createCommentWithDB,errs.Internal(err),err := tx.Create(&comment).Error; err != nil
internal/post/comment.go,432,lockCommentablePost,errs.Internal(err),"err := tx.WithContext(ctx).Clauses(clause.Locking{Strength: ""UPDATE""}).
	Select(""id, status, comments_enabled"").Where(""id = ?"", postID).First(&post).Error; err != nil"
internal/post/comment.go,446,requireActiveCommentPrincipal,"errs.Internal(fmt.Errorf(""lock comment author: %w"", err))",err != nil
internal/post/comment.go,469,resolveCommentParentWithDB,errs.Internal(err),"err := tx.Clauses(clause.Locking{Strength: ""UPDATE""}).
	Where(""id = ? AND post_id = ?"", *requestedParentID, postID).First(&parent).Error; err != nil"
internal/post/comment.go,473,resolveCommentParentWithDB,errs.Internal(err),err != nil
internal/post/comment.go,517,UpdateComment,"errs.Internal(fmt.Errorf(""lock comment author: %w"", err))",err != nil
internal/post/comment.go,530,UpdateComment,errs.Internal(err),"err := tx.WithContext(ctx).
	Clauses(clause.Locking{Strength: ""UPDATE""}).
	Where(""id = ?"", req.Msg.Id).
	First(&comment).Error; err != nil"
internal/post/comment.go,540,UpdateComment,errs.Internal(err),"err := tx.Model(&comment).Update(""content"", req.Msg.Content).Error; err != nil"
internal/post/comment.go,548,UpdateComment,errs.Internal(err),"err := tx.WithContext(ctx).
	Table(""comment c"").
	Select(`c.id, c.post_id, c.member_id, c.parent_id, c.content, c.is_deleted,
				c.created_at, c.updated_at`).
	Where(""c.id = ?"", comment.ID).
	First(&result).Error; err != nil"
internal/post/comment.go,557,UpdateComment,errs.Internal(err),err != nil
internal/post/comment.go,587,DeleteComment,errs.Internal(err),"err := s.db.WithContext(ctx).Table(""comment"").Select(""post_id"").Where(""id = ?"", req.Msg.Id).Take(&target).Error; err != nil"
internal/post/comment.go,597,DeleteComment,"errs.Internal(fmt.Errorf(""lock comment deletion principal: %w"", err))",err != nil
internal/post/comment.go,610,DeleteComment,errs.Internal(err),"err := tx.WithContext(ctx).
	Clauses(clause.Locking{Strength: ""UPDATE""}).
	Where(""id = ?"", req.Msg.Id).
	First(&comment).Error; err != nil"
internal/post/comment.go,622,DeleteComment,errs.Internal(err),"err := tx.Model(&comment).Updates(structured.Fields{
	""is_deleted"":	true,
	""content"":	""[This comment has been deleted]"",
}).Error; err != nil"
internal/post/content_document.go,47,loadPostContentDocumentID,"errs.Internal(fmt.Errorf(""load Post content document: %w"", err))","err := db.WithContext(ctx).
	Table(""post"").
	Select(""id"", ""status"", ""content_document_id"", ""source_locale"").
	Where(""id = ?::uuid"", postID).
	Take(&root).Error; err != nil"
internal/post/content_document.go,72,lockPostContentDocumentRoot,errs.Internal(err),"err := tx.WithContext(ctx).
	Table(""post"").
	Clauses(clause.Locking{Strength: ""UPDATE""}).
	Select(""id"", ""status"", ""content_document_id"", ""source_locale"").
	Where(""id = ?::uuid"", postID).
	Take(&root).Error; err != nil"
internal/post/content_document.go,140,authorizePostBlockBootstrap,"errs.Internal(fmt.Errorf(""resolve Post collaboration principal: %w"", err))",err != nil
internal/post/content_document.go,234,loadPostContentDomainContext,errs.Internal(err),"err := db.WithContext(ctx).
	Table(""post"").
	Select(""source_locale"").
	Where(""id = ?::uuid"", postID).
	Take(&row).Error; err != nil"
internal/post/content_document.go,275,normalizePostContentBlockError,"errs.Internal(fmt.Errorf(""post content document: %w"", err))",
internal/post/create.go,83,validateReferenceIDsExist,errs.Internal(err),"err := db.WithContext(ctx).Table(table).Where(""id IN ?"", ids).Count(&count).Error; err != nil"
internal/post/create.go,101,persistNewPost,"errs.InternalMsg(""Post content Block store is not configured"")",s.contentBlocks == nil
internal/post/create.go,297,mapCreatePostError,errs.Internal(err),
internal/post/create.go,307,loadCreatedPost,errs.Internal(err),"err := s.db.WithContext(ctx).
	Preload(""Categories"").
	Preload(""Tags"").
	Preload(""Series"").
	First(&post, ""id = ?"", postID).Error; err != nil"
internal/post/deletion.go,57,postAuthorizationDeletionBatches,errs.Internal(err),"err := appendPair(deletePolicy, deletePolicyErr, touchPolicy, touchPolicyErr); err != nil"
internal/post/deletion.go,64,postAuthorizationDeletionBatches,errs.Internal(err),"err := appendPair(deleteAuthor, deleteAuthorErr, touchAuthor, touchAuthorErr); err != nil"
internal/post/deletion.go,69,postAuthorizationDeletionBatches,errs.Internal(err),"err := appendPair(deleteCollaborator, deleteCollaboratorErr, touchCollaborator, touchCollaboratorErr); err != nil"
internal/post/internal_service.go,82,requireContentBlockStore,"errs.InternalMsg(""Post content Block store is not configured"")",s.contentBlocks == nil
internal/post/internal_service.go,174,LoadPostBlockDocument,errs.Internal(err),err != nil
internal/post/participants.go,44,ListPostParticipants,errs.Internal(err),"err := tx.Clauses(clause.Locking{Strength: ""KEY SHARE""}).First(&post, ""id = ?"", req.Msg.PostId).Error; err != nil"
internal/post/participants.go,91,ListPostParticipants,errs.Internal(err),"err := s.db.WithContext(ctx).Raw(`
		SELECT author.member_id::text AS member_id,
		       identity.id::text AS identity_id,
		       'author' AS role,
		       author.created_at,
		       CASE
		         WHEN identity.id IS NULL THEN FALSE
		         WHEN member.deleted_at IS NOT NULL OR member.onboarded = FALSE THEN FALSE
		         WHEN identity.state <> 'active' THEN FALSE
		         WHEN COALESCE((identity.metadata_admin ->> 'banned')::boolean, false) THEN FALSE
		         ELSE TRUE
		       END AS has_effective_authority
		FROM post_author AS author
		JOIN member ON member.id = author.member_id
		LEFT JOIN kratos.identities AS identity
		  ON identity.id = member.account_identity_id
		 AND identity.external_id = member.id::text
		WHERE author.post_id = ?::uuid
		UNION ALL
		SELECT collaborator.member_id::text AS member_id,
		       identity.id::text AS identity_id,
		       'collaborator' AS role,
		       collaborator.created_at,
		       CASE
		         WHEN identity.id IS NULL THEN FALSE
		         WHEN member.deleted_at IS NOT NULL OR member.onboarded = FALSE THEN FALSE
		         WHEN identity.state <> 'active' THEN FALSE
		         WHEN COALESCE((identity.metadata_admin ->> 'banned')::boolean, false) THEN FALSE
		         ELSE TRUE
		       END AS has_effective_authority
		FROM post_collaborator AS collaborator
		JOIN member ON member.id = collaborator.member_id
		LEFT JOIN kratos.identities AS identity
		  ON identity.id = member.account_identity_id
		 AND identity.external_id = member.id::text
		WHERE collaborator.post_id = ?::uuid
		ORDER BY role ASC, created_at ASC, member_id ASC
	`, req.Msg.PostId, req.Msg.PostId).Scan(&rows).Error; err != nil"
internal/post/participants.go,99,ListPostParticipants,errs.Internal(err),err != nil
internal/post/participants.go,105,ListPostParticipants,errs.Internal(err),err != nil
internal/post/participants.go,110,ListPostParticipants,"errs.InternalMsg(""post participant member was not found"")",summary == nil
internal/post/participants.go,120,ListPostParticipants,errs.Internal(actorErr),actorErr != nil
internal/post/participants.go,163,AddPostAuthor,errs.Internal(actorErr),actorErr != nil
internal/post/participants.go,167,AddPostAuthor,errs.Internal(canErr),canErr != nil
internal/post/participants.go,561,lockPostParticipantRoot,errs.Internal(err),"err := tx.WithContext(ctx).
	Table(""post"").
	Clauses(clause.Locking{Strength: ""UPDATE""}).
	Select(""id"", ""status"").
	Where(""id = ?::uuid"", postID).
	Take(&row).Error; err != nil"
internal/post/participants.go,575,postParticipantResponse,errs.Internal(err),err != nil
internal/post/projection.go,68,ListMyPosts,errs.Internal(err),err := query.Count(&total).Error; err != nil
internal/post/projection.go,95,ListMyPosts,errs.Internal(err),"err := query.
	Preload(""Categories"").
	Preload(""Tags"").
	Preload(""Series"").
	Limit(int(limit)).
	Offset(int(offset)).
	Find(&posts).Error; err != nil"
internal/post/projection.go,229,hydratePostContentProjection,"errs.InternalMsg(""Post is required"")",post == nil
internal/post/projection.go,232,hydratePostContentProjection,"errs.InternalMsg(""Post content Block store is not configured"")",s.contentBlocks == nil
internal/post/projection.go,253,hydratePostContentProjection,"errs.Internal(fmt.Errorf(""load Post content media references: %w"", err))",err != nil
internal/post/projection.go,277,LoadLocalizedPostContentProjectionForPublic,"errs.InternalMsg(""Post content projection dependencies are required"")",db == nil || store == nil
internal/post/projection.go,288,LoadLocalizedPostContentProjectionForPublic,errs.Internal(err),"err := db.WithContext(ctx).
	Table(""post"").Select(""source_locale"").Where(""id = ?::uuid"", postID).
	Take(&sourceState).Error; err != nil"
internal/post/projection.go,341,loadPostAuthorMembers,"errs.Internal(fmt.Errorf(""load post authors: %w"", err))","err := s.db.WithContext(ctx).
	Table(""post_author"").
	Select(""post_id, member_id"").
	Where(""post_id IN ?"", postIDs).
	Order(""post_id ASC, created_at ASC, member_id ASC"").
	Find(&rows).Error; err != nil"
internal/post/projection.go,349,loadPostAuthorMembers,errs.Internal(err),err != nil
internal/post/projection.go,405,loadCurrentPostAuthorities,errs.Internal(err),err != nil
internal/post/projection.go,452,loadPostCommentCounts,errs.Internal(err),"err := s.db.WithContext(ctx).Table(""comment"").
	Select(""post_id, COUNT(*) AS comment_count"").
	Where(""post_id IN ?"", postIDs).
	Group(""post_id"").
	Find(&rows).Error; err != nil"
internal/post/projection.go,566,normalizeMapPlaceID,errs.Internal(err),"err := s.db.WithContext(ctx).
	Table(""map_place"").
	Where(""id = ?"", mapPlaceID).
	Count(&count).Error; err != nil"
internal/post/projection_helpers.go,38,loadReadyManageOgAssetRefs,errs.Internal(err),"err := db.WithContext(ctx).
	Where(""id IN ? AND status = ?"", assetIDs, model.PublicAssetStatusReady).
	Find(&assets).Error; err != nil"
internal/post/public/helpers.go,87,requireDraftShareLinkAccess,"errs.Internal(fmt.Errorf(""validate %s share link: %w"", entityName, err))",err != nil
internal/post/public/media_resolution.go,47,loadPostFeaturedImageDeliveries,"errs.InternalMsg(""Post media resolver is not configured"")",s.files == nil
internal/post/public/service.go,165,requireDraftPostAccess,"errs.Internal(fmt.Errorf(""check post draft view permission: %w"", err))",err != nil
internal/post/public/service.go,215,loadPublicPostSnapshot,errs.Internal(loadErr),loadErr != nil
internal/post/public/service.go,263,loadPublicPostSnapshot,errs.Internal(localizationErr),localizationErr != nil
internal/post/public/service.go,266,loadPublicPostSnapshot,"errs.Internal(fmt.Errorf(""post content Block store is not configured""))",s.blocks == nil
internal/post/public/service.go,305,List,errs.Internal(err),err := query.Count(&total).Error; err != nil
internal/post/public/service.go,319,List,errs.Internal(err),err := query.Find(&posts).Error; err != nil
internal/post/public/service.go,339,List,errs.Internal(err),err != nil
internal/post/public/service.go,343,List,errs.Internal(err),err != nil
internal/post/public/service.go,455,ListMapFeatures,errs.Internal(err),err := query.Find(&rows).Error; err != nil
internal/post/public/service.go,704,Search,errs.Internal(err),"err := withPublicPostStatusFence(s.db.WithContext(ctx).
	Model(&model.Post{}).
	Where(postdomain.PostSourceTitleSQL+"" ILIKE ? OR ""+postdomain.PostSourceContentTextSQL+"" ILIKE ?"", pattern, pattern).
	Preload(""Categories"").
	Preload(""Tags"").
	Preload(""FeaturedImage"").
	Order(""published_at DESC NULLS LAST"").
	Limit(int(limit))).
	Find(&posts).Error; err != nil"
internal/post/public/service.go,724,Search,errs.Internal(err),err != nil
internal/post/public/service.go,728,Search,errs.Internal(err),err != nil
internal/post/public/service.go,782,buildPostResponse,errs.Internal(err),err != nil
internal/post/public/service.go,793,buildPostResponse,errs.Internal(err),err != nil
internal/post/public/service.go,829,buildPostResponse,errs.Internal(localizationErr),localizationErr != nil
internal/post/public/service.go,848,buildPostResponse,"errs.Internal(fmt.Errorf(""post media resolver is not configured""))",s.files == nil
internal/post/public/service.go,855,buildPostResponse,errs.Internal(err),err != nil
internal/post/schedule_service.go,45,SchedulePost,errs.Internal(err),"err := tx.Raw(""SELECT CURRENT_TIMESTAMP"").Scan(&databaseNow).Error; err != nil"
internal/post/schedule_service.go,55,SchedulePost,errs.Internal(err),"err := tx.Clauses(clause.Locking{Strength: ""UPDATE""}).
	First(&post, ""id = ?"", req.Msg.Id).Error; err != nil"
internal/post/schedule_service.go,99,CancelPostSchedule,errs.Internal(err),"err := tx.Clauses(clause.Locking{Strength: ""UPDATE""}).
	First(&post, ""id = ?"", req.Msg.Id).Error; err != nil"
internal/post/schedule_service.go,120,CancelPostSchedule,"errs.InternalMsg(""scheduled post is missing schedule details"")",previousScheduledAt == nil || previousTimeZone == nil
internal/post/schedule_service.go,148,RepublishPost,errs.Internal(err),"err := tx.Clauses(clause.Locking{Strength: ""UPDATE""}).
	First(&post, ""id = ?"", req.Msg.Id).Error; err != nil"
internal/post/service.go,177,GetPost,errs.Internal(err),"err := s.db.WithContext(ctx).
	Preload(""Categories"").
	Preload(""Tags"").
	Preload(""Series"").
	First(&post, ""id = ?"", req.Msg.Id).Error; err != nil"
internal/post/service.go,250,ListPostsAdmin,errs.Internal(err),err := query.Count(&total).Error; err != nil
internal/post/service.go,276,ListPostsAdmin,errs.Internal(err),"err := query.
	Preload(""Categories"").
	Preload(""Tags"").
	Limit(int(limit)).
	Offset(int(offset)).
	Find(&posts).Error; err != nil"
internal/post/service.go,377,UpdatePost,errs.Internal(err),"err := s.db.WithContext(ctx).First(&post, ""id = ?"", req.Msg.Id).Error; err != nil"
internal/post/service.go,393,UpdatePost,errs.Internal(err),"err := s.db.WithContext(ctx).Transaction(func(tx *gorm.DB) error {
	var err error
	changed, err = s.updatePostWithDB(ctx, tx, &post, update)
	return err
}); err != nil"
internal/post/service.go,482,updatePostWithDB,"connect.NewError(connect.CodeAborted, errors.New(""Post configuration changed; reload before saving""))",expectedRevision.String() != post.ConfigurationRevision
internal/post/service.go,550,DeletePost,"errs.InternalMsg(""Post content Block store is not configured"")",s.contentBlocks == nil
internal/post/service.go,557,DeletePost,errs.Internal(err),"err := s.db.WithContext(ctx).First(&post, ""id = ?"", req.Msg.Id).Error; err != nil"
internal/post/service.go,589,DeletePost,"errs.InternalMsg(""post authorization relationships are missing"")",len(deleteRelationships) == 0
internal/post/service.go,594,DeletePost,errs.Internal(err),"err := tx.
	Where(""entity_type = ? AND entity_id = ?"", managev1.ShareLinkEntityType_SHARE_LINK_ENTITY_TYPE_POST.String(), req.Msg.Id).
	Delete(&model.ShareLink{}).Error; err != nil"
internal/post/service.go,637,DeletePost,errs.Internal(err),err != nil
internal/post/service.go,655,PublishPost,errs.Internal(err),"err := tx.WithContext(ctx).
	Clauses(clause.Locking{Strength: ""UPDATE""}).
	First(&post, ""id = ?"", req.Msg.Id).Error; err != nil"
internal/post/service.go,680,PublishPost,errs.Internal(err),err := tx.Model(&post).Updates(updates).Error; err != nil
internal/post/service.go,713,UnpublishPost,errs.Internal(err),"err := tx.WithContext(ctx).
	Clauses(clause.Locking{Strength: ""UPDATE""}).
	First(&post, ""id = ?"", req.Msg.Id).Error; err != nil"
internal/post/service.go,730,UnpublishPost,errs.Internal(err),"err := tx.Model(&post).Updates(structured.Fields{
	""status"":		managev1.PostStatus_POST_STATUS_DRAFT.String(),
	""scheduled_at"":		nil,
	""scheduled_time_zone"":	nil,
	""updated_at"":		now,
}).Error; err != nil"
internal/post/service.go,760,ArchivePost,errs.Internal(err),"err := tx.WithContext(ctx).
	Clauses(clause.Locking{Strength: ""UPDATE""}).
	First(&post, ""id = ?"", req.Msg.Id).Error; err != nil"
internal/post/service.go,774,ArchivePost,errs.Internal(err),"err := tx.Model(&post).Updates(structured.Fields{
	""status"":	managev1.PostStatus_POST_STATUS_ARCHIVED.String(),
	""updated_at"":	now,
}).Error; err != nil"
internal/post/service.go,827,SetPostFeaturedImage,errs.Internal(err),"err := s.db.WithContext(ctx).First(&post, ""id = ?"", req.Msg.PostId).Error; err != nil"
internal/post/service.go,902,DeletePostFeaturedImage,errs.Internal(err),"err := s.db.WithContext(ctx).First(&post, ""id = ?"", req.Msg.PostId).Error; err != nil"
internal/post/service.go,949,DeletePostFeaturedImage,errs.Internal(err),"err := s.db.WithContext(ctx).Transaction(func(tx *gorm.DB) error {
	if err := tx.Clauses(clause.Locking{Strength: ""UPDATE""}).
		Select(""id"", ""status"", ""featured_image_file_id"").
		First(&post, ""id = ?"", req.Msg.PostId).Error; err != nil {
		return err
	}
	if _, err := requireLockedPostActionForStatus(ctx, tx, s.spiceDB, post.ID, post.Status, policyv1.Post.Edit); err != nil {
		return err
	}
	if err := tx.Model(&post).Updates(structured.Fields{
		""featured_image_file_id"":	nil,
		""updated_at"":			time.Now(),
	}).Error; err != nil {
		return err
	}
	if post.FeaturedImageFileID != nil && s.auditWriter != nil {
		if err := domainaudit.AppendRequest(ctx, tx, s.auditWriter, sharedtelemetry.AuditPostUpdated, func(metadata sharedtelemetry.AuditMetadata) (sharedtelemetry.AuditRecord, error) {
			return sharedtelemetry.NewPostFeaturedImageAuditRecord(metadata, post.ID, *post.FeaturedImageFileID, sharedtelemetry.AuditCollectionOperationRemoved)
		}); err != nil {
			return err
		}
	}
	if post.FeaturedImageFileID != nil {
		ogPlan, err := s.ogRefresher.RequestCurrentWithDB(
			ctx, tx,
			managev1.OgEntityType_OG_ENTITY_TYPE_POST,
			post.ID, """", true, ""post_featured_image_removed"",
		)
		if err != nil {
			return err
		}
		if ogPlan != nil {
			ogRunID = &ogPlan.RunID
		}
		return nil
	}
	return nil
}); err != nil"
internal/post/slug.go,29,CheckSlugAvailable,errs.Internal(err),err := query.Count(&count).Error; err != nil
internal/post/slug_service.go,51,authorizeSlugExclusion,errs.Internal(err),err != nil
internal/post/source_locale_document.go,62,loadPostSourceLocaleDocumentStates,errs.Internal(result.Error),result.Error != nil
internal/post/source_locale_document.go,119,lockPostRootForLocaleWrite,errs.Internal(err),"err := db.WithContext(ctx).
	Clauses(clause.Locking{Strength: ""UPDATE""}).
	Table(""post"").
	Select(""id"").
	Where(""id = ?"", postID).
	Take(&row).Error; err != nil"
internal/post/target_locale_document.go,79,loadPostTargetLocaleStateForDocument,"errs.InternalMsg(""Post target locale dependencies are required"")",tx == nil || store == nil || documentID == uuid.Nil
internal/post/target_locale_document.go,153,loadOptionalPostLocaleMetadataRow,errs.Internal(err),err := query.Take(&row).Error; err != nil
internal/post/target_locale_document.go,164,derivePostTargetRevision,errs.Internal(err),err != nil
internal/post/target_locale_document.go,344,applyPostTargetLocaleMutation,errs.Internal(insert.Error),insert.Error != nil
internal/post/target_locale_document.go,347,applyPostTargetLocaleMutation,"errs.InternalMsg(""Post target locale could not be created"")",insert.RowsAffected != 1
internal/post/target_locale_document.go,360,applyPostTargetLocaleMutation,errs.Internal(update.Error),update.Error != nil
internal/post/target_locale_document.go,363,applyPostTargetLocaleMutation,"errs.InternalMsg(""Post target locale disappeared while saving"")",update.RowsAffected != 1
internal/post/target_locale_document.go,381,applyPostTargetLocaleMutation,errs.Internal(err),"err := tx.WithContext(ctx).Model(&model.Post{}).
	Where(""id = ?"", input.PostID).
	UpdateColumn(""updated_at"", now).Error; err != nil"
internal/post/target_locale_document.go,474,deletePostTargetLocale,errs.Internal(deleted.Error),deleted.Error != nil
internal/post/target_locale_document.go,477,deletePostTargetLocale,"errs.InternalMsg(""Post target locale disappeared while deleting"")",deleted.RowsAffected != 1
internal/post/target_locale_document.go,493,deletePostTargetLocale,errs.Internal(err),"err := tx.WithContext(ctx).Model(&model.Post{}).
	Where(""id = ?"", input.PostID).
	UpdateColumn(""updated_at"", now).Error; err != nil"
internal/post/translation_adapter.go,193,applyTypedTranslationCandidateWithDB,"errs.InternalMsg(""target Post translation changed the source-owned Block view"")",result.TranslationSourceChanged
internal/post/translation_adapter.go,270,applyPostProviderSourceCandidate,"errs.InternalMsg(""provider source Post translation did not advance source state"")",!result.TranslationSourceChanged
internal/post/translation_adapter.go,332,applyPostTranslatedMetadata,errs.Internal(result.Error),"result.Error != nil && !errors.Is(result.Error, gorm.ErrRecordNotFound)"
internal/post/translation_adapter.go,360,applyPostTranslatedMetadata,errs.Internal(update.Error),update.Error != nil
internal/post/translation_interchange.go,82,ApplyCandidateWithDB,errs.Internal(err),"err := tx.WithContext(ctx).Table(""post_translation"").
	Where(""entity_id = ? AND locale = ?"", job.EntityID, job.TargetLocale).
	Count(&targetCount).Error; err != nil"
internal/post/versions.go,96,ListPostVersions,errs.Internal(err),"err := tx.WithContext(ctx).Table(""post"").Clauses(clause.Locking{Strength: ""KEY SHARE""}).
	Select(""status"").Where(""id = ?::uuid"", req.Msg.PostId).Take(&root).Error; err != nil"
internal/post/versions.go,102,ListPostVersions,errs.Internal(err),"err := tx.Model(&model.PostVersion{}).Where(""post_id = ?"", req.Msg.PostId).Count(&total).Error; err != nil"
internal/post/versions.go,106,ListPostVersions,errs.Internal(err),"err := tx.Where(""post_id = ?"", req.Msg.PostId).Order(""version DESC"").
	Limit(int(limit)).Offset(int(offset)).Find(&versions).Error; err != nil"
internal/post/versions.go,118,ListPostVersions,errs.Internal(err),err != nil
internal/post/versions.go,144,RestorePostVersion,"errs.InternalMsg(""Post content Block store is not configured"")",s.contentBlocks == nil
internal/post/versions.go,151,RestorePostVersion,errs.Internal(err),"err := s.db.WithContext(ctx).First(&version, ""id = ?"", req.Msg.VersionId).Error; err != nil"
internal/post/versions.go,358,RestorePostVersion,errs.Internal(err),"err := s.db.WithContext(ctx).
	Preload(""Categories"").
	Preload(""Tags"").
	Preload(""Series"").
	First(&post, ""id = ?"", version.PostID).Error; err != nil"
internal/programevent/ai_document.go,186,loadProgramEventAIDocumentRoot,errs.Internal(err),err := query.Take(&root).Error; err != nil
internal/programevent/ai_document.go,582,applyAIDocumentCommandAfterAuthorizationInTransaction,errs.Internal(err),"err := tx.WithContext(ctx).Model(&model.ProgramEvent{}).
	Where(""id = ?"", command.EventID).
	Update(""updated_at"", now).Error; err != nil"
internal/programevent/dependencies.go,81,RequireExists,errs.Internal(err),"err := db.WithContext(ctx).Select(""id"").Take(&event, ""id = ?"", eventID).Error; err != nil"
internal/programevent/dependencies.go,134,lockTranslationEntityRootWithDB,errs.Internal(result.Error),result.Error != nil
internal/programevent/dependencies.go,160,requireDocumentContributors,"errs.Internal(fmt.Errorf(""lock Program Event contributor Members: %w"", err))","err := tx.WithContext(ctx).
	Table(""member"").
	Clauses(clause.Locking{Strength: ""KEY SHARE""}).
	Select(""id::text"").
	Where(""id IN ?"", contributors).
	Find(&members).Error; err != nil"
internal/programevent/internal_program_event.go,83,LoadProgramEventBlockDocument,"errs.InternalMsg(""Program Event content Block store is not configured"")",s.contentBlocks == nil
internal/programevent/internal_program_event.go,89,LoadProgramEventBlockDocument,"errs.InternalMsg(""Program Event Block media hydrator is not configured"")",s.mediaHydrator == nil
internal/programevent/internal_program_event.go,135,LoadProgramEventBlockDocument,errs.Internal(err),err != nil
internal/programevent/internal_program_event.go,161,ApplyProgramEventBlockBatch,"errs.InternalMsg(""Program Event content Block store is not configured"")",s.contentBlocks == nil
internal/programevent/internal_program_event.go,322,UpdateProgramEventLocaleMetadata,"errs.InternalMsg(""Program Event content Block store is not configured"")",s.contentBlocks == nil
internal/programevent/internal_program_event.go,542,applyProgramEventLocaleMetadataMutation,errs.Internal(err),"err := tx.Model(&model.ProgramEvent{}).
	Where(""id = ?"", eventID).
	Updates(structured.Fields{""title"": normalized, ""updated_at"": now}).Error; err != nil"
internal/programevent/internal_program_event.go,555,applyProgramEventLocaleMetadataMutation,errs.Internal(err),"err := tx.Model(&model.ProgramEventTranslation{}).
	Where(""entity_id = ? AND locale = ?"", eventID, locale).
	Updates(updates).Error; err != nil"
internal/programevent/program_event.go,301,CreateProgramEvent,errs.Internal(err),err != nil
internal/programevent/program_event.go,304,CreateProgramEvent,"errs.InternalMsg(""Program Event content Block store is not configured"")",s.contentBlocks == nil
internal/programevent/program_event.go,434,createProgramEventWithDB,errs.Internal(err),"err := tx.Omit(""ID"").Clauses(clause.Returning{}).Create(event).Error; err != nil"
internal/programevent/program_event.go,488,ListProgramEventsAdmin,errs.Internal(err),err != nil
internal/programevent/program_event.go,500,ListProgramEventsAdmin,errs.Internal(err),err := query.Count(&total).Error; err != nil
internal/programevent/program_event.go,510,ListProgramEventsAdmin,errs.Internal(err),err := query.Limit(int(limit)).Offset(int(offset)).Find(&events).Error; err != nil
internal/programevent/program_event.go,537,DeleteProgramEvent,"errs.InternalMsg(""Program Event content Block store is not configured"")",s.contentBlocks == nil
internal/programevent/program_event.go,559,DeleteProgramEvent,errs.Internal(result.Error),result.Error != nil
internal/programevent/program_event.go,620,setProgramEventStatus,errs.Internal(err),"err := tx.Clauses(clause.Locking{Strength: ""UPDATE""}).
	Select(""id"", ""status"", ""published_at"", ""updated_at"").
	First(&current, ""id = ?"", id).Error; err != nil"
internal/programevent/program_event.go,645,setProgramEventStatus,errs.Internal(err),"err := tx.Model(&current).Clauses(clause.Returning{Columns: []clause.Column{
	{Name: ""status""}, {Name: ""published_at""}, {Name: ""updated_at""},
}}).Updates(updates).Error; err != nil"
internal/programevent/program_event_content_block_translation.go,26,loadProgramEventSourceLocale,"errs.Internal(errors.New(""program Event translation source database is required""))",db == nil
internal/programevent/program_event_content_block_translation.go,38,loadProgramEventSourceLocale,errs.Internal(err),err := query.Take(&state).Error; err != nil
internal/programevent/program_event_content_block_translation.go,41,loadProgramEventSourceLocale,"errs.Internal(fmt.Errorf(""program Event %s has invalid source locale"", eventID))","strings.TrimSpace(state.SourceLocale) == """""
internal/programevent/program_event_content_block_translation.go,73,loadTranslationSourceMetadata,errs.Internal(result.Error),result.Error != nil
internal/programevent/program_event_content_block_translation.go,98,loadProgramEventBlockLocaleMetadata,errs.Internal(err),"err := db.WithContext(ctx).
	Table(""program_event"").
	Select(""title"").
	Where(""id = ?"", eventID).
	Take(&root).Error; err != nil"
internal/programevent/program_event_content_block_translation.go,111,loadProgramEventBlockLocaleMetadata,errs.Internal(err),"err := db.WithContext(ctx).
	Table(""program_event_translation"").
	Select(""summary"").
	Where(""entity_id = ? AND locale = ?"", eventID, sourceLocale).
	Take(&locale).Error; err != nil"
internal/programevent/program_event_content_document.go,34,loadProgramEventContentDocumentID,"errs.Internal(errors.New(""program Event content document database is required""))",db == nil
internal/programevent/program_event_content_document.go,48,loadProgramEventContentDocumentID,errs.Internal(err),err := query.Take(&root).Error; err != nil
internal/programevent/program_event_content_document.go,55,loadProgramEventContentDocumentID,"errs.Internal(fmt.Errorf(""invalid Program Event content_document_id: %w"", err))",err != nil
internal/programevent/program_event_content_document.go,75,programEventContentDocumentFence,errs.Internal(err),err := query.Take(&root).Error; err != nil
internal/programevent/program_event_content_document.go,81,programEventContentDocumentFence,"errs.Internal(errors.New(""program Event content document authorization is required""))",authorize == nil
internal/programevent/program_event_content_document.go,120,requireProgramEventBlockBootstrap,"errs.Internal(fmt.Errorf(""resolve Program Event collaboration principal: %w"", err))",err != nil
internal/programevent/program_event_content_document.go,133,requireProgramEventBlockBootstrap,errs.Internal(err),err != nil
internal/programevent/program_event_content_document.go,146,requireProgramEventBlockBootstrap,"errs.Internal(fmt.Errorf(""load Program Event collaboration status: %w"", err))","err := tx.WithContext(ctx).Table(""program_event"").Select(""status"").Where(""id = ?"", eventID).Take(&root).Error; err != nil"
internal/programevent/program_event_content_document.go,157,requireProgramEventBlockBootstrap,"errs.Internal(fmt.Errorf(""lock Program Event collaboration session: %w"", err))","err := auth.LockAuthenticatedSessionForPrincipal(ctx, tx, principalMessage.GetSessionId(), principal); err != nil"
internal/programevent/program_event_content_document.go,194,normalizeProgramEventContentBlockError,"errs.Internal(fmt.Errorf(""program Event content document: %w"", err))",
internal/programevent/program_event_credits.go,70,AddProgramEventCredit,errs.Internal(err),"err := tx.WithContext(ctx).Omit(""ID"").Clauses(clause.Returning{}).Create(&credit).Error; err != nil"
internal/programevent/program_event_credits.go,106,UpdateProgramEventCredit,errs.Internal(err),"err := tx.WithContext(ctx).
	First(&credit, ""event_id = ? AND id = ?"", req.Msg.EventId, req.Msg.CreditId).Error; err != nil"
internal/programevent/program_event_credits.go,121,UpdateProgramEventCredit,errs.Internal(err),err := tx.WithContext(ctx).Model(&credit).Updates(updates).Error; err != nil
internal/programevent/program_event_credits.go,125,UpdateProgramEventCredit,errs.Internal(err),"err := tx.WithContext(ctx).
	First(&credit, ""event_id = ? AND id = ?"", req.Msg.EventId, req.Msg.CreditId).Error; err != nil"
internal/programevent/program_event_credits.go,163,DeleteProgramEventCredit,errs.Internal(err),"err := tx.WithContext(ctx).First(&credit, ""event_id = ? AND id = ?"", req.Msg.EventId, req.Msg.CreditId).Error; err != nil"
internal/programevent/program_event_credits.go,168,DeleteProgramEventCredit,errs.Internal(result.Error),result.Error != nil
internal/programevent/program_event_credits.go,215,ReorderProgramEventCredits,errs.Internal(err),"err := tx.WithContext(ctx).
	Model(&model.ProgramEventCredit{}).
	Where(""event_id = ? AND id IN ?"", req.Msg.EventId, req.Msg.CreditIds).
	Count(&count).Error; err != nil"
internal/programevent/program_event_credits.go,223,ReorderProgramEventCredits,errs.Internal(err),"err := tx.WithContext(ctx).Where(""event_id = ?"", req.Msg.EventId).Order(""sort_order ASC, created_at ASC"").Find(&current).Error; err != nil"
internal/programevent/program_event_credits.go,243,ReorderProgramEventCredits,errs.Internal(err),"err := tx.WithContext(ctx).
	Model(&model.ProgramEventCredit{}).
	Where(""event_id = ? AND id = ?"", req.Msg.EventId, creditID).
	Update(""sort_order"", index).Error; err != nil"
internal/programevent/program_event_credits.go,329,replaceProgramEventRelations,errs.Internal(err),"err := db.WithContext(ctx).Delete(new(Row), ""event_id = ?"", eventID).Error; err != nil"
internal/programevent/program_event_credits.go,344,replaceProgramEventRelations,errs.Internal(err),err := db.WithContext(ctx).Create(&rows).Error; err != nil
internal/programevent/program_event_credits.go,379,replaceProgramEventCredits,errs.Internal(err),"err := db.WithContext(ctx).Clauses(clause.Locking{Strength: ""UPDATE""}).Where(""event_id = ?"", eventID).Order(""sort_order ASC, created_at ASC"").Find(&existing).Error; err != nil"
internal/programevent/program_event_credits.go,392,replaceProgramEventCredits,errs.Internal(err),"err := db.WithContext(ctx).Omit(""ID"").Clauses(clause.Returning{}).Create(&row).Error; err != nil"
internal/programevent/program_event_credits.go,408,replaceProgramEventCredits,errs.Internal(err),err := db.WithContext(ctx).Model(&current).Updates(updates).Error; err != nil
internal/programevent/program_event_credits.go,418,replaceProgramEventCredits,errs.Internal(err),err := db.WithContext(ctx).Delete(&current).Error; err != nil
internal/programevent/program_event_credits.go,437,loadProgramEventCreditRows,errs.Internal(err),"err := db.WithContext(ctx).Where(""event_id = ?"", eventID).Order(""sort_order ASC, created_at ASC"").Find(&rows).Error; err != nil"
internal/programevent/program_event_credits.go,494,loadProgramEventRelations,errs.Internal(err),"err := db.WithContext(ctx).Where(""event_id = ?"", eventID).Order(order).Find(&rows).Error; err != nil"
internal/programevent/program_event_credits.go,506,loadProgramEventCredits,errs.Internal(err),"err := s.db.WithContext(ctx).Where(""event_id = ?"", eventID).Order(""sort_order ASC, id ASC"").Find(&rows).Error; err != nil"
internal/programevent/program_event_credits.go,516,loadProgramEventCredits,errs.Internal(err),err != nil
internal/programevent/program_event_helpers.go,269,lockProgramEventForMutation,errs.Internal(err),"err := db.WithContext(ctx).
	Clauses(clause.Locking{Strength: ""UPDATE""}).
	Table(""program_event"").
	Select(""id"").
	Where(""id = ?"", eventID).
	Take(&event).Error; err != nil"
internal/programevent/program_event_helpers.go,290,requireProgramEventMutationPermissionWithDB,errs.Internal(err),"err := db.WithContext(ctx).Table(""program_event"").
	Clauses(clause.Locking{Strength: ""UPDATE""}).
	Select(""status"").Where(""id = ?"", eventID).Take(&event).Error; err != nil"
internal/programevent/program_event_helpers.go,314,requireActiveProgramEventPrincipal,errs.Internal(err),err != nil
internal/programevent/program_event_helpers.go,351,RequireLockedView,errs.Internal(err),"err := tx.WithContext(ctx).Table(""program_event"").
	Clauses(clause.Locking{Strength: ""SHARE""}).
	Select(""status"").Where(""id = ?"", eventID).Take(&event).Error; err != nil"
internal/programevent/program_event_helpers.go,374,nextProgramEventCreditSortOrder,errs.Internal(err),"err := db.WithContext(ctx).
	Raw(""SELECT COALESCE(MAX(sort_order), -1) + 1 AS sort_order FROM program_event_credit WHERE event_id = ?"", eventID).
	Scan(&row).Error; err != nil"
internal/programevent/program_event_helpers.go,384,touchProgramEvent,errs.Internal(err),"err := db.WithContext(ctx).
	Model(&model.ProgramEvent{}).
	Where(""id = ?"", eventID).
	Update(""updated_at"", time.Now().UTC()).Error; err != nil"
internal/programevent/program_event_media.go,42,AddProgramEventMedia,errs.Internal(beforeResult.Error),beforeResult.Error != nil && beforeResult.Error != gorm.ErrRecordNotFound
internal/programevent/program_event_media.go,63,AddProgramEventMedia,errs.Internal(err),"err := tx.Where(""event_id = ? AND role = ? AND file_id = ?"", req.Msg.EventId, role, req.Msg.FileId).First(&after).Error; err != nil"
internal/programevent/program_event_media.go,116,DeleteProgramEventMedia,errs.Internal(err),"err := tx.First(&before, ""event_id = ? AND id = ?"", req.Msg.EventId, req.Msg.MediaId).Error; err != nil"
internal/programevent/program_event_media.go,202,programEventRelationMutationUpdatedAt,errs.Internal(err),"err := db.WithContext(ctx).Model(&model.ProgramEvent{}).Where(""id = ?"", eventID).Update(""updated_at"", now).Error; err != nil"
internal/programevent/program_event_media.go,210,programEventRelationMutationUpdatedAt,errs.Internal(err),"err := db.WithContext(ctx).Table(""program_event"").Select(""updated_at"").Where(""id = ?"", eventID).Take(&event).Error; err != nil"
internal/programevent/program_event_media.go,264,addProgramEventMedia,errs.Internal(result.Error),result.Error != nil && result.Error != gorm.ErrRecordNotFound
internal/programevent/program_event_media.go,295,addProgramEventMedia,errs.Internal(err),err := db.WithContext(ctx).Model(&existing).Updates(updates).Error; err != nil
internal/programevent/program_event_media.go,308,addProgramEventMedia,errs.Internal(err),"err := db.WithContext(ctx).
	Table(""program_event_media"").
	Select(""COALESCE(MAX(sort_order), -1) + 1 AS sort_order"").
	Where(""event_id = ? AND role = ?"", eventID, normalizedRole).
	Scan(&next).Error; err != nil"
internal/programevent/program_event_media.go,323,addProgramEventMedia,errs.Internal(err),"err := db.WithContext(ctx).Omit(""ID"").Clauses(clause.Returning{}).Create(row).Error; err != nil"
internal/programevent/program_event_media.go,364,deleteProgramEventMedia,errs.Internal(err),"err := db.WithContext(ctx).First(&media, ""id = ? AND event_id = ?"", mediaID, eventID).Error; err != nil"
internal/programevent/program_event_media.go,368,deleteProgramEventMedia,errs.Internal(result.Error),result.Error != nil
internal/programevent/program_event_media.go,419,reorderProgramEventMedia,errs.Internal(err),"err := db.WithContext(ctx).
	Where(""event_id = ? AND role = ?"", eventID, normalizedRole).
	Order(""sort_order ASC, created_at ASC"").
	Find(&existing).Error; err != nil"
internal/programevent/program_event_media.go,451,reorderProgramEventMedia,errs.Internal(err),"err := db.WithContext(ctx).Model(&model.ProgramEventMedia{}).
	Where(""event_id = ? AND role = ?"", eventID, normalizedRole).
	Updates(structured.Fields{
		""is_primary"":	false,
		""updated_at"":	now,
	}).Error; err != nil"
internal/programevent/program_event_media.go,462,reorderProgramEventMedia,errs.Internal(result.Error),result.Error != nil
internal/programevent/program_event_media.go,476,loadProgramEventPrimaryMediaFileID,errs.Internal(err),"err := db.WithContext(ctx).Raw(`SELECT file_id::text FROM program_event_media WHERE event_id = ? AND role = ? ORDER BY is_primary DESC, sort_order ASC, created_at ASC LIMIT 1`, eventID, role).Scan(&row).Error; err != nil"
internal/programevent/program_event_media.go,484,loadProgramEventMediaIDs,errs.Internal(err),"err := db.WithContext(ctx).Where(""event_id = ? AND role = ?"", eventID, role).Order(""sort_order ASC, created_at ASC"").Find(&rows).Error; err != nil"
internal/programevent/program_event_media.go,517,deleteDefaultProgramEventPosterMedia,errs.Internal(err),"err := db.WithContext(ctx).
	Where(""event_id = ? AND role = ?"", eventID, ""poster"").
	Find(&media).Error; err != nil"
internal/programevent/program_event_media.go,522,deleteDefaultProgramEventPosterMedia,errs.Internal(err),"err := db.WithContext(ctx).
	Where(""event_id = ? AND role = ?"", eventID, ""poster"").
	Delete(&model.ProgramEventMedia{}).Error; err != nil"
internal/programevent/program_event_media.go,538,loadProgramEventMedia,errs.Internal(err),"err := db.WithContext(ctx).
	Where(""event_id = ?"", eventID).
	Order(""role ASC, is_primary DESC, sort_order ASC, created_at ASC"").
	Find(&rows).Error; err != nil"
internal/programevent/program_event_media.go,569,loadProgramEventPrimaryPosterFileID,errs.Internal(err),"err := db.WithContext(ctx).Raw(
	`SELECT file_id::text
		 FROM program_event_media
		 WHERE event_id = ? AND role = 'poster'
		 ORDER BY is_primary DESC, sort_order ASC, created_at ASC
		 LIMIT 1`,
	eventID,
).Scan(&row).Error; err != nil"
internal/programevent/program_event_media.go,595,loadProgramEventDefaultPosterFileIDs,errs.Internal(err),"err := db.WithContext(ctx).Raw(
	`SELECT DISTINCT ON (event_id)
		     event_id::text,
		     file_id::text
		 FROM program_event_media
		 WHERE event_id::text IN ? AND role = 'poster'
		 ORDER BY event_id, is_primary DESC, sort_order ASC, created_at ASC`,
	eventIDs,
).Scan(&rows).Error; err != nil"
internal/programevent/program_event_media.go,622,hasProgramEventMediaPrimary,errs.Internal(err),err := query.Count(&count).Error; err != nil
internal/programevent/program_event_media.go,634,clearProgramEventMediaPrimary,errs.Internal(err),"err := query.Updates(structured.Fields{
	""is_primary"":	false,
	""updated_at"":	time.Now().UTC(),
}).Error; err != nil"
internal/programevent/program_event_media.go,646,promoteProgramEventMediaPrimary,errs.Internal(err),"err := query.Order(""sort_order ASC, created_at ASC"").First(&replacement).Error; err != nil"
internal/programevent/program_event_media.go,652,promoteProgramEventMediaPrimary,errs.Internal(err),"err := db.WithContext(ctx).Model(&replacement).Updates(structured.Fields{
	""is_primary"":	true,
	""updated_at"":	time.Now().UTC(),
}).Error; err != nil"
internal/programevent/program_event_relation_merge.go,72,mergeAndApplyProgramEventArtists,errs.Internal(err),err != nil
internal/programevent/program_event_relation_merge.go,101,mergeAndApplyProgramEventLabels,errs.Internal(err),err != nil
internal/programevent/program_event_relation_merge.go,130,mergeAndApplyProgramEventClients,errs.Internal(err),err != nil
internal/programevent/program_event_relation_merge.go,253,applyProgramEventRelationDelta,errs.Internal(err),err != nil
internal/programevent/program_event_relation_merge.go,263,applyProgramEventRelationDelta,errs.Internal(err),err != nil
internal/programevent/program_event_relation_merge.go,274,applyProgramEventRelationDelta,errs.Internal(err),err := tx.WithContext(ctx).Create(&row).Error; err != nil
internal/programevent/program_event_series_crud.go,32,CreateProgramEventSeries,errs.Internal(err),err != nil
internal/programevent/program_event_series_crud.go,73,CreateProgramEventSeries,errs.Internal(err),"err := tx.Omit(""ID"").Clauses(clause.Returning{}).Create(series).Error; err != nil"
internal/programevent/program_event_series_crud.go,118,GetProgramEventSeries,errs.Internal(err),err != nil
internal/programevent/program_event_series_crud.go,136,ListProgramEventSeriesAdmin,errs.Internal(err),err != nil
internal/programevent/program_event_series_crud.go,152,ListProgramEventSeriesAdmin,errs.Internal(err),err := query.Count(&total).Error; err != nil
internal/programevent/program_event_series_crud.go,161,ListProgramEventSeriesAdmin,errs.Internal(err),err := pagination.Apply(query).Find(&rows).Error; err != nil
internal/programevent/program_event_series_crud.go,222,DeleteProgramEventSeries,errs.Internal(err),"err := tx.Clauses(clause.Locking{Strength: ""UPDATE""}).
	Where(""series_id = ?"", req.Msg.Id).
	Find(&affectedEvents).Error; err != nil"
internal/programevent/program_event_series_crud.go,228,DeleteProgramEventSeries,errs.Internal(err),"err := tx.Model(&model.ProgramEvent{}).Where(""id = ?"", event.ID).
	Updates(structured.Fields{""series_id"": nil, ""series_order"": nil, ""updated_at"": now}).Error; err != nil"
internal/programevent/program_event_series_crud.go,268,DeleteProgramEventSeries,errs.Internal(err),err != nil
internal/programevent/program_event_series_update.go,56,loadProgramEventSeriesForUpdate,errs.Internal(err),"err := s.db.WithContext(ctx).First(&series, ""id = ?"", seriesID).Error; err != nil"
internal/programevent/program_event_series_update.go,144,applyProgramEventSeriesUpdate,errs.Internal(err),err := tx.Model(&current).Updates(update.fields).Error; err != nil
internal/programevent/program_event_series_update.go,187,lockProgramEventSeriesForUpdate,errs.Internal(err),err != nil
internal/programevent/program_event_source_state.go,30,initializeProgramEventBlockTranslationSource,"errs.Internal(errors.New(""program Event translation source transaction is required""))",tx == nil
internal/programevent/program_event_source_state.go,34,initializeProgramEventBlockTranslationSource,"errs.Internal(errors.New(""program Event ID and source locale are required""))","strings.TrimSpace(eventID) == """" || sourceLocale == """""
internal/programevent/program_event_source_state.go,43,initializeProgramEventBlockTranslationSource,errs.Internal(err),"err := tx.WithContext(ctx).Create(&model.ProgramEventTranslation{
	EntityID:	eventID,
	Locale:		sourceLocale,
	Summary:	summary,
	CreatedAt:	now,
	UpdatedAt:	now,
}).Error; err != nil"
internal/programevent/program_event_source_state.go,56,loadProgramEvent,errs.Internal(err),"err := tx.Clauses(clause.Locking{Strength: ""SHARE""}).First(&event, ""id = ?"", id).Error; err != nil"
internal/programevent/program_event_source_state.go,71,loadAuthorizedProgramEvent,"errs.InternalMsg(""Program Event Block media hydrator is not configured"")",!ok || hydrator == nil
internal/programevent/program_event_source_state.go,79,loadAuthorizedProgramEvent,errs.Internal(err),"err := tx.Clauses(clause.Locking{Strength: ""SHARE""}).First(&event, ""id = ?"", id).Error; err != nil"
internal/programevent/program_event_source_state.go,110,toProtoProgramEvent,"errs.InternalMsg(""Program Event content Block store is not configured"")",s.contentBlocks == nil
internal/programevent/program_event_source_state.go,126,toProtoProgramEvent,errs.Internal(err),err != nil
internal/programevent/program_event_source_state.go,210,loadProgramEventSeriesRow,errs.Internal(err),err != nil
internal/programevent/program_event_source_state.go,243,loadProgramEventType,errs.Internal(err),"err := s.db.WithContext(ctx).First(&eventType, ""id = ?"", id).Error; err != nil"
internal/programevent/program_event_source_state.go,251,toProtoProgramEventType,errs.Internal(err),"err := s.db.WithContext(ctx).Where(""type_id = ?"", eventType.ID).Order(""locale ASC"").Find(&locales).Error; err != nil"
internal/programevent/program_event_source_state.go,291,loadProgramEventLocales,errs.Internal(err),"err := db.WithContext(ctx).Table(""program_event_translation AS translation"").
	Select(""translation.locale"", ""translation.summary"").
	Joins(""JOIN program_event AS event ON event.id = translation.entity_id"").
	Where(""translation.entity_id = ?"", eventID).
	Order(""translation.locale = event.source_locale DESC, translation.locale ASC"").
	Find(&rows).Error; err != nil"
internal/programevent/program_event_type_crud.go,29,CreateProgramEventType,errs.Internal(err),err != nil
internal/programevent/program_event_type_crud.go,68,CreateProgramEventType,errs.Internal(err),"err := tx.Omit(""ID"").Clauses(clause.Returning{}).Create(eventType).Error; err != nil"
internal/programevent/program_event_type_crud.go,79,CreateProgramEventType,errs.Internal(err),err := tx.Create(localeRow).Error; err != nil
internal/programevent/program_event_type_crud.go,101,ListProgramEventTypesAdmin,errs.Internal(err),err != nil
internal/programevent/program_event_type_crud.go,115,ListProgramEventTypesAdmin,errs.Internal(err),err := query.Count(&total).Error; err != nil
internal/programevent/program_event_type_crud.go,125,ListProgramEventTypesAdmin,errs.Internal(err),err := query.Limit(int(limit)).Offset(int(offset)).Find(&rows).Error; err != nil
internal/programevent/program_event_type_crud.go,153,UpdateProgramEventType,errs.Internal(err),err != nil
internal/programevent/program_event_type_crud.go,176,DeleteProgramEventType,errs.Internal(err),err != nil
internal/programevent/program_event_type_crud.go,187,DeleteProgramEventType,errs.Internal(err),"err := tx.Clauses(clause.Locking{Strength: ""UPDATE""}).First(&eventType, ""id = ?"", req.Msg.Id).Error; err != nil"
internal/programevent/program_event_type_crud.go,194,DeleteProgramEventType,errs.Internal(err),"err := tx.Model(&model.ProgramEvent{}).Where(""type_id = ?"", req.Msg.Id).Count(&usageCount).Error; err != nil"
internal/programevent/program_event_type_crud.go,203,DeleteProgramEventType,errs.Internal(err),err := tx.Delete(&eventType).Error; err != nil
internal/programevent/program_event_type_update.go,46,updateProgramEventType,errs.Internal(err),err := tx.Model(&eventType).Updates(updates).Error; err != nil
internal/programevent/program_event_type_update.go,68,lockProgramEventTypeForUpdate,errs.Internal(err),"err := tx.Clauses(clause.Locking{Strength: ""UPDATE""}).First(&eventType, ""id = ?"", id).Error; err != nil"
internal/programevent/program_event_type_update.go,145,updateProgramEventTypeLocale,errs.Internal(err),err != nil && err != gorm.ErrRecordNotFound
internal/programevent/program_event_typed_translation.go,158,applyProgramEventTypedTranslationCandidateWithDB,"errs.InternalMsg(""Program Event translation audit requires requester Member"")",parseErr != nil || requesterID == uuid.Nil || requesterID.String() != strings.TrimSpace(job.RequestedByMemberID)
internal/programevent/program_event_typed_translation.go,178,applyProgramEventTypedTranslationCandidateWithDB,"errs.InternalMsg(""provider source Program Event translation did not advance source state"")",!result.TranslationSourceChanged
internal/programevent/program_event_typed_translation.go,206,applyProgramEventTypedTranslationCandidateWithDB,"errs.InternalMsg(""Program Event translation audit requires requester Member"")","strings.TrimSpace(job.RequestedByMemberID) == """""
internal/programevent/program_event_update.go,57,loadProgramEventForUpdate,errs.Internal(err),"err := s.db.WithContext(ctx).First(&event, ""id = ?"", eventID).Error; err != nil"
internal/programevent/program_event_update.go,211,applyProgramEventUpdate,errs.Internal(err),"err := tx.Clauses(clause.Locking{Strength: ""UPDATE""}).First(&current, ""id = ?"", event.ID).Error; err != nil"
internal/programevent/program_event_update.go,244,applyProgramEventUpdate,errs.Internal(err),err := tx.Model(&current).Updates(update.fields).Error; err != nil
internal/programevent/program_event_update.go,292,applyProgramEventUpdate,errs.Internal(err),"err := tx.WithContext(ctx).Model(&model.ProgramEvent{}).Where(""id = ?"", event.ID).Update(""updated_at"", update.now).Error; err != nil"
internal/programevent/program_event_update.go,427,validateProgramEventSeriesRelation,errs.Internal(err),"err := tx.Clauses(clause.Locking{Strength: ""UPDATE""}).Select(""id"").First(&series, ""id = ?"", *seriesID).Error; err != nil"
internal/programevent/program_event_update.go,439,validateProgramEventSeriesRelation,errs.Internal(err),err != gorm.ErrRecordNotFound
internal/programevent/public/program_event.go,182,Get,"errs.InternalMsg(""Program Event content Block store is not configured"")",s.contentBlocks == nil
internal/programevent/public/program_event.go,185,Get,"errs.InternalMsg(""Program Event media resolver is not configured"")",s.files == nil
internal/programevent/public/program_event.go,206,Get,errs.Internal(err),err := query.First(&event).Error; err != nil
internal/programevent/public/program_event.go,268,List,errs.Internal(err),err := query.Count(&total).Error; err != nil
internal/programevent/public/program_event.go,280,List,errs.Internal(err),err := query.Find(&events).Error; err != nil
internal/programevent/public/program_event.go,291,List,errs.Internal(err),err != nil
internal/programevent/public/program_event.go,338,List,errs.Internal(gorm.ErrRecordNotFound),!ok
internal/programevent/public/program_event.go,410,Get,errs.Internal(err),err := query.First(&series).Error; err != nil
internal/programevent/public/program_event.go,434,List,errs.Internal(err),err := query.Count(&total).Error; err != nil
internal/programevent/public/program_event.go,442,List,errs.Internal(err),err := query.Find(&rows).Error; err != nil
internal/programevent/public/program_event.go,469,List,errs.Internal(err),err := query.Count(&total).Error; err != nil
internal/programevent/public/program_event.go,477,List,errs.Internal(err),err := query.Find(&rows).Error; err != nil
internal/programevent/public/program_event.go,508,toProtoProgramEvent,"errs.InternalMsg(""Program Event content Block store is not configured"")",s.contentBlocks == nil
internal/programevent/public/program_event.go,515,toProtoProgramEvent,"errs.Internal(fmt.Errorf(""materialize Program Event typed document: %w"", err))",err != nil
internal/programevent/public/program_event.go,523,toProtoProgramEvent,"errs.Internal(fmt.Errorf(""render Program Event typed document: %w"", err))",err != nil
internal/programevent/public/program_event.go,651,loadProgramEventBlockRead,"errs.Internal(fmt.Errorf(""invalid Program Event content_document_id: %w"", err))",err != nil
internal/programevent/public/program_event.go,658,loadProgramEventBlockRead,"errs.Internal(fmt.Errorf(""load Program Event content document: %w"", err))",err != nil
internal/programevent/public/program_event.go,662,loadProgramEventBlockRead,"errs.Internal(fmt.Errorf(""restore Program Event typed document: %w"", err))",err != nil
internal/programevent/public/program_event.go,666,loadProgramEventBlockRead,"errs.Internal(fmt.Errorf(""validate Program Event typed document locales: %w"", err))",err != nil
internal/programevent/public/program_event.go,696,loadPublishedProgramEventSeries,errs.Internal(err),err != nil
internal/programevent/public/program_event.go,764,toProtoProgramEventSeriesList,errs.Internal(err),err != nil
internal/programevent/public/program_event.go,963,resolveProgramEventLocalization,errs.Internal(err),err != nil
internal/programevent/public/program_event.go,970,resolveProgramEventLocalization,"errs.InternalMsg(""Program Event source locale Block overlay is incomplete"")","_, ok := complete[sourceLocale]; !ok"
internal/programevent/public/program_event.go,979,resolveProgramEventLocalization,errs.Internal(err),err != nil
internal/programevent/public/program_event.go,1008,loadPublicProgramEventType,errs.Internal(err),"err := db.WithContext(ctx).First(&eventType, ""id = ?"", typeID).Error; err != nil"
internal/programevent/public/program_event.go,1025,loadPublicProgramEventTypes,errs.Internal(err),"err := db.WithContext(ctx).Where(""id IN ?"", ids).Find(&rows).Error; err != nil"
internal/programevent/public/program_event.go,1046,loadPublicProgramEventTypeLocales,errs.Internal(err),"err := db.WithContext(ctx).
	Table(""program_event_type_locale"").
	Select(""type_id, locale, name, description"").
	Where(""type_id IN ?"", ids).
	Order(""type_id ASC, locale ASC"").
	Find(&rows).Error; err != nil"
internal/programevent/public/program_event.go,1194,loadPublicProgramEventMapPlace,errs.Internal(err),"err := db.WithContext(ctx).First(&place, ""id = ?"", mapPlaceID).Error; err != nil"
internal/programevent/public/program_event.go,1278,loadPublicProgramEventParticipants,errs.Internal(err),"err := db.WithContext(ctx).
	Table(query.Junction).
	Select(query.Projection).
	Joins(query.Join).
	Where(query.Where, eventID, query.Status).
	Order(query.Order).
	Scan(&rows).Error; err != nil"
internal/programevent/public/program_event.go,1325,loadPublicProgramEventClients,errs.Internal(err),"err := db.WithContext(ctx).
	Table(""program_event_client AS pec"").
	Select(""c.id, c.name, c.website, pec.role, pec.sort_order"").
	Joins(""JOIN client AS c ON c.id = pec.client_id"").
	Where(""pec.event_id = ?"", eventID).
	Order(""pec.sort_order ASC, c.name ASC"").
	Scan(&rows).Error; err != nil"
internal/programevent/public/program_event.go,1374,loadPublicProgramEventCredits,errs.Internal(err),"err := s.db.WithContext(ctx).
	Table(""program_event_credit AS pec"").
	Select(`
			pec.id,
			pec.display_name,
			pec.credit_role,
			pec.description,
			pec.sort_order,
			a.id AS artist_id,
			`+creativeSourceTitleSQL(""artist"", ""a"")+` AS artist_name,
			a.slug AS artist_slug,
			(SELECT file_id FROM artist_file WHERE artist_id = a.id
			 ORDER BY sort_order ASC LIMIT 1) AS artist_image_file_id,
			pec.member_id
		`).
	Joins(""LEFT JOIN artist AS a ON a.id = pec.artist_id AND a.status = ?"", managev1.ArtistStatus_ARTIST_STATUS_PUBLISHED.String()).
	Where(""pec.event_id = ?"", eventID).
	Order(""pec.sort_order ASC, pec.id ASC"").
	Scan(&rows).Error; err != nil"
internal/programevent/public/program_event.go,1388,loadPublicProgramEventCredits,errs.Internal(err),err != nil
internal/programevent/public/program_event.go,1392,loadPublicProgramEventCredits,errs.Internal(err),err != nil
internal/programevent/target_locale_document.go,61,loadOptionalProgramEventLocaleMetadataRow,errs.Internal(err),err := query.Take(&row).Error; err != nil
internal/programevent/target_locale_document.go,72,deriveProgramEventTargetRevision,errs.Internal(err),err != nil
internal/programevent/target_locale_document.go,301,applyProgramEventTargetMutation,errs.Internal(created.Error),created.Error != nil
internal/programevent/target_locale_document.go,304,applyProgramEventTargetMutation,"errs.InternalMsg(""Program Event target locale could not be created"")",created.RowsAffected != 1
internal/programevent/target_locale_document.go,322,applyProgramEventTargetMutation,errs.Internal(updated.Error),updated.Error != nil
internal/programevent/target_locale_document.go,325,applyProgramEventTargetMutation,"errs.InternalMsg(""Program Event target locale disappeared while saving"")",updated.RowsAffected != 1
internal/programevent/target_locale_document.go,341,applyProgramEventTargetMutation,errs.Internal(err),"err := tx.WithContext(ctx).Model(&model.ProgramEvent{}).
	Where(""id = ?"", input.EventID).UpdateColumn(""updated_at"", now).Error; err != nil"
internal/programevent/target_locale_document.go,405,deleteProgramEventTargetLocale,errs.Internal(deleted.Error),deleted.Error != nil
internal/programevent/target_locale_document.go,408,deleteProgramEventTargetLocale,"errs.InternalMsg(""Program Event target locale disappeared while deleting"")",deleted.RowsAffected != 1
internal/programevent/target_locale_document.go,422,deleteProgramEventTargetLocale,errs.Internal(err),"err := tx.WithContext(ctx).Model(&model.ProgramEvent{}).
	Where(""id = ?"", eventID).UpdateColumn(""updated_at"", now.UTC()).Error; err != nil"
internal/referencecatalog/category.go,110,ListCategoriesAdmin,errs.Internal(err),err != nil
internal/referencecatalog/category.go,156,CreateCategory,errs.Internal(err),err != nil
internal/referencecatalog/category.go,201,UpdateCategory,errs.Internal(err),err != nil
internal/referencecatalog/category.go,248,DeleteCategory,errs.Internal(err),err != nil
internal/referencecatalog/client_logo.go,44,SetClientLogo,errs.Internal(err),err != nil
internal/referencecatalog/client_logo.go,125,SetClientLogo,errs.Internal(err),err != nil
internal/referencecatalog/client_logo.go,152,DeleteClientLogo,errs.Internal(err),err != nil
internal/referencecatalog/client_logo.go,225,DeleteClientLogo,errs.Internal(err),err != nil
internal/referencecatalog/client_mutation.go,30,CreateClient,errs.Internal(err),err != nil
internal/referencecatalog/client_mutation.go,58,CreateClient,errs.Internal(err),"err := tx.Clauses(clause.Returning{Columns: []clause.Column{{Name: ""id""}, {Name: ""created_at""}}}).Create(&client).Error; err != nil"
internal/referencecatalog/client_mutation.go,92,UpdateClient,errs.Internal(err),err != nil
internal/referencecatalog/client_mutation.go,104,UpdateClient,errs.Internal(err),"err := tx.Clauses(clause.Locking{Strength: ""UPDATE""}).First(&client, ""id = ?"", req.Msg.Id).Error; err != nil"
internal/referencecatalog/client_mutation.go,133,UpdateClient,errs.Internal(err),"err := tx.First(&client, ""id = ?"", client.ID).Error; err != nil"
internal/referencecatalog/client_mutation.go,154,applyClientUpdates,errs.Internal(err),err := db.WithContext(ctx).Model(client).Updates(updates).Error; err != nil
internal/referencecatalog/client_mutation.go,166,DeleteClient,errs.Internal(err),err != nil
internal/referencecatalog/client_mutation.go,178,DeleteClient,errs.Internal(err),"err := tx.Clauses(clause.Locking{Strength: ""UPDATE""}).First(&client, ""id = ?"", req.Msg.Id).Error; err != nil"
internal/referencecatalog/client_mutation.go,186,DeleteClient,errs.Internal(err),"err := tx.Table(relation.table).Where(""client_id = ?"", client.ID).Limit(1).Count(&count).Error; err != nil"
internal/referencecatalog/client_mutation.go,193,DeleteClient,errs.Internal(err),err := tx.Delete(&client).Error; err != nil
internal/referencecatalog/client_mutation.go,220,DeleteClient,errs.Internal(err),err != nil
internal/referencecatalog/client_read.go,43,GetClient,errs.Internal(err),"err := s.db.WithContext(ctx).First(&client, ""id = ?"", req.Msg.Id).Error; err != nil"
internal/referencecatalog/client_read.go,67,ListClients,errs.Internal(err),err := query.Count(&total).Error; err != nil
internal/referencecatalog/client_read.go,87,ListClients,errs.Internal(err),err := query.Limit(int(limit)).Offset(int(offset)).Find(&clients).Error; err != nil
internal/referencecatalog/client_read.go,127,SearchClients,errs.Internal(err),"err := query.Order(""name ASC"").Limit(limit).Find(&clients).Error; err != nil"
internal/referencecatalog/client_read.go,152,ListClientsAdmin,errs.Internal(err),err != nil
internal/referencecatalog/client_read.go,169,ListClientsAdmin,errs.Internal(err),err := query.Count(&total).Error; err != nil
internal/referencecatalog/client_read.go,189,ListClientsAdmin,errs.Internal(err),err := query.Limit(int(limit)).Offset(int(offset)).Find(&clients).Error; err != nil
internal/referencecatalog/client_read.go,210,ListClientsAdmin,errs.Internal(err),"err := s.db.WithContext(ctx).
	Table(""work_client"").
	Select(""client_id, COUNT(*) as count"").
	Where(""client_id IN ?"", clientIDs).
	Group(""client_id"").
	Scan(&workStats).Error; err != nil"
internal/referencecatalog/format.go,94,ListFormatsAdmin,errs.Internal(err),err != nil
internal/referencecatalog/format.go,133,CreateFormat,errs.Internal(err),err != nil
internal/referencecatalog/format.go,168,CreateFormat,errs.Internal(err),"err := tx.Omit(""ID"").Clauses(clause.Returning{}).Create(format).Error; err != nil"
internal/referencecatalog/format.go,199,UpdateFormat,errs.Internal(err),err != nil
internal/referencecatalog/format.go,219,UpdateFormat,errs.Internal(err),"err := tx.Clauses(clause.Locking{Strength: ""UPDATE""}).First(&format, ""id = ?"", req.Msg.Id).Error; err != nil"
internal/referencecatalog/format.go,240,UpdateFormat,errs.Internal(err),"err := tx.First(&format, ""id = ?"", req.Msg.Id).Error; err != nil"
internal/referencecatalog/format.go,266,applyFormatUpdates,errs.Internal(err),err := db.WithContext(ctx).Model(format).Updates(updates).Error; err != nil
internal/referencecatalog/format.go,285,DeleteFormat,errs.Internal(err),err != nil
internal/referencecatalog/format.go,297,DeleteFormat,errs.Internal(err),"err := tx.Clauses(clause.Locking{Strength: ""UPDATE""}).First(&format, ""id = ?"", req.Msg.Id).Error; err != nil"
internal/referencecatalog/format.go,304,DeleteFormat,errs.Internal(err),"err := tx.Table(""release_format"").Where(""format_id = ?"", format.ID).Limit(1).Count(&count).Error; err != nil"
internal/referencecatalog/format.go,310,DeleteFormat,errs.Internal(err),err := tx.Delete(&format).Error; err != nil
internal/referencecatalog/genre.go,96,ListGenresAdmin,errs.Internal(err),err != nil
internal/referencecatalog/genre.go,128,CreateGenre,errs.Internal(err),err != nil
internal/referencecatalog/genre.go,170,UpdateGenre,errs.Internal(err),err != nil
internal/referencecatalog/genre.go,206,DeleteGenre,errs.Internal(err),err != nil
internal/referencecatalog/map_place_authority.go,30,requireLockedMapPlaceAuthority,"errs.Internal(fmt.Errorf(""lock map place mutation principal: %w"", err))",err != nil
internal/referencecatalog/map_place_mutation.go,62,CreateMapPlace,errs.Internal(err),err != nil
internal/referencecatalog/map_place_mutation.go,112,CreateMapPlace,errs.Internal(err),err != nil
internal/referencecatalog/map_place_mutation.go,116,CreateMapPlace,errs.Internal(err),err != nil
internal/referencecatalog/map_place_mutation.go,136,UpdateMapPlace,errs.Internal(err),err != nil
internal/referencecatalog/map_place_mutation.go,158,UpdateMapPlace,errs.Internal(err),"err := s.db.WithContext(ctx).Transaction(func(tx *gorm.DB) error {
	locked, err := lockMapPlaceForUpdate(ctx, tx, req.Msg.Id)
	if err != nil {
		return err
	}
	memberID, err := requireLockedMapPlaceAuthority(ctx, tx, editCan, false, s.spiceDB)
	if err != nil {
		return err
	}
	updated, err := s.updateLockedMapPlaceWithDB(ctx, tx, req.Msg, memberID, locked)
	place = updated
	return err
}); err != nil"
internal/referencecatalog/map_place_mutation.go,162,UpdateMapPlace,errs.Internal(err),err != nil
internal/referencecatalog/map_place_mutation.go,345,DeleteMapPlace,errs.Internal(err),err != nil
internal/referencecatalog/map_place_mutation.go,395,DeleteMapPlace,errs.Internal(err),err != nil
internal/referencecatalog/map_place_mutation.go,406,requireMapPlaceUnused,errs.Internal(err),"err := tx.WithContext(ctx).Table(table).Where(""map_place_id = ?"", placeID).Limit(1).Count(&count).Error; err != nil"
internal/referencecatalog/map_place_read.go,45,GetMapPlace,errs.Internal(err),"err := s.db.WithContext(ctx).Where(""id = ?"", req.Msg.Id).First(&place).Error; err != nil"
internal/referencecatalog/map_place_read.go,50,GetMapPlace,errs.Internal(err),err != nil
internal/referencecatalog/map_place_read.go,73,GetMapPlacesByIds,errs.Internal(err),"err := s.db.WithContext(ctx).Where(""id IN ?"", req.Msg.Ids).Find(&places).Error; err != nil"
internal/referencecatalog/map_place_read.go,78,GetMapPlacesByIds,errs.Internal(err),err != nil
internal/referencecatalog/map_place_read.go,135,SearchMapPlaces,errs.Internal(err),err != nil
internal/referencecatalog/map_place_read.go,175,ListMapPlacesAdmin,errs.Internal(err),err := query.Count(&total).Error; err != nil
internal/referencecatalog/map_place_read.go,190,ListMapPlacesAdmin,errs.Internal(err),"err := query.
	Offset(offset).
	Limit(limit).
	Find(&places).Error; err != nil"
internal/referencecatalog/map_place_read.go,195,ListMapPlacesAdmin,errs.Internal(err),err != nil
internal/referencecatalog/public/category.go,66,List,errs.Internal(err),err := countQuery.Count(&total).Error; err != nil
internal/referencecatalog/public/category.go,84,List,errs.Internal(err),err := query.Scan(&results).Error; err != nil
internal/referencecatalog/public/client.go,54,Get,errs.Internal(err),"err := s.db.WithContext(ctx).First(&client, ""id = ?"", req.Msg.Id).Error; err != nil"
internal/referencecatalog/public/client.go,77,List,errs.Internal(err),err := query.Count(&total).Error; err != nil
internal/referencecatalog/public/client.go,93,List,errs.Internal(err),err := query.Find(&clients).Error; err != nil
internal/referencecatalog/public/map_place.go,49,GetByIds,errs.Internal(err),"err := s.db.WithContext(ctx).Where(""id IN ?"", ids).Find(&places).Error; err != nil"
internal/referencecatalog/public/tag.go,64,List,errs.Internal(err),err := countQuery.Count(&total).Error; err != nil
internal/referencecatalog/public/tag.go,82,List,errs.Internal(err),err := query.Scan(&results).Error; err != nil
internal/referencecatalog/reference_crud.go,40,list,errs.Internal(err),err := query.Count(&total).Error; err != nil
internal/referencecatalog/reference_crud.go,49,list,errs.Internal(err),err := page.Apply(query).Find(&records).Error; err != nil
internal/referencecatalog/reference_crud.go,92,lockForMutation,errs.Internal(err),"err := db.WithContext(ctx).Clauses(clause.Locking{Strength: ""UPDATE""}).First(record, ""id = ?"", id).Error; err != nil"
internal/referencecatalog/reference_crud.go,107,updateLocked,"errs.InternalMsg(c.resource + "" mutation requires a locked row"")",record == nil
internal/referencecatalog/reference_crud.go,152,updateLocked,errs.Internal(err),"err := db.WithContext(ctx).First(record, ""id = ?"", id).Error; err != nil"
internal/referencecatalog/reference_crud.go,173,deleteLockedWithRelationGuards,"errs.InternalMsg(c.resource + "" deletion requires a locked row"")",record == nil
internal/referencecatalog/reference_crud.go,178,deleteLockedWithRelationGuards,errs.Internal(err),"err := db.WithContext(ctx).Table(guard.table).Where(guard.column+"" = ?"", id).Limit(1).Count(&count).Error; err != nil"
internal/referencecatalog/reference_crud.go,185,deleteLockedWithRelationGuards,errs.Internal(err),err := db.WithContext(ctx).Delete(record).Error; err != nil
internal/referencecatalog/reference_crud.go,224,loadReferenceCounts,errs.Internal(err),"err := db.WithContext(ctx).
	Table(table).
	Select(column+"" AS id, COUNT(*) AS count"").
	Where(column+"" IN ?"", ids).
	Group(column).
	Scan(&rows).Error; err != nil"
internal/referencecatalog/reference_validation.go,43,classifyReferenceUniqueViolation,errs.Internal(err),!isUniqueViolation(err)
internal/referencecatalog/style.go,96,ListStylesAdmin,errs.Internal(err),err != nil
internal/referencecatalog/style.go,128,CreateStyle,errs.Internal(err),err != nil
internal/referencecatalog/style.go,170,UpdateStyle,errs.Internal(err),err != nil
internal/referencecatalog/style.go,206,DeleteStyle,errs.Internal(err),err != nil
internal/referencecatalog/tag.go,108,ListTagsAdmin,errs.Internal(err),err != nil
internal/referencecatalog/tag.go,150,CreateTag,errs.Internal(err),err != nil
internal/referencecatalog/tag.go,195,UpdateTag,errs.Internal(err),err != nil
internal/referencecatalog/tag.go,242,DeleteTag,errs.Internal(err),err != nil
internal/release/ai_document_load.go,19,LoadAIDocumentState,"errs.Internal(errors.New(""release AI document dependencies are not configured""))",s == nil || s.db == nil || s.spiceDB == nil || s.contentBlocks == nil
internal/release/ai_document_load.go,41,LoadAIDocumentState,"errs.InternalMsg(""Release has an unsupported lifecycle status"")",!valid
internal/release/ai_document_load.go,79,loadReleaseAIDocumentRoot,errs.Internal(err),err := query.Take(&root).Error; err != nil
internal/release/ai_document_load.go,101,loadAIDocumentStateAfterAuthorization,"errs.InternalMsg(""Release AI document requires the compact content profile"")",target.Snapshot.Document.Profile != releaseContentProfile
internal/release/ai_document_load.go,109,loadAIDocumentStateAfterAuthorization,"errs.InternalMsg(""Release locale overlay exists without translation metadata"")","!exists && releaseSnapshotContainsLocale(target.Snapshot, locale)"
internal/release/ai_document_load.go,113,loadAIDocumentStateAfterAuthorization,errs.Internal(err),err != nil
internal/release/ai_document_mutation.go,50,ExecuteAIDocumentMutation,"errs.InternalMsg(""Release has an unsupported lifecycle status"")","_, valid := releaseAIDocumentLifecycle(root.Status); !valid"
internal/release/ai_document_mutation.go,212,applyReleaseSourceAIDocumentMetadata,errs.Internal(err),err != nil
internal/release/ai_document_mutation.go,236,applyReleaseSourceAIDocumentMetadata,errs.Internal(err),"err := tx.WithContext(ctx).Table(""release_translation"").Where(""entity_id = ?::uuid AND locale = ?"", input.ReleaseID, input.ExpectedSource).Updates(map[string]any{""title"": nextTitle, ""updated_at"": now}).Error; err != nil"
internal/release/ai_document_mutation.go,241,applyReleaseSourceAIDocumentMetadata,errs.Internal(err),"err := replaceReleaseCreditLocaleNotes(ctx, tx, input.ReleaseID, input.ExpectedSource, nextNotes, now); err != nil"
internal/release/ai_document_mutation.go,252,appendAIDocumentAudit,"errs.InternalMsg(""Release AI document audit writer is not configured"")",s.auditWriter == nil
internal/release/authorization.go,88,requireReleaseCreate,errs.Internal(err),err != nil
internal/release/authorization.go,96,requireReleaseList,errs.Internal(err),err != nil
internal/release/authorization.go,176,requireActiveTrackAction,errs.Internal(err),err != nil
internal/release/authorization.go,217,requireActiveReleaseAction,errs.Internal(err),err != nil
internal/release/content_block_translation.go,262,applyTypedTranslationCandidateWithDB,"errs.InternalMsg(""Release translation audit requires canonical requester Member"")",parseErr != nil || requesterID == uuid.Nil || requesterID.String() != strings.TrimSpace(job.RequestedByMemberID)
internal/release/content_block_translation.go,288,applyTypedTranslationCandidateWithDB,"errs.InternalMsg(""provider source Release translation did not advance source state"")",!result.TranslationSourceChanged
internal/release/content_block_translation.go,312,applyTypedTranslationCandidateWithDB,"errs.InternalMsg(""Release translation audit requires requester Member"")","strings.TrimSpace(job.RequestedByMemberID) == """""
internal/release/content_document.go,104,loadReleaseSourceTitle,errs.Internal(err),"err := db.WithContext(ctx).
	Table(table).
	Select(""title"").
	Where(""entity_id = ? AND locale = ?"", releaseID, locale).
	Take(&row).Error; err != nil"
internal/release/content_document.go,166,loadReleaseLocaleMetadataState,errs.Internal(result.Error),result.Error != nil
internal/release/content_document.go,204,loadReleaseSourceLocaleWithStrength,errs.Internal(err),err != nil
internal/release/content_document.go,216,loadReleaseContentSnapshotInTransaction,"errs.Internal(errors.New(""content Block store is not configured""))",store == nil
internal/release/content_document.go,235,loadReleaseContentSnapshotInTransaction,"errs.Internal(errors.New(""content document source locale does not match release root""))",strings.TrimSpace(snapshot.SourceLocale) != source.SourceLocale
internal/release/content_document.go,297,loadReleaseContentBlockBootstrap,"errs.Internal(errors.New(""content Block store is not configured""))",store == nil
internal/release/content_document.go,314,loadReleaseContentBlockBootstrap,"errs.Internal(fmt.Errorf(""resolve Release collaboration principal: %w"", err))",err != nil
internal/release/content_document.go,343,loadReleaseContentBlockBootstrap,"errs.Internal(errors.New(""content document source locale does not match translation authority""))",snapshot.SourceLocale != source.SourceLocale
internal/release/content_document.go,393,releaseContentDocumentFence,"errs.Internal(errors.New(""content document authorization is required""))",authorize == nil
internal/release/content_document.go,412,releaseContentCreationFence,"errs.Internal(errors.New(""content document authorization is required""))",authorize == nil
internal/release/content_document.go,438,lockReleaseTranslationSourceContext,errs.Internal(err),"err := tx.WithContext(ctx).
	Clauses(clause.Locking{Strength: ""UPDATE""}).
	Table(""release"").
	Select(""source_locale"").
	Where(""id = ?"", releaseID).
	Take(&source).Error; err != nil"
internal/release/content_document.go,459,normalizeReleaseContentBlockError,"errs.Internal(fmt.Errorf(""release content document: %w"", err))",
internal/release/content_document.go,514,loadReleaseContentDocumentIDWithStrength,"errs.Internal(errors.New(""content document database is required""))",db == nil
internal/release/content_document.go,528,loadReleaseContentDocumentIDWithStrength,errs.Internal(err),err := query.Take(&root).Error; err != nil
internal/release/content_document.go,535,loadReleaseContentDocumentIDWithStrength,"errs.Internal(fmt.Errorf(""invalid release content_document_id: %w"", err))",err != nil
internal/release/domain_helpers.go,41,requireDocumentContributors,errs.Internal(err),"err := tx.WithContext(ctx).Table(""member"").Clauses(clause.Locking{Strength: ""KEY SHARE""}).
	Where(""id IN ?"", unique).Count(&count).Error; err != nil"
internal/release/internal_service.go,89,LoadReleaseBlockDocument,"errs.InternalMsg(""Release content Block store is not configured"")",s.contentBlocks == nil || req.Msg == nil
internal/release/internal_service.go,145,LoadReleaseBlockDocument,errs.Internal(err),err != nil
internal/release/internal_service.go,290,UpdateReleaseLocaleMetadata,"errs.InternalMsg(""Release content Block store is not configured"")",s.contentBlocks == nil || input == nil
internal/release/internal_service.go,528,loadReleaseArtistStates,errs.Internal(err),"err := db.WithContext(ctx).
	Table(""release_artist"").
	Select(""release_artist.artist_id, release_artist.sort_order"").
	Where(""release_artist.release_id = ?"", releaseID).
	Order(""release_artist.sort_order ASC, release_artist.created_at ASC"").
	Scan(&rows).Error; err != nil"
internal/release/internal_service.go,536,loadReleaseArtistStates,errs.Internal(err),err != nil
internal/release/public/draft_access.go,43,requireDraftShareLinkAccess,"errs.Internal(fmt.Errorf(""validate %s share link: %w"", entityName, err))",err != nil
internal/release/public/service.go,110,Get,errs.Internal(err),err != nil
internal/release/public/service.go,125,Get,"errs.Internal(fmt.Errorf(""check release draft view permission: %w"", permissionErr))",permissionErr != nil
internal/release/public/service.go,204,List,errs.Internal(err),err := query.Count(&total).Error; err != nil
internal/release/public/service.go,222,List,errs.Internal(err),err := query.Find(&releases).Error; err != nil
internal/release/public/service.go,234,List,errs.Internal(err),err != nil
internal/release/public/service.go,238,List,errs.Internal(err),err != nil
internal/release/public/service.go,297,buildReleaseResponseInTransaction,errs.Internal(err),"err := s.db.WithContext(ctx).
	Where(""id = ?"", releaseID).
	Take(&current).Error; err != nil"
internal/release/public/service.go,356,buildReleaseResponseInTransaction,errs.Internal(err),err != nil
internal/release/public/service.go,362,buildReleaseResponseInTransaction,errs.Internal(err),err != nil
internal/release/public/service.go,369,buildReleaseResponseInTransaction,errs.Internal(err),err != nil
internal/release/public/service.go,373,buildReleaseResponseInTransaction,errs.Internal(err),err != nil
internal/release/public/service.go,377,buildReleaseResponseInTransaction,errs.Internal(err),err != nil
internal/release/public/service.go,381,buildReleaseResponseInTransaction,errs.Internal(err),err != nil
internal/release/public/service.go,390,buildReleaseResponseInTransaction,errs.Internal(err),err != nil
internal/release/public/service.go,396,buildReleaseResponseInTransaction,errs.Internal(err),err != nil
internal/release/public_projection.go,51,LoadPublicSourceTitles,errs.Internal(err),"err := db.WithContext(ctx).Table(""release_translation AS localized"").
	Select(""localized.entity_id, localized.title"").
	Joins(`JOIN release AS owner ON owner.id = localized.entity_id AND owner.source_locale = localized.locale`).
	Where(""localized.entity_id IN ?"", releaseIDs).Scan(&rows).Error; err != nil"
internal/release/release_assets.go,30,SetReleaseArtwork,errs.Internal(err),"err := s.db.WithContext(ctx).
	Select(""id"").
	First(&release, ""id = ?"", req.Msg.ReleaseId).Error; err != nil"
internal/release/release_assets.go,42,SetReleaseArtwork,errs.Internal(err),"err := s.db.WithContext(ctx).First(&file, ""id = ?"", req.Msg.FileId).Error; err != nil"
internal/release/release_assets.go,105,SetReleaseArtwork,errs.Internal(err),err != nil
internal/release/release_assets.go,134,DeleteReleaseArtwork,errs.Internal(err),"err := s.db.WithContext(ctx).
	Select(""id"").
	First(&release, ""id = ?"", req.Msg.ReleaseId).Error; err != nil"
internal/release/release_assets.go,186,DeleteReleaseArtwork,errs.Internal(err),err != nil
internal/release/release_editor_relations.go,34,GetReleaseRelations,errs.Internal(err),"err := tx.Select(""id"").Where(""id = ?"", req.Msg.ReleaseId).Take(&release).Error; err != nil"
internal/release/release_editor_relations.go,38,GetReleaseRelations,errs.Internal(err),"err := loadReleaseEditorArtists(ctx, tx, req.Msg.ReleaseId, response); err != nil"
internal/release/release_editor_relations.go,41,GetReleaseRelations,errs.Internal(err),"err := loadReleaseEditorLabels(ctx, tx, req.Msg.ReleaseId, response); err != nil"
internal/release/release_editor_relations.go,44,GetReleaseRelations,errs.Internal(err),"err := loadReleaseEditorReferences(ctx, tx, req.Msg.ReleaseId, response); err != nil"
internal/release/release_editor_relations.go,47,GetReleaseRelations,errs.Internal(err),"err := loadReleaseEditorCredits(ctx, tx, req.Msg.ReleaseId, response); err != nil"
internal/release/release_projection.go,49,CheckReleaseSlugAvailable,errs.Internal(err),err := query.Count(&count).Error; err != nil
internal/release/release_projection.go,86,getReleaseArtworkAsset,errs.Internal(err),err != nil
internal/release/release_projection.go,170,loadReadyReleaseArtworkAssets,errs.Internal(err),"err := s.db.WithContext(ctx).Raw(`
		SELECT DISTINCT ON (rf.release_id)
			rf.release_id,
			pa.id AS asset_id
		FROM release_file AS rf
		JOIN public_asset AS pa
		  ON pa.source_file_id = rf.file_id
		 AND pa.kind = 'artwork'
		 AND pa.status = 'ready'
		WHERE rf.release_id IN ?
		ORDER BY rf.release_id, rf.sort_order ASC, pa.created_at DESC, pa.id DESC
	`, releaseIDs).Find(&rows).Error; err != nil"
internal/release/release_source_locale_document.go,52,touchReleaseSourceLocaleState,errs.Internal(result.Error),result.Error != nil
internal/release/service.go,146,classifyReleaseMutationError,errs.Internal(err),
internal/release/service.go,169,GetRelease,errs.Internal(err),"err := s.db.WithContext(ctx).
	Where(""id = ?"", req.Msg.Id).
	First(&release).Error; err != nil"
internal/release/service.go,226,ListReleasesAdmin,errs.Internal(err),err := query.Count(&total).Error; err != nil
internal/release/service.go,247,ListReleasesAdmin,errs.Internal(err),err := query.Limit(int(limit)).Offset(int(offset)).Find(&releases).Error; err != nil
internal/release/service.go,276,ListReleasesAdmin,"errs.Internal(fmt.Errorf(""failed to get track counts: %w"", err))","err := s.db.WithContext(ctx).
	Table(""track"").
	Select(""release_id, COUNT(*) as count"").
	Where(""release_id IN ?"", releaseIDs).
	Group(""release_id"").
	Scan(&trackStats).Error; err != nil"
internal/release/service.go,296,ListReleasesAdmin,"errs.Internal(fmt.Errorf(""failed to get credit counts: %w"", err))","err := s.db.WithContext(ctx).
	Table(""release_credit"").
	Select(""release_id, COUNT(*) as count"").
	Where(""release_id IN ?"", releaseIDs).
	Group(""release_id"").
	Scan(&creditStats).Error; err != nil"
internal/release/service.go,330,CreateRelease,"errs.InternalMsg(""Release content Block store is not configured"")",s.contentBlocks == nil
internal/release/service.go,381,CreateRelease,errs.Internal(err),err != nil
internal/release/service.go,466,CreateRelease,errs.Internal(err),err != nil
internal/release/service.go,523,DeleteRelease,"errs.InternalMsg(""Release content Block store is not configured"")",s.contentBlocks == nil
internal/release/service.go,545,DeleteRelease,"errs.Internal(fmt.Errorf(""cleanup release track audio uploads: %w"", err))","err := s.cleanupReleaseTrackUploadSessions(ctx, req.Msg.Id); err != nil"
internal/release/service.go,580,DeleteRelease,errs.Internal(err),"err := tx.
	Where(""entity_type = ? AND entity_id = ?"", managev1.ShareLinkEntityType_SHARE_LINK_ENTITY_TYPE_RELEASE.String(), req.Msg.Id).
	Delete(&model.ShareLink{}).Error; err != nil"
internal/release/service.go,602,DeleteRelease,errs.Internal(result.Error),result.Error != nil
internal/release/service.go,646,DeleteRelease,errs.Internal(err),err != nil
internal/release/service.go,680,PublishRelease,errs.Internal(err),"err := s.db.WithContext(ctx).First(&release, ""id = ?"", req.Msg.Id).Error; err != nil"
internal/release/service.go,705,PublishRelease,errs.Internal(err),"err := s.db.WithContext(ctx).Transaction(func(tx *gorm.DB) error {
	locked, err := lockReleaseForUpdate(ctx, tx, release.ID)
	if err != nil {
		return err
	}
	if err := requireActiveReleaseAction(ctx, tx, s.spiceDB, release.ID, releaseActionPublish); err != nil {
		return err
	}
	if locked.Status == managev1.ReleaseStatus_RELEASE_STATUS_PUBLISHED.String() {
		release = *locked
		return nil
	}
	if err := tx.Model(&model.Release{}).Where(""id = ?"", release.ID).Updates(structured.Fields{""status"": managev1.ReleaseStatus_RELEASE_STATUS_PUBLISHED.String(), ""published_at"": now, ""updated_at"": now}).Error; err != nil {
		return err
	}
	transitioned = true
	return s.appendReleaseLifecycleAudit(ctx, tx, release.ID, releaseAuditState(locked.Status), sharedtelemetry.AuditStatePublished)
}); err != nil"
internal/release/service.go,738,UnpublishRelease,errs.Internal(err),"err := s.db.WithContext(ctx).First(&release, ""id = ?"", req.Msg.Id).Error; err != nil"
internal/release/service.go,763,UnpublishRelease,errs.Internal(err),"err := s.db.WithContext(ctx).Transaction(func(tx *gorm.DB) error {
	locked, err := lockReleaseForUpdate(ctx, tx, release.ID)
	if err != nil {
		return err
	}
	if err := requireActiveReleaseAction(ctx, tx, s.spiceDB, release.ID, releaseActionPublish); err != nil {
		return err
	}
	if locked.Status == managev1.ReleaseStatus_RELEASE_STATUS_DRAFT.String() {
		release = *locked
		return nil
	}
	if err := tx.Model(&model.Release{}).Where(""id = ?"", release.ID).Updates(structured.Fields{""status"": managev1.ReleaseStatus_RELEASE_STATUS_DRAFT.String(), ""updated_at"": now}).Error; err != nil {
		return err
	}
	transitioned = true
	return s.appendReleaseLifecycleAudit(ctx, tx, release.ID, releaseAuditState(locked.Status), sharedtelemetry.AuditStateDraft)
}); err != nil"
internal/release/target_locale_document.go,91,loadOptionalReleaseLocaleMetadataRow,errs.Internal(err),err := query.Take(&row).Error; err != nil
internal/release/target_locale_document.go,114,deriveReleaseTargetRevision,errs.Internal(err),err != nil
internal/release/target_locale_document.go,166,loadReleaseTargetLocaleState,errs.Internal(err),err != nil
internal/release/target_locale_document.go,189,loadReleaseTargetLocaleState,errs.Internal(err),err != nil
internal/release/target_locale_document.go,297,applyReleaseTargetLocaleMutation,errs.Internal(created.Error),created.Error != nil
internal/release/target_locale_document.go,299,applyReleaseTargetLocaleMutation,"errs.InternalMsg(""Release target locale could not be created"")",created.Error != nil || created.RowsAffected != 1
internal/release/target_locale_document.go,302,applyReleaseTargetLocaleMutation,errs.Internal(err),"err := replaceReleaseCreditLocaleNotes(ctx, tx, input.ReleaseID, input.Locale, nextNotes, now); err != nil"
internal/release/target_locale_document.go,316,applyReleaseTargetLocaleMutation,errs.Internal(updated.Error),updated.Error != nil
internal/release/target_locale_document.go,318,applyReleaseTargetLocaleMutation,"errs.InternalMsg(""Release target locale disappeared while saving"")",updated.Error != nil || updated.RowsAffected != 1
internal/release/target_locale_document.go,322,applyReleaseTargetLocaleMutation,errs.Internal(err),"err := replaceReleaseCreditLocaleNotes(ctx, tx, input.ReleaseID, input.Locale, nextNotes, updatedAt); err != nil"
internal/release/track.go,280,ListTracksByRelease,errs.Internal(err),"err := s.db.WithContext(ctx).
	Where(""release_id = ?"", req.Msg.ReleaseId).
	Order(""track_number ASC"").
	Find(&tracks).Error; err != nil"
internal/release/track.go,287,ListTracksByRelease,errs.Internal(err),err != nil
internal/release/track.go,315,CreateTrack,errs.Internal(err),"err := s.db.WithContext(ctx).Table(""release"").Where(""id = ?"", req.Msg.ReleaseId).Count(&releaseCount).Error; err != nil"
internal/release/track.go,384,CreateTrack,errs.Internal(err),err != nil
internal/release/track.go,403,UpdateTrack,errs.Internal(err),"err := s.db.WithContext(ctx).Where(""id = ?"", req.Msg.Id).First(&track).Error; err != nil"
internal/release/track.go,506,UpdateTrack,errs.Internal(err),"err := s.db.WithContext(ctx).Transaction(func(tx *gorm.DB) error {
	if err := lockTrackDownloadAudienceSegments(ctx, tx, track.ID); err != nil {
		return err
	}
	var locked model.Track
	if err := tx.WithContext(ctx).Clauses(clause.Locking{Strength: ""UPDATE""}).First(&locked, ""id = ?"", track.ID).Error; err != nil {
		return err
	}
	if err := requireActiveTrackAction(ctx, tx, s.spiceDB, track.ID, trackActionEdit); err != nil {
		return err
	}

	next = locked
	if req.Msg.TrackNumber != nil {
		next.TrackNumber = int(*req.Msg.TrackNumber)
	}
	if req.Msg.Title != nil && *req.Msg.Title != """" {
		next.Title = *req.Msg.Title
	}
	if req.Msg.DurationSeconds != nil {
		v := int(*req.Msg.DurationSeconds)
		next.DurationSeconds = &v
	}
	if req.Msg.ClearDuration {
		next.DurationSeconds = nil
	}
	if req.Msg.ClearAudioOriginal {
		next.AudioOriginalFileID = nil
	}
	if req.Msg.ProcessingStatus != nil {
		next.ProcessingStatus = req.Msg.ProcessingStatus
	}
	if req.Msg.Lyrics != nil {
		next.Lyrics = req.Msg.Lyrics
	}
	if req.Msg.ClearLyrics {
		next.Lyrics = nil
	}
	if reflect.DeepEqual(locked, next) {
		track = locked
		return nil
	}
	oldFileID := locked.AudioOriginalFileID
	if err := tx.Save(&next).Error; err != nil {
		return err
	}
	if !sameOptionalString(oldFileID, next.AudioOriginalFileID) {
		if err := tx.Model(&model.Track{}).Where(""id = ?"", next.ID).
			Update(""download_audience"", ""disabled"").Error; err != nil {
			return err
		}
		if err := tx.Where(""track_id = ?"", next.ID).
			Delete(&model.TrackDownloadAudienceSegment{}).Error; err != nil {
			return err
		}
		next.DownloadAudience = ""disabled""
	}
	track = next
	metadataBefore, metadataAfter := locked, next
	metadataBefore.AudioOriginalFileID, metadataAfter.AudioOriginalFileID = nil, nil
	if !reflect.DeepEqual(metadataBefore, metadataAfter) {
		if err := s.appendReleaseTrackAudit(ctx, tx, next.ReleaseID, next.ID, sharedtelemetry.AuditItemOperationUpdated); err != nil {
			return err
		}
	}
	if oldFileID != nil && next.AudioOriginalFileID == nil {
		return s.appendReleaseTrackAudioAudit(ctx, tx, next.ReleaseID, next.ID, *oldFileID, sharedtelemetry.AuditCollectionOperationRemoved)
	}
	return nil
}); err != nil"
internal/release/track.go,527,DeleteTrack,errs.Internal(err),"err := s.db.WithContext(ctx).Where(""id = ?"", req.Msg.Id).First(&track).Error; err != nil"
internal/release/track.go,545,DeleteTrack,"errs.Internal(fmt.Errorf(""cleanup track audio uploads: %w"", err))","err := s.cleanupTrackUploadSessions(ctx, track.ID); err != nil"
internal/release/track.go,558,DeleteTrack,errs.Internal(err),err != nil
internal/release/track.go,599,SetTrackCredits,errs.Internal(err),"err := s.db.WithContext(ctx).Where(""id = ?"", req.Msg.TrackId).First(&track).Error; err != nil"
internal/release/track.go,610,SetTrackCredits,errs.Internal(err),err != nil
internal/release/track.go,616,SetTrackCredits,errs.Internal(err),err != nil
internal/release/track.go,640,ReorderTracks,errs.Internal(err),"err := s.db.WithContext(ctx).Where(""id = ?"", req.Msg.TrackIds[0]).First(&firstTrack).Error; err != nil"
internal/release/track.go,656,ReorderTracks,errs.Internal(err),"err := s.db.WithContext(ctx).
	Model(&model.Track{}).
	Where(""id IN ? AND release_id = ?"", req.Msg.TrackIds, firstTrack.ReleaseID).
	Count(&trackCount).Error; err != nil"
internal/release/track.go,668,ReorderTracks,errs.Internal(err),"err := s.db.WithContext(ctx).
	Model(&model.Track{}).
	Where(""release_id = ?"", firstTrack.ReleaseID).
	Count(&totalTracksInRelease).Error; err != nil"
internal/release/track.go,714,ReorderTracks,errs.Internal(err),err != nil
internal/release/track.go,723,ReorderTracks,errs.Internal(err),"err := s.db.WithContext(ctx).
	Where(""release_id = ?"", firstTrack.ReleaseID).
	Order(""track_number ASC"").
	Find(&tracks).Error; err != nil"
internal/release/track.go,730,ReorderTracks,errs.Internal(err),err != nil
internal/release/track_credit.go,34,validateTrackCreditArtists,errs.Internal(err),"err := s.db.WithContext(ctx).
	Model(&model.Artist{}).
	Select(""1"").
	Where(""id = ?"", *credit.ArtistId).
	Find(&artistExists).Error; err != nil"
internal/release/translation_interchange.go,30,LoadTypedTranslationInterchangeTarget,"errs.Internal(errors.New(""release translation interchange dependencies are not configured""))",tx == nil || store == nil
internal/routeregistry/routeregistry.go,88,IsPageRouteOccupiedByResource,errs.Internal(err),err := query.Count(&count).Error; err != nil
internal/routeregistry/routeregistry.go,102,isPageSlugOccupiedByResource,errs.Internal(err),"err := db.WithContext(ctx).
	Table(""page"").
	Where(""slug = ?"", strings.TrimSuffix(namespace, ""/"")+""/""+slug).
	Count(&count).Error; err != nil"
internal/securityaccess/recorder.go,120,Unavailable,"connect.NewError(
	connect.CodeUnavailable,
	errors.New(""personal data access record is temporarily unavailable""),
)",
internal/series/ai_document.go,330,applyAIDeletePost,errs.Internal(updated.Error),updated.Error != nil
internal/series/ai_document.go,386,persistAIDocumentMutation,errs.Internal(err),"err := tx.WithContext(ctx).Table(""series_translation"").Create(&model.SeriesTranslation{
	EntityID:	seriesID, Locale: locale, CreatedAt: now, UpdatedAt: now,
}).Error; err != nil"
internal/series/ai_document.go,393,persistAIDocumentMutation,errs.Internal(result.Error),result.Error != nil
internal/series/ai_document.go,409,persistAIDocumentMutation,errs.Internal(result.Error),result.Error != nil
internal/series/ai_document.go,419,persistAIDocumentMutation,errs.Internal(err),"err := tx.WithContext(ctx).Table(""series_translation"").Create(&model.SeriesTranslation{
	EntityID:	seriesID, Locale: locale, Title: mutation.localeTitle, Summary: mutation.localeSummary,
	ContentText:	cloneString(mutation.localeSummary), CreatedAt: updatedAt, UpdatedAt: updatedAt,
}).Error; err != nil"
internal/series/ai_document.go,429,persistAIDocumentMutation,errs.Internal(err),"err := tx.WithContext(ctx).Model(&model.Series{}).Where(""id = ?"", seriesID).
	Updates(structured.Fields{""slug"": *mutation.slug, ""updated_at"": now}).Error; err != nil"
internal/series/ai_document.go,439,persistAIDocumentMutation,errs.Internal(err),"err := tx.WithContext(ctx).Model(&model.Series{}).Where(""id = ?"", seriesID).
	Updates(structured.Fields{""status"": *mutation.status, ""updated_at"": now}).Error; err != nil"
internal/series/ai_document.go,489,loadAIDocumentState,errs.Internal(err),"err := tx.WithContext(ctx).Where(""id = ?"", seriesID).Take(&state.root).Error; err != nil"
internal/series/ai_document.go,504,loadAIDocumentState,errs.Internal(err),"err := tx.WithContext(ctx).Table(""series_translation"").Clauses(clause.Locking{Strength: ""UPDATE""}).
	Where(""entity_id = ? AND locale = ?"", seriesID, state.root.SourceLocale).
	Take(&state.source).Error; err != nil"
internal/series/ai_document.go,519,loadAIDocumentState,errs.Internal(err),locale == state.root.SourceLocale
internal/series/ai_document.go,524,loadAIDocumentState,errs.Internal(err),"err := tx.WithContext(ctx).Table(""post"").Where(""series_id = ?"", seriesID).
	Order(""series_order ASC, id ASC"").Pluck(""id"", &state.postIDs).Error; err != nil"
internal/series/ai_document.go,532,loadAIDocumentState,errs.Internal(err),err != nil
internal/series/ai_document.go,600,persistSeriesPostOrder,errs.Internal(result.Error),result.Error != nil
internal/series/ai_document_execution.go,290,applyAIDocumentCommand,"errs.InternalMsg(""Post Series AI document mutation did not advance an authoritative revision"")","next.documentRevision == state.documentRevision &&
	equalPostSeriesRevision(next.targetRevision, state.targetRevision)"
internal/series/authorization.go,70,requireSeriesPermissionAndLock,errs.Internal(err),err != nil
internal/series/authorization.go,178,requireFreshSeriesPlatformPermission,errs.Internal(err),err != nil
internal/series/authorization.go,231,lockSeriesRoot,errs.Internal(err),"err := tx.WithContext(ctx).Table(""series"").
	Clauses(clause.Locking{Strength: ""UPDATE""}).
	Select(""id"").
	Where(""id = ?"", seriesID).
	Take(&row).Error; err != nil"
internal/series/authorization.go,248,lockPostSeriesRelation,errs.Internal(err),"err := tx.WithContext(ctx).Table(""post"").
	Clauses(clause.Locking{Strength: ""UPDATE""}).
	Select(""series_id"").
	Where(""id = ?"", postID).
	Take(&row).Error; err != nil"
internal/series/authorization.go,268,lockSeriesOrderPosts,errs.Internal(err),"err := tx.WithContext(ctx).Table(""post"").
	Clauses(clause.Locking{Strength: ""UPDATE""}).
	Select(""id"").
	Where(""id IN ?"", orderedIDs).
	Order(""id ASC"").
	Find(&rows).Error; err != nil"
internal/series/authorization.go,282,compactSeriesPostOrders,errs.Internal(err),"err := tx.WithContext(ctx).Table(""post"").
	Where(""series_id = ?"", seriesID).
	Order(""series_order ASC, id ASC"").
	Pluck(""id"", &postIDs).Error; err != nil"
internal/series/authorization.go,292,compactSeriesPostOrders,errs.Internal(result.Error),result.Error != nil
internal/series/content_document.go,44,loadSeriesContentDocumentState,"errs.Internal(errors.New(""series content document database is required""))",db == nil
internal/series/content_document.go,57,loadSeriesContentDocumentState,errs.Internal(err),err := query.Take(&root).Error; err != nil
internal/series/content_document.go,77,loadSeriesContentDocumentState,errs.Internal(err),err := documentQuery.Take(&document).Error; err != nil
internal/series/content_document.go,101,parseSeriesContentDocumentUUID,"errs.Internal(fmt.Errorf(""invalid Series %s: %s"", field, normalized))",err != nil || parsed == uuid.Nil || parsed.String() != normalized
internal/series/content_document.go,108,createSeriesContentDocument,"errs.Internal(errors.New(""series content document transaction is required""))",tx == nil
internal/series/content_document.go,117,createSeriesContentDocument,errs.Internal(err),"err := tx.WithContext(ctx).Exec(
	`INSERT INTO content_document (id, profile, revision, created_at, updated_at)
		 VALUES (?, ?, ?, ?, ?)`,
	documentID, seriesContentDocumentProfile, revision, now.UTC(), now.UTC(),
).Error; err != nil"
internal/series/content_document.go,145,advanceSeriesContentDocument,errs.Internal(updated.Error),updated.Error != nil
internal/series/content_document.go,168,deleteSeriesContentDocument,errs.Internal(result.Error),result.Error != nil
internal/series/internal_collaboration.go,83,LoadDocument,errs.Wrap(err),err != nil
internal/series/internal_collaboration.go,189,SaveDocument,errs.Internal(err),err != nil
internal/series/internal_collaboration.go,211,SaveDocument,errs.Wrap(err),err != nil
internal/series/internal_collaboration.go,286,updatePostSeriesLocaleRow,errs.Internal(result.Error),result.Error != nil
internal/series/managers.go,34,GetSeriesWithManagers,errs.Internal(err),"err := s.db.WithContext(ctx).First(&series, ""id = ?"", req.Msg.Id).Error; err != nil"
internal/series/managers.go,42,GetSeriesWithManagers,errs.Internal(err),err != nil
internal/series/managers.go,49,GetSeriesWithManagers,errs.Internal(err),err != nil
internal/series/managers.go,55,GetSeriesWithManagers,"errs.InternalMsg(""series manager member was not found"")",summary == nil
internal/series/managers.go,89,ListSeriesManagers,errs.Internal(err),"err := s.db.WithContext(ctx).First(&series, ""id = ?"", req.Msg.SeriesId).Error; err != nil"
internal/series/managers.go,94,ListSeriesManagers,errs.Internal(err),err != nil
internal/series/managers.go,105,ListSeriesManagers,errs.Internal(err),err != nil
internal/series/managers.go,111,ListSeriesManagers,"errs.InternalMsg(""series manager member was not found"")",summary == nil
internal/series/managers.go,156,AddSeriesManager,errs.Internal(err),err != nil
internal/series/managers.go,213,RemoveSeriesManager,errs.Internal(err),err != nil
internal/series/posts.go,29,AssignPostToSeries,errs.Internal(err),"err := s.db.WithContext(ctx).Table(""post"").
	Select(""series_id"").Where(""id = ?"", req.Msg.PostId).Take(&observed).Error; err != nil"
internal/series/posts.go,134,nextSeriesPostOrder,errs.Internal(err),err != nil
internal/series/posts.go,146,updatePostSeriesAssignment,errs.Internal(result.Error),result.Error != nil
internal/series/posts.go,174,UnassignPostFromSeries,errs.Internal(result.Error),result.Error != nil
internal/series/posts.go,214,ReorderSeriesPosts,errs.Internal(err),"err := tx.Table(""post"").
	Where(""series_id = ?"", req.Msg.SeriesId).
	Order(""series_order ASC, id ASC"").
	Pluck(""id"", &currentPostIDs).Error; err != nil"
internal/series/posts.go,227,ReorderSeriesPosts,errs.Internal(result.Error),result.Error != nil
internal/series/service.go,136,ListSeriesPosts,errs.Internal(err),"err := s.db.WithContext(ctx).Transaction(func(tx *gorm.DB) error {
	if err := s.requireSeriesViewAndLock(ctx, tx, req.Msg.SeriesId); err != nil {
		return err
	}
	return tx.WithContext(ctx).
		Table(""post"").
		Select(""id, ""+s.postAccess.PostSourceTitleSQL()+"" AS title, slug, status, series_order, published_at"").
		Where(""series_id = ?"", req.Msg.SeriesId).
		Order(""series_order ASC NULLS LAST, created_at ASC"").
		Find(&posts).Error
}); err != nil"
internal/series/service.go,197,ListMySeries,errs.Internal(err),err := query.Count(&total).Error; err != nil
internal/series/service.go,213,ListMySeries,errs.Internal(err),err := query.Limit(int(limit)).Offset(int(offset)).Find(&seriesList).Error; err != nil
internal/series/service.go,257,ListSeriesAdmin,errs.Internal(err),err != nil
internal/series/service.go,276,ListSeriesAdmin,errs.Internal(err),err := query.Count(&total).Error; err != nil
internal/series/service.go,297,ListSeriesAdmin,errs.Internal(err),err := query.Limit(int(limit)).Offset(int(offset)).Find(&seriesList).Error; err != nil
internal/series/service.go,354,ListSeriesSimple,errs.Internal(err),err := query.Find(&seriesList).Error; err != nil
internal/series/service.go,415,CreateSeries,errs.Internal(err),err != nil
internal/series/service.go,469,CreateSeries,errs.Internal(err),err != nil
internal/series/service.go,503,CheckSeriesSlugAvailable,errs.Internal(canErr),canErr != nil
internal/series/service.go,540,DeleteSeries,errs.Internal(err),"err := tx.First(&series, ""id = ?"", req.Msg.Id).Error; err != nil"
internal/series/service.go,552,DeleteSeries,errs.Internal(err),err != nil
internal/series/service.go,558,DeleteSeries,"errs.InternalMsg(""series authorization relationships are missing"")",len(deleteRelationships) == 0
internal/series/service.go,565,DeleteSeries,errs.Internal(err),"err := tx.Table(""post"").
	Where(""series_id = ?"", series.ID).
	Order(""id ASC"").
	Pluck(""id"", &postIDs).Error; err != nil"
internal/series/service.go,573,DeleteSeries,errs.Internal(err),"err := tx.Table(""post"").
	Where(""series_id = ?"", series.ID).
	Updates(structured.Fields{""series_id"": nil, ""series_order"": nil}).Error; err != nil"
internal/series/service.go,584,DeleteSeries,errs.Internal(err),err := tx.Delete(&series).Error; err != nil
internal/series/service.go,623,SetSeriesFeaturedImage,errs.Internal(err),"err := tx.First(&series, ""id = ?"", req.Msg.SeriesId).Error; err != nil"
internal/series/service.go,637,SetSeriesFeaturedImage,errs.Internal(err),"err := tx.Model(&series).Updates(structured.Fields{
	""featured_image_file_id"":	req.Msg.FileId, ""updated_at"": time.Now().UTC(),
}).Error; err != nil"
internal/series/service.go,675,DeleteSeriesFeaturedImage,errs.Internal(err),"err := tx.First(&series, ""id = ?"", req.Msg.SeriesId).Error; err != nil"
internal/series/service.go,684,DeleteSeriesFeaturedImage,errs.Internal(err),"err := tx.Model(&series).Updates(structured.Fields{
	""featured_image_file_id"":	nil, ""updated_at"": time.Now().UTC(),
}).Error; err != nil"
internal/series/slug.go,22,isSlugAvailable,errs.Internal(err),err := query.Count(&count).Error; err != nil
internal/series/source_locale_document.go,70,LoadSourceLocaleDocumentStates,errs.Internal(result.Error),result.Error != nil
internal/series/translation_interchange.go,139,ApplyTranslationInterchange,errs.Internal(result.Error),result.Error != nil
internal/series/translation_interchange.go,149,ApplyTranslationInterchange,errs.Internal(err),"err := tx.WithContext(ctx).Table(""series_translation"").Create(&model.SeriesTranslation{
	EntityID:	mutation.SeriesID, Locale: mutation.TargetLocale,
	Title:	title, Summary: summary, ContentText: contentText,
	CreatedAt:	now, UpdatedAt: now,
}).Error; err != nil"
internal/series/translation_interchange.go,168,ApplyTranslationInterchange,"errs.InternalMsg(""Post Series XLIFF mutation did not advance target revision"")","!reloaded.exists || reloaded.revision == """" || reloaded.revision == current.revision"
internal/series/translation_interchange.go,198,loadSeriesInterchangeState,errs.Internal(result.Error),"result.Error != nil && !errors.Is(result.Error, gorm.ErrRecordNotFound)"
internal/series/translation_interchange.go,211,loadSeriesInterchangeState,errs.Internal(err),err != nil
internal/series/translation_persistence.go,32,ApplyProviderTranslationCandidateWithDB,"errs.Internal(errors.New(""post Series provider translation candidate is required""))","tx == nil || job == nil || job.EntityType != ""series"" || candidate == nil || !candidate.HasProviderUnitPatch()"
internal/series/translation_persistence.go,35,ApplyProviderTranslationCandidateWithDB,"errs.Internal(errors.New(""post Series provider translation Audit writer is required""))",auditWriter == nil
internal/series/translation_persistence.go,39,ApplyProviderTranslationCandidateWithDB,"errs.InternalMsg(""Post Series provider translation requires canonical requester Member"")",err != nil || memberID == uuid.Nil || memberID.String() != strings.TrimSpace(job.RequestedByMemberID)
internal/series/translation_persistence.go,43,ApplyProviderTranslationCandidateWithDB,"errs.InternalMsg(""Post Series provider translation time is required"")",now.IsZero()
internal/series/translation_persistence.go,81,ApplyProviderTranslationCandidateWithDB,errs.Internal(updated.Error),updated.Error != nil
internal/series/translation_persistence.go,95,ApplyProviderTranslationCandidateWithDB,errs.Internal(err),"err := tx.WithContext(ctx).Table(""series_translation"").Create(&model.SeriesTranslation{
	EntityID:	job.EntityID, Locale: job.TargetLocale, Title: nextTitle, Summary: nextSummary,
	ContentText:	nextContentText, CreatedAt: nextUpdatedAt, UpdatedAt: nextUpdatedAt,
}).Error; err != nil"
internal/series/update.go,122,applySeriesUpdate,errs.Internal(err),"err := tx.First(&series, ""id = ?"", request.Id).Error; err != nil"
internal/series/update.go,142,loadSeriesForUpdate,errs.Internal(err),err != nil
internal/series/update.go,199,applySeriesFields,errs.Internal(err),err != nil
internal/sharelink/manage.go,65,ListShareLinks,errs.Internal(err),"err := s.db.WithContext(ctx).
	Where(""entity_type = ? AND entity_id = ?"", req.Msg.EntityType.String(), req.Msg.EntityId).
	Order(""created_at DESC"").Find(&links).Error; err != nil"
internal/sharelink/manage.go,86,CreateShareLink,errs.Internal(err),"err := s.authority.Create(ctx, req.Msg.EntityType, req.Msg.EntityId, link, createRecord); err != nil"
internal/sharelink/manage.go,97,DeleteShareLink,errs.Internal(err),"err := s.db.WithContext(ctx).First(&link, ""id = ?"", req.Msg.Id).Error; err != nil"
internal/sharelink/manage.go,107,DeleteShareLink,errs.Internal(err),"err := s.authority.Delete(ctx, managev1.ShareLinkEntityType(value), link, deleteRecord); err != nil"
internal/sharelink/manage.go,133,build,errs.Internal(err),err != nil
internal/sharelink/manage.go,165,passwordHash,errs.Internal(err),err != nil
internal/sharelink/public/service.go,61,Validate,errs.Internal(err),"err := s.db.WithContext(ctx).First(&link, ""token = ?"", token).Error; err != nil"
internal/sharelink/public/service.go,72,Validate,errs.Internal(err),err != nil
internal/sharelink/public/service.go,92,Validate,errs.Internal(err),err != nil
internal/sharelink/public/service.go,118,Validate,errs.Internal(err),err != nil
internal/sitemap/public/service.go,267,loadSiteContext,errs.Internal(err),err != nil
internal/sitemap/public/service.go,270,loadSiteContext,"errs.Internal(fmt.Errorf(""SITE_ORIGIN is empty""))","s.canonicalOrigin == """""
internal/sitemap/public/service.go,293,buildPageRows,errs.Internal(err),err != nil
internal/sitemap/public/service.go,299,buildPageRows,errs.Internal(err),err != nil
internal/sitemap/public/service.go,305,buildPageRows,errs.Internal(err),err != nil
internal/sitemap/public/service.go,337,buildPostRows,errs.Internal(err),err != nil
internal/sitemap/public/service.go,348,buildWorkRows,errs.Internal(err),err != nil
internal/sitemap/public/service.go,359,buildArtistRows,errs.Internal(err),err != nil
internal/sitemap/public/service.go,370,buildLabelRows,errs.Internal(err),err != nil
internal/sitemap/public/service.go,381,buildReleaseRows,errs.Internal(err),err != nil
internal/sitemap/public/service.go,392,buildTaxonomyRows,errs.Internal(err),err != nil
internal/sitemap/public/service.go,396,buildTaxonomyRows,errs.Internal(err),err != nil
internal/sitesettings/mutation.go,29,SetSetting,errs.Internal(err),err != nil
internal/sitesettings/mutation.go,94,SetSetting,errs.Internal(err),err != nil
internal/sitesettings/mutation.go,106,SetManySettings,errs.Internal(err),err != nil
internal/sitesettings/mutation.go,120,SetManySettings,errs.Internal(err),err != nil
internal/sitesettings/mutation.go,131,AddSiteLoaderAsset,errs.Internal(err),err != nil
internal/sitesettings/mutation.go,184,AddSiteLoaderAsset,errs.Internal(err),err != nil
internal/sitesettings/mutation.go,195,RemoveSiteLoaderAsset,errs.Internal(err),err != nil
internal/sitesettings/mutation.go,231,RemoveSiteLoaderAsset,errs.Internal(err),err != nil
internal/sitesettings/public/service.go,60,Get,errs.Internal(err),err != nil
internal/sitesettings/public/service.go,64,Get,errs.Internal(err),err != nil
internal/sitesettings/public/service.go,68,Get,errs.Internal(err),err != nil
internal/sitesettings/public/service.go,72,Get,errs.Internal(err),err != nil
internal/sitesettings/read.go,24,GetSettings,errs.Internal(err),err != nil
internal/sitesettings/read.go,32,GetSettings,errs.Internal(err),err != nil
internal/sitesettings/read.go,98,GetSettings,errs.Internal(err),err != nil
internal/sitesettings/read.go,127,GetSetting,errs.Internal(err),err != nil
internal/sitesettings/read.go,134,GetSetting,errs.Internal(err),err != nil
internal/sitesettings/read.go,142,GetSetting,errs.Internal(err),err != nil
internal/testutil/s3_complete_failure_proxy_integration.go,51,newRuntimeS3CompleteFailureProxy,"http.Error(w, fmt.Sprintf(""S3 test proxy upstream failure: %v"", proxyErr), http.StatusBadGateway)",
internal/translation/application/domain_requirements.go,18,requireEditableTranslationDomain,"errs.InternalMsg(""translation domain registry is required"")",domains == nil
internal/translation/application/translation_entity_commands.go,75,SetEntitySourceLocale,"errs.InternalMsg(""translation domain registry is required"")",s.domains == nil
internal/translation/application/translation_entity_commands.go,153,RegenerateEntityTranslations,errs.Wrap(err),err != nil
internal/translation/application/translation_entity_commands.go,183,createRegeneratedTranslationJobs,"errs.InternalMsg(""translation domain registry is required"")",s.domains == nil
internal/translation/application/translation_entity_commands.go,199,createRegeneratedTranslationJobs,"errs.InternalMsg(""translation source document locale is required"")","sourceLocale == """""
internal/translation/application/translation_entity_commands.go,246,validateTranslationRegenerationWithDB,"errs.InternalMsg(""translation domain registry is required"")",s.domains == nil
internal/translation/application/translation_entity_commands.go,281,createRegeneratedTranslationJobWithDB,errs.Internal(err),err := validateTranslationJobRequester(&job); err != nil
internal/translation/application/translation_entity_commands.go,287,createRegeneratedTranslationJobWithDB,"errs.InternalMsg(""translation request artifact builder is required"")",buildArtifact == nil
internal/translation/application/translation_entity_commands.go,294,createRegeneratedTranslationJobWithDB,"errs.InternalMsg(""translation request artifact is incomplete"")",len(artifact.XLIFF) == 0 || len(artifact.Manifest) == 0
internal/translation/application/translation_entity_commands.go,297,createRegeneratedTranslationJobWithDB,"errs.InternalMsg(""translation request artifact digest is invalid"")","artifact.Digest != translation.RequestArtifactDigest(artifact.XLIFF, artifact.Manifest)"
internal/translation/application/translation_entity_commands.go,311,createRegeneratedTranslationJobWithDB,errs.Internal(err),err := validateTranslationJobRequester(&activeJobs[len(activeJobs)-1]); err != nil
internal/translation/application/translation_entity_query.go,24,listEntityTranslations,"errs.InternalMsg(""translation domain registry is required"")",s.domains == nil
internal/translation/application/translation_entity_query.go,36,listEntityTranslations,errs.Internal(err),err != nil
internal/translation/application/translation_entity_query.go,44,listEntityTranslations,errs.Internal(err),err != nil
internal/translation/application/translation_entity_query.go,49,listEntityTranslations,errs.Internal(err),err := rows.Err(); err != nil
internal/translation/application/translation_entity_query.go,66,getEntityTranslation,"errs.InternalMsg(""translation domain registry is required"")",s.domains == nil
internal/translation/application/translation_entity_query.go,78,getEntityTranslation,errs.Internal(err),err != nil
internal/translation/application/translation_entity_query.go,83,getEntityTranslation,errs.Internal(err),err := rows.Err(); err != nil
internal/translation/application/translation_entity_query.go,89,getEntityTranslation,errs.Internal(err),err != nil
internal/translation/application/translation_entity_query.go,101,resolveRequestedLocales,errs.Internal(err),err != nil
internal/translation/application/translation_job_commands.go,51,CancelTranslationJob,errs.Internal(result.Error),result.Error != nil
internal/translation/application/translation_job_commands.go,112,loadTranslationJobForCommand,errs.Internal(err),"err := query.First(&job, ""id = ?"", jobID).Error; err != nil"
internal/translation/application/translation_job_commands.go,115,loadTranslationJobForCommand,errs.Internal(err),err := validateTranslationJobRequester(&job); err != nil
internal/translation/application/translation_job_commands.go,123,requireAvailableTranslationProvider,errs.Internal(err),err != nil
internal/translation/application/translation_overview.go,96,getTranslationOverviewStats,errs.Internal(err),err := s.db.WithContext(ctx).Raw(query).Scan(&row).Error; err != nil
internal/translation/application/translation_overview.go,157,listTranslationLocaleHealth,errs.Internal(err),err := s.db.WithContext(ctx).Raw(query).Scan(&rows).Error; err != nil
internal/translation/application/translation_overview.go,242,listTranslationEntityHealth,errs.Internal(err),err := s.db.WithContext(ctx).Raw(query).Scan(&rows).Error; err != nil
internal/translation/application/translation_provider_config.go,93,ListTranslationProviders,errs.Internal(err),err := query.Count(&total).Error; err != nil
internal/translation/application/translation_provider_config.go,103,ListTranslationProviders,errs.Internal(err),"err := query.
	Order(""priority ASC, created_at ASC"").
	Limit(int(limit)).
	Offset(int(offset)).
	Find(&providers).Error; err != nil"
internal/translation/application/translation_provider_config.go,126,CreateTranslationProvider,errs.Internal(err),err != nil
internal/translation/application/translation_provider_config.go,161,CreateTranslationProvider,"errs.Internal(fmt.Errorf(""failed to set translation provider config: %w"", err))",err := provider.SetConfig(config); err != nil
internal/translation/application/translation_provider_config.go,176,CreateTranslationProvider,errs.Wrap(err),"err := s.db.WithContext(ctx).Transaction(func(tx *gorm.DB) error {
	if err := identitystate.RequireFreshAdminCan(ctx, tx, s.spiceDB, providerCan); err != nil {
		return err
	}
	name := strings.TrimSpace(req.Msg.Name)
	if name == """" {
		return errs.Required(""name"")
	}
	if len(name) > 255 {
		return errs.InvalidArgument(""name"", ""must be at most 255 characters"")
	}

	providerType := protoToModelTranslationProviderType(req.Msg.Type)
	if providerType == """" {
		return errs.InvalidArgument(""type"", ""invalid translation provider type"")
	}
	config, err := buildTranslationProviderConfig(providerType, req.Msg.GetLlmConfig(), req.Msg.GetDeeplConfig(), nil)
	if err != nil {
		return errs.InvalidArgument(""config"", err.Error())
	}

	now := time.Now().UTC()
	provider = &model.TranslationProviderConfig{
		Name:		name,
		Type:		providerType,
		IsActive:	req.Msg.IsActive,
		Priority:	int(req.Msg.GetPriority()),
		CreatedAt:	now,
		UpdatedAt:	now,
	}
	if err := provider.SetConfig(config); err != nil {
		return errs.Internal(fmt.Errorf(""failed to set translation provider config: %w"", err))
	}
	if _, err := newTranslationGeneratorFromProvider(provider); err != nil {
		return errs.InvalidArgument(""config"", err.Error())
	}
	if err := tx.Omit(""ID"").Clauses(clause.Returning{}).Create(provider).Error; err != nil {
		return err
	}
	if s.auditWriter == nil {
		return nil
	}
	return domainaudit.AppendRequest(ctx, tx, s.auditWriter, sharedtelemetry.AuditTranslationProviderCreated, func(metadata sharedtelemetry.AuditMetadata) (sharedtelemetry.AuditRecord, error) {
		return sharedtelemetry.NewTranslationProviderCreatedAuditRecord(metadata, provider.ID)
	})
}); err != nil"
internal/translation/application/translation_provider_config.go,190,UpdateTranslationProvider,errs.Internal(err),err != nil
internal/translation/application/translation_provider_config.go,251,UpdateTranslationProvider,"errs.Internal(fmt.Errorf(""failed to set translation provider config: %w"", err))",err := candidate.SetConfig(config); err != nil
internal/translation/application/translation_provider_config.go,307,UpdateTranslationProvider,errs.Internal(err),err != nil
internal/translation/application/translation_provider_config.go,330,DeleteTranslationProvider,errs.Internal(err),err != nil
internal/translation/application/translation_provider_config.go,355,DeleteTranslationProvider,errs.Wrap(err),"err := s.db.WithContext(ctx).Transaction(func(tx *gorm.DB) error {
	if err := tx.Clauses(clause.Locking{Strength: ""UPDATE""}).First(&provider, ""id = ?"", providerID).Error; err != nil {
		return err
	}
	if err := identitystate.RequireFreshAdminCan(ctx, tx, s.spiceDB, providerCan); err != nil {
		return err
	}
	if err := tx.Delete(&provider).Error; err != nil {
		return err
	}
	if s.auditWriter == nil {
		return nil
	}
	return domainaudit.AppendRequest(ctx, tx, s.auditWriter, sharedtelemetry.AuditTranslationProviderDeleted, func(metadata sharedtelemetry.AuditMetadata) (sharedtelemetry.AuditRecord, error) {
		return sharedtelemetry.NewTranslationProviderDeletedAuditRecord(metadata, provider.ID)
	})
}); err != nil"
internal/translation/application/translation_provider_config.go,367,requireTranslationPlatformCan,errs.Internal(canErr),canErr != nil
internal/translation/application/translation_query_authorization.go,86,authorizeTranslationJobList,"errs.InternalMsg(""translation domain registry is required"")",s.domains == nil
internal/translation/application/translation_query_authorization.go,128,authorizeTranslationRead,"errs.InternalMsg(""translation domain registry is required"")",s.domains == nil
internal/translation/application/translation_service.go,177,ListTranslationLocales,errs.Internal(err),err != nil
internal/translation/application/translation_service.go,228,GetTranslationSettings,errs.Internal(err),err != nil
internal/translation/application/translation_service.go,232,GetTranslationSettings,errs.Internal(err),err != nil
internal/translation/application/translation_service.go,252,UpdateTranslationSettings,errs.Internal(err),err != nil
internal/translation/application/translation_service.go,256,UpdateTranslationSettings,errs.Wrap(err),err != nil
internal/translation/application/translation_service.go,363,ListTranslationJobs,errs.Internal(err),err := query.Count(&total).Error; err != nil
internal/translation/application/translation_service.go,372,ListTranslationJobs,errs.Internal(err),err := query.Limit(int(limit)).Offset(int(offset)).Find(&jobs).Error; err != nil
internal/translation/application/translation_service.go,381,ListTranslationJobs,errs.Internal(err),err := validateTranslationJobRequester(&job); err != nil
internal/translation/application/translation_source_locale_update.go,65,validateRequestedSourceLocale,errs.Internal(err),"_, err := localization.NewCatalog(db).Find(ctx, locale); err != nil"
internal/translation/application/translation_source_locale_update.go,124,loadTranslationDocumentAuthority,errs.Internal(result.Error),result.Error != nil
internal/translation/application/translation_source_locale_update.go,142,lockSourceLocaleSwitch,"errs.InternalMsg(""translation domain registry is required"")",s.domains == nil
internal/translation/application/translation_source_locale_update.go,173,performSourceLocaleSwitch,"errs.InternalMsg(""Content Document store is required"")",state.contentBlocks == nil
internal/translation/application/translation_source_locale_update.go,188,performSourceLocaleSwitch,"errs.InternalMsg(""authenticated translation requester Member is invalid"")",parseErr != nil || contributor == uuid.Nil || contributor.String() != state.contributorMemberID
internal/translation/application/translation_source_locale_update.go,228,performSourceLocaleSwitch,errs.Internal(updated.Error),updated.Error != nil
internal/translation/application/translation_source_locale_update.go,267,listSourceSwitchLocales,errs.Internal(err),"err := tx.WithContext(ctx).Table(entryTable).
	Where(""entity_id = ?"", entityID).Pluck(""locale"", &entryLocales).Error; err != nil"
internal/translation/application/translation_source_locale_update.go,276,listSourceSwitchLocales,errs.Internal(err),"err := tx.WithContext(ctx).Raw(
	`SELECT DISTINCT locale FROM content_block_locale
		 WHERE block_id IN (SELECT id FROM content_block WHERE document_id = ?)`,
	documentID,
).Scan(&blockLocales).Error; err != nil"
internal/translation/application/translation_source_locale_update.go,306,requestSourceLocaleSwitchOg,"errs.InternalMsg(""translation domain registry is required"")",s.domains == nil
internal/translation/application/translation_source_locale_update.go,321,appendSourceLocaleSwitchAudit,"errs.InternalMsg(""translation domain registry is required"")",s.domains == nil
internal/translation/application/translation_xliff_interchange.go,156,ExportEntityTranslationXLIFF,errs.Internal(stateErr),"stateErr = validateTranslationInterchangeTargetState(state, plan); stateErr != nil"
internal/translation/application/translation_xliff_interchange.go,170,ExportEntityTranslationXLIFF,errs.Internal(marshalErr),marshalErr != nil
internal/translation/application/translation_xliff_interchange.go,189,ExportEntityTranslationXLIFF,errs.Internal(err),err != nil
internal/translation/application/translation_xliff_interchange.go,192,ExportEntityTranslationXLIFF,errs.Internal(err),"err := validateTranslationXLIFFArtifactRef(ref, s.now().UTC()); err != nil"
internal/translation/application/translation_xliff_interchange.go,227,ImportEntityTranslationXLIFF,errs.Wrap(err),err != nil
internal/translation/application/translation_xliff_interchange.go,271,ImportEntityTranslationXLIFF,"errs.InternalMsg(""translation interchange apply returned no target revision"")","result.Revision == """""
internal/translation/application/translation_xliff_interchange.go,297,requireTranslationInterchangeView,"errs.InternalMsg(""translation domain registry is required"")",s.domains == nil
internal/translation/application/translation_xliff_interchange.go,311,requireTranslationInterchangeEdit,"errs.InternalMsg(""translation domain registry is required"")",s.domains == nil
internal/translation/application/translation_xliff_interchange.go,340,validateTranslationInterchangeRequest,errs.Internal(err),"_, err := localization.NewCatalog(s.db).Find(ctx, targetLocale); err != nil"
internal/translation/application/translation_xliff_interchange.go,360,buildTranslationInterchangePlan,"errs.InternalMsg(""translation domain registry is required"")",s.domains == nil
internal/translation/application/translation_xliff_interchange.go,382,mapTranslationInterchangeBuildError,errs.Internal(err),
internal/work/ai_document.go,294,loadWorkAIDocumentRoot,errs.Internal(err),err := query.Take(&root).Error; err != nil
internal/work/ai_document.go,301,loadWorkAIDocumentRoot,"errs.InternalMsg(""Work content document ID is invalid"")",err != nil || documentID == uuid.Nil
internal/work/ai_document.go,328,applyWorkAIDocumentMetadata,errs.Internal(err),"err := tx.WithContext(ctx).
	Table(""work"").
	Clauses(clause.Locking{Strength: ""UPDATE""}).
	Select(""source_locale"").
	Where(""id = ?"", workID).
	Take(&source).Error; err != nil"
internal/work/ai_document.go,364,applyWorkAIDocumentMetadata,errs.Internal(err),"err := tx.WithContext(ctx).Exec(`
		INSERT INTO work_translation (entity_id, locale, title, summary, created_at, updated_at)
		VALUES (?, ?, ?, ?, ?, ?)
		ON CONFLICT (entity_id, locale) DO UPDATE SET
			title = EXCLUDED.title, summary = EXCLUDED.summary, updated_at = EXCLUDED.updated_at
	`, workID, locale, nextTitle, nextSummary, now, now).Error; err != nil"
internal/work/ai_document.go,387,loadWorkAIDocumentLocaleForUpdate,errs.Internal(result.Error),result.Error != nil
internal/work/ai_document.go,421,lockWorkAIDocumentPrincipal,errs.Internal(err),err != nil
internal/work/authorization.go,73,requireWorkCreate,errs.Internal(err),err != nil
internal/work/authorization.go,81,requireWorkList,errs.Internal(err),err != nil
internal/work/authorization.go,89,requireLockedWorkCreate,errs.Internal(err),err != nil
internal/work/authorization.go,149,lockWorkAuthorizationRoot,errs.Internal(err),"err := tx.WithContext(ctx).Table(""work"").
	Clauses(clause.Locking{Strength: ""UPDATE""}).
	Select(""id"", ""status"").Where(""id = ?"", workID).Take(&work).Error; err != nil"
internal/work/authorization.go,172,requireLockedWorkPermission,errs.Internal(err),err != nil
internal/work/content_block_translation.go,206,applyWorkProviderSourceCandidate,"errs.InternalMsg(""provider source Work translation did not advance source state"")",!result.TranslationSourceChanged
internal/work/content_document.go,50,normalizeWorkContentBlockError,"errs.Internal(fmt.Errorf(""work content document: %w"", err))",
internal/work/content_document.go,76,loadWorkContentDocumentID,errs.Internal(result.Error),result.Error != nil
internal/work/content_document.go,83,loadWorkContentDocumentID,errs.Internal(err),err != nil
internal/work/content_document.go,104,loadWorkContentDocumentIDForRead,errs.Internal(result.Error),result.Error != nil
internal/work/content_document.go,111,loadWorkContentDocumentIDForRead,errs.Internal(err),err != nil
internal/work/content_document.go,151,requireWorkLoadPrincipal,errs.Internal(err),err != nil
internal/work/content_document.go,164,requireWorkLoadPrincipal,errs.Internal(err),err != nil
internal/work/content_document.go,177,requireWorkLoadPrincipal,"errs.Internal(fmt.Errorf(""lock Work collaboration session: %w"", err))","err := auth.LockAuthenticatedSessionForPrincipal(ctx, db, principalMessage.GetSessionId(), principal); err != nil"
internal/work/credit_order.go,44,loadWorkCreditRows,errs.Internal(err),err != nil
internal/work/credit_order.go,359,validateWorkCreditMoveAnchors,errs.Internal(err),"err := tx.WithContext(ctx).Model(&model.WorkCreditGroup{}).Where(""id = ?"", parsedID.String()).Count(&groupCount).Error; err != nil"
internal/work/credit_order.go,362,validateWorkCreditMoveAnchors,errs.Internal(err),"err := tx.WithContext(ctx).Model(&model.WorkCredit{}).Where(""id = ?"", parsedID.String()).Count(&creditCount).Error; err != nil"
internal/work/credited_listing.go,52,ListMyCreditedWorks,errs.Internal(err),"err := s.db.WithContext(ctx).Raw(`
		SELECT artist_id::text FROM artist_owner WHERE member_id = ?::uuid
		UNION
		SELECT artist_id::text FROM artist_manager WHERE member_id = ?::uuid
	`, memberID, memberID).Scan(&artistIDs).Error; err != nil"
internal/work/credited_listing.go,80,ListMyCreditedWorks,errs.Internal(err),err := query.Count(&total).Error; err != nil
internal/work/credited_listing.go,108,ListMyCreditedWorks,errs.Internal(err),err != nil
internal/work/credited_listing.go,112,ListMyCreditedWorks,"errs.InternalMsg(""Work Member summary loader is not configured"")",s.members == nil
internal/work/credited_listing.go,116,ListMyCreditedWorks,errs.Internal(err),err != nil
internal/work/credited_listing.go,159,projectCreditedWork,"errs.InternalMsg(""credited member is missing"")",memberSummary == nil
internal/work/credits.go,35,GetWorkCredits,errs.Internal(err),"err := s.db.WithContext(ctx).
	Where(""id = ?"", req.Msg.WorkId).
	First(&work).Error; err != nil"
internal/work/credits.go,49,GetWorkCredits,errs.Wrap(err),"err := s.db.WithContext(ctx).Transaction(func(tx *gorm.DB) error {
	var err error
	groups, credits, order, err = loadWorkCreditRows(ctx, tx, req.Msg.WorkId)
	return err
}, &sql.TxOptions{Isolation: sql.LevelRepeatableRead, ReadOnly: true}); err != nil"
internal/work/credits.go,167,MoveWorkCreditItem,errs.Internal(err),err != nil
internal/work/credits.go,209,CreateWorkCreditGroup,errs.Internal(err),"err := s.db.WithContext(ctx).First(&work, ""id = ?"", req.Msg.WorkId).Error; err != nil"
internal/work/credits.go,248,CreateWorkCreditGroup,errs.Internal(err),"err := s.db.WithContext(ctx).Transaction(func(tx *gorm.DB) error {
	if err := s.lockWorkAdmin(ctx, tx, group.WorkID); err != nil {
		return err
	}
	_, _, order, err := loadWorkCreditRows(ctx, tx, group.WorkID)
	if err != nil {
		return err
	}
	group.SortOrder = 0
	if err := tx.Clauses(clause.Returning{Columns: []clause.Column{{Name: ""id""}}}).Create(&group).Error; err != nil {
		return err
	}
	order = append(order, workCreditOrderEntry{
		kind:	managev1.WorkCreditItemKind_WORK_CREDIT_ITEM_KIND_GROUP,
		id:	group.ID,
	})
	if err := persistWorkCreditOrder(ctx, tx, group.WorkID, order); err != nil {
		return err
	}
	return s.appendWorkAudit(ctx, tx, func(metadata sharedtelemetry.AuditMetadata) (sharedtelemetry.AuditRecord, error) {
		return sharedtelemetry.NewWorkCreditAuditRecord(metadata, group.WorkID, group.ID, sharedtelemetry.AuditItemOperationCreated)
	})
}); err != nil"
internal/work/credits.go,265,UpdateWorkCreditGroup,errs.Internal(err),"err := s.db.WithContext(ctx).First(&group, ""id = ?"", req.Msg.GroupId).Error; err != nil"
internal/work/credits.go,306,UpdateWorkCreditGroup,errs.Internal(err),"err := s.db.WithContext(ctx).Transaction(func(tx *gorm.DB) error {
	if err := s.lockWorkAdmin(ctx, tx, group.WorkID); err != nil {
		return err
	}
	if err := tx.Clauses(clause.Locking{Strength: ""UPDATE""}).First(&group, ""id = ? AND work_id = ?"", group.ID, group.WorkID).Error; err != nil {
		if err == gorm.ErrRecordNotFound {
			return errs.NotFound(""credit_group"", group.ID)
		}
		return err
	}
	if name, ok := updates[""name""].(string); ok && name == group.Name {
		delete(updates, ""name"")
	}
	if len(updates) == 0 {
		return nil
	}
	if err := tx.Model(&group).Updates(updates).Error; err != nil {
		return err
	}
	return s.appendWorkAudit(ctx, tx, func(metadata sharedtelemetry.AuditMetadata) (sharedtelemetry.AuditRecord, error) {
		return sharedtelemetry.NewWorkCreditAuditRecord(metadata, group.WorkID, group.ID, sharedtelemetry.AuditItemOperationUpdated)
	})
}); err != nil"
internal/work/credits.go,310,UpdateWorkCreditGroup,errs.Internal(err),"err := s.db.WithContext(ctx).First(&group, ""id = ?"", req.Msg.GroupId).Error; err != nil"
internal/work/credits.go,326,DeleteWorkCreditGroup,errs.Internal(err),"err := s.db.WithContext(ctx).First(&group, ""id = ?"", req.Msg.GroupId).Error; err != nil"
internal/work/credits.go,379,DeleteWorkCreditGroup,errs.Internal(err),"err := s.db.WithContext(ctx).Transaction(func(tx *gorm.DB) error {
	if err := s.lockWorkAdmin(ctx, tx, group.WorkID); err != nil {
		return err
	}
	if err := tx.Clauses(clause.Locking{Strength: ""UPDATE""}).First(&group, ""id = ? AND work_id = ?"", group.ID, group.WorkID).Error; err != nil {
		if err == gorm.ErrRecordNotFound {
			return errs.NotFound(""credit_group"", group.ID)
		}
		return err
	}
	groups, credits, order, err := loadWorkCreditRows(ctx, tx, group.WorkID)
	if err != nil {
		return err
	}
	if !hasWorkCreditGroup(groups, group.ID) {
		return errs.NotFound(""credit_group"", group.ID)
	}
	for index := range order {
		if order[index].kind == managev1.WorkCreditItemKind_WORK_CREDIT_ITEM_KIND_CREDIT &&
			order[index].groupID != nil && *order[index].groupID == group.ID {
			order[index].groupID = nil
		}
	}
	for _, credit := range credits {
		if credit.GroupID != nil && *credit.GroupID == group.ID {
			if err := tx.Model(&model.WorkCredit{}).
				Where(""id = ? AND work_id = ?"", credit.ID, group.WorkID).
				Update(""group_id"", nil).Error; err != nil {
				return err
			}
		}
	}
	if err := tx.Delete(&group).Error; err != nil {
		return err
	}
	order = removeWorkCreditOrderEntry(order, managev1.WorkCreditItemKind_WORK_CREDIT_ITEM_KIND_GROUP, group.ID)
	if err := persistWorkCreditOrder(ctx, tx, group.WorkID, order); err != nil {
		return err
	}
	return s.appendWorkAudit(ctx, tx, func(metadata sharedtelemetry.AuditMetadata) (sharedtelemetry.AuditRecord, error) {
		return sharedtelemetry.NewWorkCreditAuditRecord(metadata, group.WorkID, group.ID, sharedtelemetry.AuditItemOperationDeleted)
	})
}); err != nil"
internal/work/credits.go,398,AddWorkCredit,errs.Internal(err),"err := s.db.WithContext(ctx).First(&work, ""id = ?"", req.Msg.WorkId).Error; err != nil"
internal/work/credits.go,459,AddWorkCredit,errs.Internal(err),"err := s.db.WithContext(ctx).Transaction(func(tx *gorm.DB) error {
	if err := s.lockWorkAdmin(ctx, tx, credit.WorkID); err != nil {
		return err
	}
	_, _, order, err := loadWorkCreditRows(ctx, tx, credit.WorkID)
	if err != nil {
		return err
	}
	if credit.GroupID != nil {
		if err := validateCreditGroupOwnershipWithDB(ctx, tx, credit.WorkID, *credit.GroupID); err != nil {
			return err
		}
	}
	credit.SortOrder = 0
	if req.Msg.MemberId != nil {
		if err := authorizationtarget.LockReferences(ctx, tx, []authorizationtarget.Reference{{
			MemberID:	*req.Msg.MemberId,
			Field:		""member_id"",
		}}); err != nil {
			return err
		}
	}
	if err := tx.Clauses(clause.Returning{Columns: []clause.Column{{Name: ""id""}}}).Create(&credit).Error; err != nil {
		return err
	}
	order = insertWorkCreditAtGroupEnd(order, workCreditOrderEntry{
		kind:		managev1.WorkCreditItemKind_WORK_CREDIT_ITEM_KIND_CREDIT,
		id:		credit.ID,
		groupID:	cloneGroupID(credit.GroupID),
	})
	if err := persistWorkCreditOrder(ctx, tx, credit.WorkID, order); err != nil {
		return err
	}
	return s.appendWorkAudit(ctx, tx, func(metadata sharedtelemetry.AuditMetadata) (sharedtelemetry.AuditRecord, error) {
		return sharedtelemetry.NewWorkCreditAuditRecord(metadata, credit.WorkID, credit.ID, sharedtelemetry.AuditItemOperationCreated)
	})
}); err != nil"
internal/work/credits.go,476,UpdateWorkCredit,errs.Internal(err),"err := s.db.WithContext(ctx).First(&credit, ""id = ?"", req.Msg.CreditId).Error; err != nil"
internal/work/credits.go,536,UpdateWorkCredit,errs.Internal(err),"err := s.db.WithContext(ctx).Transaction(func(tx *gorm.DB) error {
	if err := s.lockWorkAdmin(ctx, tx, credit.WorkID); err != nil {
		return err
	}
	if err := tx.Clauses(clause.Locking{Strength: ""UPDATE""}).First(&credit, ""id = ? AND work_id = ?"", credit.ID, credit.WorkID).Error; err != nil {
		if err == gorm.ErrRecordNotFound {
			return errs.NotFound(""credit"", credit.ID)
		}
		return err
	}

	_, _, order, err := loadWorkCreditRows(ctx, tx, credit.WorkID)
	if err != nil {
		return err
	}
	updates := structured.Fields{}
	var targetGroupID *string
	groupChanged := false
	if req.Msg.GroupId != nil {
		requestedGroupID := strings.TrimSpace(*req.Msg.GroupId)
		if requestedGroupID != """" {
			if err := validateCreditGroupOwnershipWithDB(ctx, tx, credit.WorkID, requestedGroupID); err != nil {
				return err
			}
			targetGroupID = &requestedGroupID
		}
		groupChanged = !sameOptionalString(credit.GroupID, targetGroupID)
		if groupChanged {
			updates[""group_id""] = targetGroupID
		}
	}
	if req.Msg.CreditRole != nil && (credit.CreditRole == nil || *req.Msg.CreditRole != *credit.CreditRole) {
		updates[""credit_role""] = *req.Msg.CreditRole
	}
	if len(updates) == 0 {
		return nil
	}
	if err := tx.Model(&credit).Updates(updates).Error; err != nil {
		return err
	}
	if groupChanged {
		order, _ = moveWorkCreditOrder(order, credit.ID, targetGroupID, nil, nil)
		if err := persistWorkCreditOrder(ctx, tx, credit.WorkID, order); err != nil {
			return err
		}
	}
	return s.appendWorkAudit(ctx, tx, func(metadata sharedtelemetry.AuditMetadata) (sharedtelemetry.AuditRecord, error) {
		return sharedtelemetry.NewWorkCreditAuditRecord(metadata, credit.WorkID, credit.ID, sharedtelemetry.AuditItemOperationUpdated)
	})
}); err != nil"
internal/work/credits.go,541,UpdateWorkCredit,errs.Internal(err),"err := s.db.WithContext(ctx).First(&credit, ""id = ?"", req.Msg.CreditId).Error; err != nil"
internal/work/credits.go,558,DeleteWorkCredit,errs.Internal(err),"err := s.db.WithContext(ctx).First(&credit, ""id = ?"", req.Msg.CreditId).Error; err != nil"
internal/work/credits.go,593,DeleteWorkCredit,errs.Internal(err),"err := s.db.WithContext(ctx).Transaction(func(tx *gorm.DB) error {
	if err := s.lockWorkAdmin(ctx, tx, credit.WorkID); err != nil {
		return err
	}
	if err := tx.Clauses(clause.Locking{Strength: ""UPDATE""}).First(&credit, ""id = ? AND work_id = ?"", credit.ID, credit.WorkID).Error; err != nil {
		if err == gorm.ErrRecordNotFound {
			return errs.NotFound(""credit"", credit.ID)
		}
		return err
	}
	_, _, order, err := loadWorkCreditRows(ctx, tx, credit.WorkID)
	if err != nil {
		return err
	}
	if err := tx.Delete(&credit).Error; err != nil {
		return err
	}
	order = removeWorkCreditOrderEntry(order, managev1.WorkCreditItemKind_WORK_CREDIT_ITEM_KIND_CREDIT, credit.ID)
	if err := persistWorkCreditOrder(ctx, tx, credit.WorkID, order); err != nil {
		return err
	}
	return s.appendWorkAudit(ctx, tx, func(metadata sharedtelemetry.AuditMetadata) (sharedtelemetry.AuditRecord, error) {
		return sharedtelemetry.NewWorkCreditAuditRecord(metadata, credit.WorkID, credit.ID, sharedtelemetry.AuditItemOperationDeleted)
	})
}); err != nil"
internal/work/credits.go,624,validateCreditGroupOwnershipWithDB,errs.Internal(err),"err := db.WithContext(ctx).
	Model(&model.WorkCreditGroup{}).
	Where(""id = ? AND work_id = ?"", groupID, workID).
	Count(&count).Error; err != nil"
internal/work/dependencies.go,107,requireDocumentContributors,"errs.Internal(fmt.Errorf(""lock Work save contributor Members: %w"", err))","err := tx.WithContext(ctx).
	Table(""member"").
	Clauses(clause.Locking{Strength: ""KEY SHARE""}).
	Select(""id::text"").
	Where(""id IN ?"", normalized).
	Find(&locked).Error; err != nil"
internal/work/helpers.go,132,loadReadyManageOgAssetRefs,errs.Internal(err),err != nil
internal/work/internal_service.go,101,requireContentBlockStore,"errs.InternalMsg(""Work content Block store is not configured"")",s.contentBlocks == nil
internal/work/internal_service.go,114,LoadWorkBlockDocument,"errs.InternalMsg(""Work Block media hydrator is not configured"")",s.mediaHydrator == nil
internal/work/internal_service.go,165,LoadWorkBlockDocument,errs.Internal(err),err != nil
internal/work/lifecycle.go,23,RequireExists,errs.Internal(err),"err := db.WithContext(ctx).Select(""id"").Take(&work, ""id = ?"", workID).Error; err != nil"
internal/work/locale_metadata.go,49,loadWorkSourceLocaleMetadataByWorkID,errs.Internal(result.Error),result.Error != nil
internal/work/locale_metadata.go,95,createInitialWorkSourceLocaleMetadata,"errs.InternalMsg(""invalid initial Work source locale"")","strings.TrimSpace(sourceLocale) == """""
internal/work/locale_metadata.go,115,createInitialWorkSourceLocaleMetadata,errs.Internal(err),"err := db.WithContext(ctx).Exec(`
		INSERT INTO work_translation (
			entity_id,
			locale,
			title,
			summary,
			created_at,
			updated_at
		) VALUES (?, ?, ?, ?, ?, ?)
	`,
	workID,
	sourceLocale,
	title,
	summary,
	now,
	now,
).Error; err != nil"
internal/work/locale_metadata_mutation.go,87,applyWorkLocaleMetadataMutation,errs.Internal(err),"err := tx.WithContext(ctx).
	Table(""work"").
	Clauses(clause.Locking{Strength: ""UPDATE""}).
	Select(""source_locale"").
	Where(""id = ?"", workID).
	Take(&root).Error; err != nil"
internal/work/locale_metadata_mutation.go,100,applyWorkLocaleMetadataMutation,errs.Internal(result.Error),result.Error != nil
internal/work/locale_metadata_mutation.go,142,applyWorkLocaleMetadataMutation,errs.Internal(update.Error),update.Error != nil
internal/work/projection.go,37,CheckWorkSlugAvailable,errs.Internal(err),"err := s.db.WithContext(ctx).Select(""id"", ""status"").Take(&work, ""id = ?"", *req.Msg.ExcludeWorkId).Error; err != nil"
internal/work/projection.go,58,CheckWorkSlugAvailable,errs.Internal(err),err := query.Count(&count).Error; err != nil
internal/work/projection.go,134,getWorkClients,errs.Internal(err),err != nil
internal/work/projection.go,199,hydrateWorkContentProjection,"errs.InternalMsg(""Work is required"")",work == nil
internal/work/projection.go,202,hydrateWorkContentProjection,"errs.InternalMsg(""Work content Block store is not configured"")",s.contentBlocks == nil
internal/work/projection.go,205,hydrateWorkContentProjection,"errs.InternalMsg(""Work Block media hydrator is not configured"")",s.mediaHydrator == nil
internal/work/projection.go,271,LoadLocalizedWorkContentProjectionForPublic,"errs.InternalMsg(""Work content projection dependencies are required"")",tx == nil || store == nil
internal/work/projection.go,368,normalizeMapPlaceID,errs.Internal(err),"err := s.db.WithContext(ctx).
	Table(""map_place"").
	Where(""id = ?"", mapPlaceID).
	Count(&count).Error; err != nil"
internal/work/public/draft_access.go,66,requireDraftShareLinkAccess,"errs.Internal(fmt.Errorf(""validate %s share link: %w"", entityName, err))",err != nil
internal/work/public/draft_access.go,76,requireDraftShareLinkAccess,"errs.Internal(fmt.Errorf(""validate %s share link: %w"", entityName, err))",err != nil
internal/work/public/service.go,188,List,errs.Internal(err),err := query.Count(&total).Error; err != nil
internal/work/public/service.go,206,List,errs.Internal(err),err := query.Find(&works).Error; err != nil
internal/work/public/service.go,285,ListMapFeatures,errs.Internal(err),err := query.Find(&rows).Error; err != nil
internal/work/public/service.go,306,buildWorkResponse,"errs.InternalMsg(""Work content Block store is not configured"")",s.blocks == nil
internal/work/public/service.go,329,buildWorkResponse,errs.Internal(loadErr),loadErr != nil
internal/work/public/service.go,340,buildWorkResponse,"errs.Internal(fmt.Errorf(""check work draft view permission: %w"", permissionErr))",permissionErr != nil
internal/work/public/service.go,370,buildWorkResponse,"errs.InternalMsg(""Work source locale is not initialized"")",sourceState == nil
internal/work/public/service.go,375,buildWorkResponse,errs.Internal(loadErr),loadErr != nil
internal/work/public/service.go,384,buildWorkResponse,errs.Internal(loadErr),loadErr != nil
internal/work/public/service.go,455,buildWorkResponse,errs.Internal(err),err != nil
internal/work/public/service.go,480,buildWorkResponse,errs.Internal(err),err != nil
internal/work/public/service.go,564,overlayRequiredSourceStatesForPublicWorks,"errs.InternalMsg(""internal server error"")",sourceState == nil
internal/work/public/service.go,587,requireSourceRowsForPublicWorkMap,"errs.InternalMsg(""internal server error"")",sourceStates[workID] == nil
internal/work/public/service.go,799,loadWorkPublicRelationsSnapshot,errs.Internal(err),"err := tx.WithContext(ctx).
	Where(""work_id = ?"", work.ID).
	Order(""sort_order ASC"").
	Find(&snapshot.Credits).Error; err != nil"
internal/work/service.go,254,GetWork,errs.Internal(err),"err := s.db.WithContext(ctx).
	Where(""id = ?"", req.Msg.Id).
	First(&work).Error; err != nil"
internal/work/service.go,329,ListWorksAdmin,errs.Internal(err),err := query.Count(&total).Error; err != nil
internal/work/service.go,343,ListWorksAdmin,errs.Internal(err),err := query.Limit(int(pg.Limit)).Offset(int(pg.Offset)).Find(&works).Error; err != nil
internal/work/service.go,429,CreateWork,"errs.InternalMsg(""Work content Block store is not configured"")",s.contentBlocks == nil
internal/work/service.go,453,CreateWork,errs.Internal(err),err != nil
internal/work/service.go,627,loadCreatedWork,errs.Internal(err),"err := s.db.WithContext(ctx).First(&work, ""id = ?"", workID).Error; err != nil"
internal/work/service.go,644,DeleteWork,"errs.InternalMsg(""Work content Block store is not configured"")",s.contentBlocks == nil
internal/work/service.go,652,DeleteWork,errs.Internal(err),"err := s.db.WithContext(ctx).First(&work, ""id = ?"", req.Msg.Id).Error; err != nil"
internal/work/service.go,681,DeleteWork,errs.Internal(err),"err := tx.
	Where(""entity_type = ? AND entity_id = ?"", managev1.ShareLinkEntityType_SHARE_LINK_ENTITY_TYPE_WORK.String(), req.Msg.Id).
	Delete(&model.ShareLink{}).Error; err != nil"
internal/work/service.go,729,DeleteWork,errs.Internal(err),err != nil
internal/work/service.go,750,PublishWork,errs.Internal(err),"err := s.db.WithContext(ctx).First(&work, ""id = ?"", req.Msg.Id).Error; err != nil"
internal/work/service.go,788,PublishWork,errs.Internal(err),"err := s.db.WithContext(ctx).Transaction(func(tx *gorm.DB) error {
	if _, err := requireLockedWorkPermission(ctx, tx, s.spiceDB, work.ID, policyv1.Work.Publish, workAuthorizationMutation); err != nil {
		return err
	}
	if err := tx.Clauses(clause.Locking{Strength: ""UPDATE""}).First(&work, ""id = ?"", work.ID).Error; err != nil {
		return err
	}
	if work.Status == managev1.WorkStatus_WORK_STATUS_PUBLISHED.String() {
		return nil
	}
	now := time.Now()
	mutationNow = now
	updates := structured.Fields{""status"": managev1.WorkStatus_WORK_STATUS_PUBLISHED.String(), ""updated_at"": now}
	previous := sharedtelemetry.AuditStateDraft
	if work.Status == managev1.WorkStatus_WORK_STATUS_ARCHIVED.String() {
		previous = sharedtelemetry.AuditStateArchived
	} else {
		updates[""published_at""] = now
		changedFields = append(changedFields, ""state.published_at"")
		publishedAtChanged = true
	}
	if err := tx.Model(&work).Updates(updates).Error; err != nil {
		return err
	}
	lifecycleChanged = true
	return s.appendWorkAudit(ctx, tx, func(metadata sharedtelemetry.AuditMetadata) (sharedtelemetry.AuditRecord, error) {
		return sharedtelemetry.NewWorkLifecycleAuditRecord(metadata, work.ID, previous, sharedtelemetry.AuditStatePublished)
	})
}); err != nil"
internal/work/service.go,826,UnpublishWork,errs.Internal(err),"err := s.db.WithContext(ctx).First(&work, ""id = ?"", req.Msg.Id).Error; err != nil"
internal/work/service.go,856,UnpublishWork,errs.Internal(err),"err := s.db.WithContext(ctx).Transaction(func(tx *gorm.DB) error {
	lockedWork, err := requireLockedWorkPermission(ctx, tx, s.spiceDB, work.ID, policyv1.Work.Publish, workAuthorizationMutation)
	if err != nil {
		return err
	}
	if lockedWork.Status == managev1.WorkStatus_WORK_STATUS_ARCHIVED.String() {
		return errs.FailedPrecondition(""archived works must be published before they can be unpublished"")
	}
	if err := tx.Clauses(clause.Locking{Strength: ""UPDATE""}).First(&work, ""id = ?"", work.ID).Error; err != nil {
		return err
	}
	if work.Status == managev1.WorkStatus_WORK_STATUS_DRAFT.String() {
		return nil
	}
	mutationNow = time.Now().UTC()
	if err := tx.Model(&work).Updates(structured.Fields{""status"": managev1.WorkStatus_WORK_STATUS_DRAFT.String(), ""updated_at"": mutationNow}).Error; err != nil {
		return err
	}
	lifecycleChanged = true
	return s.appendWorkAudit(ctx, tx, func(metadata sharedtelemetry.AuditMetadata) (sharedtelemetry.AuditRecord, error) {
		return sharedtelemetry.NewWorkLifecycleAuditRecord(metadata, work.ID, sharedtelemetry.AuditStatePublished, sharedtelemetry.AuditStateDraft)
	})
}); err != nil"
internal/work/service.go,896,SetWorkFeaturedImage,errs.Internal(err),"err := s.db.WithContext(ctx).First(&work, ""id = ?"", req.Msg.WorkId).Error; err != nil"
internal/work/source_locale_document.go,69,loadWorkSourceLocaleDocumentStates,errs.Internal(result.Error),result.Error != nil
internal/work/target_locale_document.go,105,loadOptionalWorkLocaleMetadataRow,errs.Internal(err),err := query.Take(&row).Error; err != nil
internal/work/target_locale_document.go,116,deriveWorkTargetRevision,errs.Internal(err),err != nil
internal/work/target_locale_document.go,311,applyWorkTargetLocaleBatch,errs.Internal(deleted.Error),deleted.Error != nil
internal/work/target_locale_document.go,314,applyWorkTargetLocaleBatch,"errs.InternalMsg(""Work target locale disappeared while deleting"")",deleted.RowsAffected != 1
internal/work/target_locale_document.go,335,applyWorkTargetLocaleBatch,errs.Internal(created.Error),created.Error != nil
internal/work/target_locale_document.go,338,applyWorkTargetLocaleBatch,"errs.InternalMsg(""Work target locale could not be created"")",created.RowsAffected != 1
internal/work/target_locale_document.go,359,applyWorkTargetLocaleBatch,errs.Internal(updated.Error),updated.Error != nil
internal/work/target_locale_document.go,362,applyWorkTargetLocaleBatch,"errs.InternalMsg(""Work target locale disappeared while saving"")",updated.RowsAffected != 1
internal/work/target_locale_document.go,373,applyWorkTargetLocaleBatch,errs.Internal(err),"err := tx.WithContext(ctx).Table(""work"").Where(""id = ?::uuid"", workID).
	UpdateColumn(""updated_at"", now).Error; err != nil"
internal/work/translation_interchange.go,122,ApplyTranslationInterchange,errs.Internal(err),"err := translation.ValidateExpectedTargetRevision(
	mutation.ExpectedRevision, state.targetRevision, state.exists,
); err != nil"
internal/work/translation_interchange.go,190,ApplyTranslationInterchange,"errs.InternalMsg(""target Work interchange changed the source-owned Block view"")",result.TranslationSourceChanged
internal/work/translation_interchange.go,193,ApplyTranslationInterchange,"errs.InternalMsg(""Work interchange apply did not create its target locale"")",targetRevision == nil
internal/work/translation_interchange.go,208,validateWorkInterchangeMutation,"errs.InternalMsg(""Work translation interchange mutation is incomplete"")","mutation.WorkID == """" || mutation.Source == nil || mutation.Plan == nil || mutation.Targets == nil ||
	mutation.ProjectTargets == nil || mutation.BuildPatch == nil"
internal/work/translation_interchange.go,264,loadWorkInterchangeState,"errs.InternalMsg(""Work translation interchange load identity is invalid"")","tx == nil || store == nil || plan == nil || plan.EntityType != ""work"" ||
	plan.EntityID != workID || plan.TargetLocale != locale || project == nil"
internal/work/translation_interchange.go,402,workInterchangeTargetRevision,errs.Internal(result.Error),result.Error != nil
internal/work/translation_interchange.go,408,workInterchangeTargetRevision,errs.Internal(err),err != nil
internal/work/update.go,50,UpdateWork,errs.Internal(err),err != nil
internal/work/update.go,81,loadWorkForUpdate,errs.Internal(err),err != nil
internal/work/update.go,455,mapWorkUpdateError,errs.Internal(err),
internal/work/version_source_locale.go,54,switchWorkVersionRestoreSourceLocale,errs.Internal(result.Error),result.Error != nil
internal/work/version_source_locale.go,77,switchWorkVersionRestoreSourceLocale,errs.Internal(updated.Error),updated.Error != nil
internal/work/versions.go,36,ListWorkVersions,errs.Internal(err),"err := s.db.WithContext(ctx).Select(""id"", ""status"").Take(&root, ""id = ?"", req.Msg.WorkId).Error; err != nil"
internal/work/versions.go,56,ListWorkVersions,errs.Internal(err),"err := s.db.WithContext(ctx).
	Model(&model.WorkVersion{}).
	Where(""work_id = ?"", req.Msg.WorkId).
	Count(&total).Error; err != nil"
internal/work/versions.go,66,ListWorkVersions,errs.Internal(err),"err := s.db.WithContext(ctx).
	Where(""work_id = ?"", req.Msg.WorkId).
	Order(""version DESC"").
	Limit(int(limit)).
	Offset(int(offset)).
	Find(&versions).Error; err != nil"
internal/work/versions.go,75,ListWorkVersions,errs.Internal(err),err != nil
internal/work/versions.go,106,RestoreWorkVersion,"errs.InternalMsg(""Work content Block store is not configured"")",s.contentBlocks == nil
internal/work/versions.go,351,loadWorkVersionForRestore,errs.Internal(err),"err := s.db.WithContext(ctx).First(&version, ""id = ?"", versionID).Error; err != nil"
internal/work/versions.go,381,updateWorkVersionSourceMetadata,errs.Internal(result.Error),result.Error != nil
internal/work/versions.go,392,loadRestoredWork,errs.Internal(err),"err := s.db.WithContext(ctx).First(&work, ""id = ?"", workID).Error; err != nil"
scripts/test/integration/hook_proxy.go,200,serveControl,"http.Error(w, ""unauthorized"", http.StatusUnauthorized)","!proxy.authorized(request.Header.Get(""Authorization""))"
scripts/test/integration/hook_proxy.go,212,serveControl,"http.Error(w, ""invalid control request"", http.StatusBadRequest)",err := decoder.Decode(&payload); err != nil
scripts/test/integration/hook_proxy.go,216,serveControl,"http.Error(w, ""invalid control request"", http.StatusBadRequest)",err := requireJSONEnd(decoder); err != nil
scripts/test/integration/hook_proxy.go,223,serveControl,"http.Error(w, err.Error(), http.StatusServiceUnavailable)",err != nil
scripts/test/integration/hook_proxy.go,225,serveControl,"http.Error(w, ""invalid upstream hook URL"", http.StatusBadRequest)",err != nil
scripts/test/integration/hook_proxy.go,234,serveControl,"http.Error(w, ""integration hook registration is required"", http.StatusBadRequest)","strings.TrimSpace(revision) == """""
scripts/test/integration/hook_proxy.go,240,serveControl,"http.Error(w, err.Error(), http.StatusBadRequest)","!errors.Is(err, ErrHookProxyClosed)"
scripts/test/integration/hook_proxy.go,243,serveControl,"http.Error(w, err.Error(), http.StatusServiceUnavailable)",err != nil
scripts/test/integration/hook_proxy.go,249,serveControl,"http.Error(w, ""method not allowed"", http.StatusMethodNotAllowed)",
scripts/test/integration/hook_proxy.go,262,forward,"http.Error(w, ""integration hook upstream unavailable"", http.StatusServiceUnavailable)",upstream == nil
scripts/test/integration/hook_proxy.go,274,forward,"http.Error(w, ""integration hook upstream request invalid"", http.StatusBadGateway)",err != nil
scripts/test/integration/hook_proxy.go,288,forward,"http.Error(w, ""integration hook upstream failed"", http.StatusBadGateway)",err != nil
